date,open,high,low,close,volume
2021-08-02,142.6646588267022,143.23975875771586,141.58268384916155,141.8458709716797,62880000
2021-08-03,142.12858155366985,144.30227426975748,141.51448305654833,143.6394500732422,64786600
2021-08-04,143.55168904021573,144.05854922239413,142.58667948918819,143.23976135253906,56368300
2021-08-05,143.26906394319104,144.10735137016883,142.47951709743447,143.3470458984375,46397700
2021-08-06,142.86869219057516,143.61060825982952,142.16581806356817,142.66368103027344,54126800
2021-08-09,142.72222158501236,143.210327688173,142.0584044347056,142.61483764648438,48908700
2021-08-10,142.9565505100319,144.196344465899,141.84366893661831,142.13653564453125,69023100
2021-08-11,142.57578725696132,143.22984760890972,142.06815276895088,142.3903045654297,48493500
2021-08-12,142.7124810649403,145.50444888855472,142.37080079552103,145.34825134277344,72282600
2021-08-13,145.42638655047446,145.88520764627282,144.74304073624972,145.5532989501953,59375000
2021-08-16,145.00657783567002,147.59354953492934,142.98582599022765,147.52520751953125,103296000
2021-08-17,146.65636676617194,148.07187159409528,145.5434853619502,146.61732482910156,92229700
2021-08-18,146.23665278463994,147.13476660342323,142.6734678004844,142.87847900390625,86326000
2021-08-19,141.58005455752308,144.4794059910355,141.06266328178802,143.2103271484375,86960300
2021-08-20,143.93275769698107,144.96754045087513,143.28845394220284,144.6649169921875,60549600
2021-08-23,144.78206681885666,146.61735100093347,144.37205937525184,146.14877319335938,60131800
2021-08-24,145.89488253708254,147.2713450520436,145.60201595367184,146.0608367919922,48606400
2021-08-25,146.24636116832204,146.74423897086186,144.28417982272728,144.8308563232422,58991300
2021-08-26,144.82112485660906,145.5727977281921,144.00109506679658,144.03038024902344,48597200
2021-08-27,143.97177197062845,145.21156564308194,143.33723999505236,145.0651397705078,55802400
2021-08-30,145.45565533870288,149.83885461039787,145.07493307828,149.47764587402344,90956700
2021-08-31,149.02859613337498,149.16526528048843,147.69117494824357,148.2183380126953,86453100
2021-09-01,149.1945515081308,151.2934023311897,148.71620204197066,148.8821563720703,80313700
2021-09-02,150.20980882981786,151.03959539227287,148.7747752992504,149.9950408935547,71115500
2021-09-03,150.10241459437898,150.95172951907767,149.44835406806936,150.62957763671875,57808700
2021-09-07,151.28359099093745,153.51911015556547,150.71738618296104,152.96267700195312,82278300
2021-09-08,153.24578484904103,153.30435519689405,150.31714828986404,151.42027282714844,74420200
2021-09-09,151.79126431107525,152.39651120399355,150.28788894400816,150.40504455566406,57305700
2021-09-10,151.3129047338198,151.78148246152148,145.16276433644302,145.4263458251953,140893200
2021-09-13,147.04686479158386,147.81806596111582,145.21158088499752,145.9925537109375,102404300
2021-09-14,146.7735217186003,147.4763957492906,143.4153491043727,144.5965576171875,109296300
2021-09-15,145.02613374476746,145.88520555365383,142.88822588135704,145.48495483398438,83281300
2021-09-16,144.90896023332135,145.42635157507343,143.71798000246844,145.25062561035156,68034100
2021-09-17,145.27994241453277,145.27994241453277,142.29271983680104,142.58558654785156,129868800
2021-09-20,140.37932278347847,141.39457695669392,137.90950701335717,139.53977966308594,123478900
2021-09-21,140.50624891873463,141.16032435989862,139.38361057442205,140.0181427001953,75834000
2021-09-22,141.0138481925674,142.94674416241062,140.28168904837355,142.38055419921875,76404300
2021-09-23,143.16153904107028,143.581318108749,142.1755699033987,143.33726501464844,64838200
2021-09-24,142.19513310697567,143.96207555718027,142.09750588712538,143.42515563964844,53477900
2021-09-27,142.00961449990794,142.48796392317834,140.39887004950094,141.9119873046875,74150700
2021-09-28,139.84240736288436,141.30672576458994,138.31951860844126,138.53428649902344,108972300
2021-09-29,139.08095132289213,141.01384728022984,138.65141557774692,139.43238830566406,74602000
2021-09-30,140.2426397437822,140.94551367693097,137.91925008166186,138.13401794433594,89056700
2021-10-01,138.52452409983053,139.5202648503588,135.80089824481317,139.25668334960938,94639600
2021-10-04,138.3878720570302,138.82717957779718,134.98090012736012,135.8302001953125,98322000
2021-10-05,136.17189733013998,138.85648190904183,136.044984928838,137.75335693359375,80861100
2021-10-06,136.15236065284557,138.7686030429388,135.07852092806354,138.62217712402344,83221100
2021-10-07,139.65691457441454,140.78932429837576,139.32500600229986,139.88143920898438,61732700
2021-10-08,140.60384171370225,140.7502675851044,139.16880859069704,139.50071716308594,58773200
2021-10-11,138.88572424122802,141.36529686032225,138.43666004151856,139.41287231445312,64452200
2021-10-12,139.82286975119803,139.84239816609858,137.68496264197734,138.14378356933594,73035900
2021-10-13,137.88027267230362,138.0364553671229,135.88879063118128,137.55812072753906,78762700
2021-10-14,138.7295267040612,140.45742659800283,138.14379338196727,140.34027099609375,69907100
2021-10-15,140.35005282323274,141.45316264244676,140.0962280805495,141.39459228515625,67940300
2021-10-18,140.03765490452832,143.34701408719482,139.7545598847163,143.0639190673828,85589200
2021-10-19,143.51298745891924,145.62160993395176,143.06393807186709,145.2213592529297,76378900
2021-10-20,145.1627504339508,146.1877762179813,144.5965455732881,145.7094268798828,58418800
2021-10-21,145.27011876419027,146.0803765865811,144.3524770160413,145.92417907714844,61421000
2021-10-22,146.12919675335147,146.60753116579318,145.10417103326708,145.15298461914062,58883400
2021-10-25,145.14324421012236,145.8168331110648,144.10846150842693,145.1042022705078,50720600
2021-10-26,145.77779264971988,147.2518679421637,145.46539754636262,145.76803588867188,60893400
2021-10-27,145.80705169170784,146.168245431377,144.95775186240334,145.30918884277344,56094900
2021-10-28,146.25615073002083,149.5264533730465,146.15852353048365,148.94073486328125,100077900
2021-10-29,143.7179883048137,146.373287179863,142.92725865743117,146.2366180419922,124953200
2021-11-01,145.44588063726485,146.1389830509936,144.28418557941234,145.41659545898438,74588300
2021-11-02,145.12372094423125,147.96450225059075,145.11394928812004,146.4513702392578,69122000
2021-11-03,146.8125891838913,148.35500663634056,146.25615583539988,147.8864288330078,54511500
2021-11-04,147.9742194627662,148.8039907405044,147.05657778259774,147.3689727783203,60394600
2021-11-05,148.49331669815876,148.7963818494452,146.70423879606528,147.89695739746094,65463900
2021-11-08,148.02403856122066,148.18046407919945,146.80199217243356,147.0757293701172,55020900
2021-11-09,146.84107977637362,148.0435691533501,146.70421118808,147.43743896484375,56787900
2021-11-10,146.6651351263565,146.77267581374304,144.54366421842147,144.61209106445312,65187100
2021-11-11,145.62882237351127,146.0882980655143,144.37743321812488,144.5631866455078,41000000
2021-11-12,145.11063141972008,147.0365772200293,144.18187938974896,146.63575744628906,63804000
2021-11-15,147.00725921767452,148.48350051743287,146.08827812399716,146.64553833007812,59222800
2021-11-16,146.58690654221206,148.102247003654,146.00031832566742,147.62319946289062,59256200
2021-11-17,147.62321886773208,151.53376771191043,147.61344786594324,150.0575408935547,88807000
2021-11-18,150.27258025090998,155.12165110785514,149.62733629184328,154.33953857421875,137827700
2021-11-19,154.12446895909494,157.41911583313842,153.02952027938457,156.95962524414062,117305600
2021-11-22,158.064388202726,161.99449424357113,157.3996020130381,157.41915893554688,117467900
2021-11-23,157.51687668201387,158.18167763297342,155.5029467463392,157.80039978027344,96041900
2021-11-24,157.1551823252834,158.5140974575523,156.07000441983408,158.31857299804688,69463600
2021-11-26,156.00155632601601,156.8618668141861,152.8633347292546,153.3032684326172,76959800
2021-11-29,155.80603121042097,157.5853380225465,155.23899986098183,156.65658569335938,88748200
2021-11-30,156.41217318635103,161.8185054389282,156.34373142534065,161.60342407226562,174048100
2021-12-01,163.73460772134698,166.4915506684524,160.8505821336858,161.08522033691406,152052500
2021-12-02,155.1901268526862,160.52801734787488,154.27114554315142,160.0978546142578,136739200
2021-12-03,160.3520514474846,161.271032766341,156.14820866843903,158.22079467773438,118023100
2021-12-06,160.61596032861834,164.12568814988214,160.60618932990224,161.62294006347656,107497000
2021-12-07,165.2988844701773,167.7429772469704,164.57542763792551,167.35191345214844,120405400
2021-12-08,168.28069194116756,172.02504411674911,166.882663021836,171.1647186279297,116998900
2021-12-09,170.9985052389604,172.79735388590385,170.03063915946248,170.6563262939453,108923700
2021-12-10,171.29179439045112,175.61294836881706,170.78341894665584,175.4369659423828,115402700
2021-12-13,177.06962931153166,178.05705234389498,171.60464142456377,171.80995178222656,153237000
2021-12-14,171.33091243496327,173.76523433574428,168.3589020297747,170.43148803710938,139380400
2021-12-15,171.1940123824784,175.48583813344078,168.45662585148168,175.29031372070312,131063300
2021-12-16,175.27079308478832,177.08919884301145,166.9315491019716,168.40777587890625,150185800
2021-12-17,166.12984262332955,169.59068583995455,165.89521929851176,167.3127899169922,195432700
2021-12-20,164.51676029378936,166.76532847471316,163.71510567618958,165.95388793945312,107499100
2021-12-21,167.72340078083394,169.3267248588515,165.33796412188073,169.12142944335938,91185900
2021-12-22,169.1703411922784,171.92728536537462,168.30024464668514,171.7122039794922,92135300
2021-12-23,171.9174833311616,172.89512039322665,171.35045204505695,172.33786010742188,68356600
2021-12-27,173.12976761664484,176.38530127238838,173.11022561335014,176.2973175048828,74919600
2021-12-28,176.1311025117923,177.2749361221624,174.5375492742612,175.28054809570312,79144300
2021-12-29,175.31967594887476,176.5906072567406,174.15628532669507,175.36856079101562,62348900
2021-12-30,175.45652327947462,176.53193000592643,174.10737937130014,174.2149200439453,59773000
2021-12-31,174.1073900997929,175.2218958133562,173.29594950484335,173.59902954101562,64062300
2022-01-03,173.85319685203027,178.79026689432098,173.73588518068755,177.93971252441406,104487900
2022-01-04,178.54586564233023,178.84893075193062,175.1143499260673,175.68138122558594,99310400
2022-01-05,175.5934060632604,176.14088047095728,170.7345483186125,171.00828552246094,94537600
2022-01-06,168.83795333412328,171.37981619996555,167.80166021603034,168.1536102294922,96904000
2022-01-07,169.02367835082143,170.24572473108867,167.2052727402814,168.3197784423828,86709100
2022-01-10,165.29890311477462,168.6424206204467,164.40924966346103,168.33935546875,106765600
2022-01-11,168.46644539148625,171.26247339503044,166.99998962694013,171.1647186279297,76138300
2022-01-12,172.1814317936139,173.21772467571947,170.91051556767007,171.60462951660156,74805200
2022-01-13,171.84906951188285,172.6702811972984,167.9482916298187,168.33935546875,84505800
2022-01-14,167.50832321300913,169.89375992557677,167.26391395832079,169.19964599609375,80440800
2022-01-18,167.6745435442064,168.68150862321704,165.62151446360372,166.00279235839844,90956700
2022-01-19,166.19831524532339,167.25416515581253,162.22911080921511,162.5126190185547,94815000
2022-01-20,163.24581922868165,165.8854360990158,160.50843269303434,160.8310546875,91420500
2022-01-21,160.74310631081485,162.61039693927614,158.6705202245997,158.77806091308594,122848900
2022-01-24,156.44152655886694,158.6705384327714,151.2404889080489,158.0057373046875,162294600
2022-01-25,155.424720331175,159.1201868610098,153.50856023591945,156.2068328857422,115798400
2022-01-26,159.84366081362626,160.7137572085088,154.29068942101793,156.11886596679688,108275300
2022-01-27,158.81717279980649,160.17608801928634,154.74042714136695,155.65940856933594,121954600
2022-01-28,162.00421173203972,166.54044619647436,159.15928486994983,166.52088928222656,179935700
2022-01-31,166.3547503312831,171.08651082179728,165.71927719769477,170.87142944335938,115541600
2022-02-01,170.1186272242385,170.93006781127377,168.45664712970438,170.70521545410156,86213900
2022-02-02,170.8421090824681,171.94684394629172,169.45386598046034,171.90773010253906,84914300
2022-02-03,170.57811566132818,172.29876649074853,168.27089152715305,169.033447265625,89418100
2022-02-04,168.05457472378333,170.4234840013588,167.07569202403184,168.7495880126953,82465400
2022-02-07,169.20965988540354,170.2766384169295,167.33999039041194,168.03500366210938,77251200
2022-02-08,168.1035042386361,171.64706939744136,167.80983647215697,171.13804626464844,74829200
2022-02-09,172.3322952525055,172.91961588647231,171.20657123174874,172.55743408203125,71285000
2022-02-10,170.46260694632986,171.77430598076174,167.92730472233933,168.48526000976562,90865900
2022-02-11,168.6908451580762,169.42500712943504,164.49143031742815,165.07876586914062,98670700
2022-02-14,163.83558309476697,165.99892030677,163.04269054419584,165.31370544433594,86185500
2022-02-15,167.3595849608588,169.29776862360237,166.65478818594016,169.14114379882812,62527400
2022-02-16,168.2209893560315,169.67951494494773,166.45899759893967,168.9062042236328,61177400
2022-02-17,167.4182971510757,168.27971865617212,164.91235997613748,165.31370544433594,69589300
2022-02-18,166.23386310925557,166.93864489391834,162.68051421778296,163.76707458496094,82772700
2022-02-22,161.49607262837773,163.16996871038384,158.7258326412145,160.8500213623047,91162800
2022-02-23,162.04423283731927,162.6413518716535,156.37650867254357,156.68975830078125,90009200
2022-02-24,149.35790916683425,159.4110376690062,148.79015546543386,159.30335998535156,141147500
2022-02-25,160.38012393186045,161.6330924831591,157.47284137265066,161.36880493164062,91974200
2022-02-28,159.6166064975814,161.9267702066246,158.99990563300975,161.6331024169922,95056600
2022-03-01,161.2219862371019,163.08187242749526,158.54964050687724,159.753662109375,83474400
2022-03-02,160.91855062373517,163.82583387430233,159.50895693417934,163.042724609375,79724800
2022-03-03,164.91236813214016,165.34307890598984,162.0540324670775,162.71966552734375,76678400
2022-03-04,161.01640589639365,162.05401907314567,158.67687705595137,159.72427368164062,83737200
2022-03-07,159.91026569329455,161.53521443024337,155.68148559760553,155.93600463867188,96418800
2022-03-08,155.46617371481233,159.44043549933374,152.50994347183405,154.1153106689453,131148300
2022-03-09,158.06996768709067,159.95921898709753,156.04368834876885,159.50892639160156,91454900
2022-03-10,156.81697023000987,157.00296029096637,152.6860849715575,155.17245483398438,105342000
2022-03-11,155.57379764949783,155.91641251914996,151.23735509056115,151.46249389648438,96970100
2022-03-14,148.2517595892854,150.86537421208124,146.9302771053436,147.4392852783203,108732100
2022-03-15,147.7133603864597,152.2847547162285,147.204352250739,151.81488037109375,92964300
2022-03-16,153.73352378158447,156.6212246232631,151.19822129277074,156.21987915039062,102300200
2022-03-17,155.26055517399735,157.6000837703935,154.30125449850178,157.2281036376953,75615400
2022-03-18,157.1204422875064,161.0066074424884,156.3862803303168,160.5171661376953,123511700
2022-03-21,160.0571133745572,162.8371517415441,159.5676719986422,161.88763427734375,95811400
2022-03-22,162.01486028186812,165.84229498697943,161.42753966012307,165.25497436523438,81532000
2022-03-23,164.44251031244588,168.99430889731204,164.1096788423283,166.61563110351562,98062700
2022-03-24,167.44764277770662,170.46260275503545,166.6156015912022,170.3940887451172,90131400
2022-03-25,170.20812239603873,171.57855215101324,169.1019802060181,171.03038024902344,80546200
2022-03-28,168.53420969754978,172.019029244763,168.36780145361686,171.89178466796875,90371900
2022-03-29,172.95877935054617,175.22977935165113,172.6161644453855,175.18084716796875,100589400
2022-03-30,174.77950323773482,175.81711647524634,172.96856432856262,174.01597595214844,92633200
2022-03-31,174.08448573079536,174.27047582290578,170.7171270473916,170.92269897460938,103049300
2022-04-01,170.35492714540266,171.18698327855927,168.30906622272897,170.62901306152344,78751300
2022-04-04,170.88355800105404,174.72077634534207,170.75629847192283,174.6718292236328,76468400
2022-04-05,173.7516811601631,174.53479031608524,170.73672061862993,171.3632049560547,73401800
2022-04-06,168.72019203962893,169.96337702443967,166.53728819844997,168.20138549804688,89058800
2022-04-07,167.5455363451221,169.69907490999924,166.2632026288955,168.5048370361328,77594700
2022-04-08,168.15246782773184,168.15246782773184,165.62694868711696,166.49815368652344,76575500
2022-04-11,165.14733195722772,165.46056670176083,162.00511144117354,162.2498321533203,72246700
2022-04-12,164.4718899777678,166.2828141709391,163.12102695263263,164.11949157714844,79265200
2022-04-13,163.85512872257044,167.4280436035417,163.24822639803168,166.8015594482422,70618900
2022-04-14,167.01696134936807,167.6532440657547,161.55479409572018,161.7995147705078,75329400
2022-04-18,160.45844346214486,163.08185675186522,160.11584349387897,161.58416748046875,69023900
2022-04-19,161.53521398147984,164.2760883021938,160.44865367684753,163.8649444580078,67723800
2022-04-20,165.19622127922986,165.31369734743882,162.59240492951264,163.6985321044922,67929800
2022-04-21,165.34307817395856,167.90774603308134,162.4064301142371,162.90565490722656,87227800
2022-04-22,162.9447923826861,164.32500539707067,158.08952846576778,158.37339782714844,84882400
2022-04-25,157.71754117840766,159.72425325965065,155.11372512050855,159.4403839111328,96046400
2022-04-26,158.82373899686115,158.9118348666905,153.4105181477024,153.48883056640625,95623200
2022-04-27,152.61759051221244,156.41564486229873,152.0987839265491,153.26365661621094,88063200
2022-04-28,155.88707729102597,161.04579354437072,155.57382764277364,160.1843719482422,130216800
2022-04-29,158.42236732431553,162.69029635210208,153.92929946524063,154.3208465576172,131747600
2022-05-02,153.40067973909794,154.88857035171824,150.0333216240582,154.62428283691406,123055300
2022-05-03,154.81031244687898,157.31626501989302,153.01897002538345,156.1122283935547,88966500
2022-05-04,156.29818841895514,162.964376768375,155.8968429541357,162.51409912109375,108256500
2022-05-05,160.38991736716943,160.61505617925764,151.6778534074066,153.4594268798828,130525300
2022-05-06,152.9398334410661,156.30234136161945,151.14584468974874,154.18484497070312,116124600
2022-05-09,151.88112823098254,152.76342612282588,148.5088364921623,149.06761169433594,131577900
2022-05-10,152.4594939260044,153.65548649022554,149.92045170349726,151.4693603515625,115366700
2022-05-11,150.4792663261752,152.3908891933398,142.94059580220576,143.6170196533203,142689800
2022-05-12,139.9604516553776,143.32294594487018,136.06857557991273,139.75457763671875,182602000
2022-05-13,141.74458368466105,145.18551933414366,140.29371306035543,144.21499633789062,113990900
2022-05-16,142.68568558350242,144.61691862288893,141.34263600841436,142.67587280273438,86643800
2022-05-17,145.9305890667493,146.82268479374127,143.79348144376362,146.30311584472656,78336300
2022-05-18,143.96016331731076,144.46012170643934,137.14691952570857,138.048828125,109742900
2022-05-19,137.12725902913175,138.87222861134381,133.91180845347094,134.6470489501953,136095600
2022-05-20,136.3528515735585,137.93116906609265,130.00037534307543,134.8823699951172,137426100
2022-05-23,135.07841705772444,140.44077384848245,134.94117272312687,140.29373168945312,117726300
2022-05-24,138.03899606760518,139.17617200488684,134.62748321427134,137.5978546142578,104132700
2022-05-25,135.70583264997845,138.99971190055481,135.61760734755066,137.7547149658203,92482700
2022-05-26,134.68629593603174,141.49952360823445,134.44121569632296,140.95054626464844,90601500
2022-05-27,142.5288422380691,146.73441193920726,142.4013957458045,146.69520568847656,90978500
2022-05-31,146.1364342695409,147.69514080945274,143.9503080341332,145.91094970703125,103718400
2022-06-01,146.95007745203338,148.753879037452,144.77376414576858,145.78350830078125,74286600
2022-06-02,144.9208398093746,148.2931460840145,143.96992734384497,148.2343292236328,72348100
2022-06-03,144.00910439920688,145.05805472503135,141.61713446378366,142.51902770996094,88570300
2022-06-06,144.13655344098794,145.64625571792195,142.04846553260185,143.26406860351562,71598400
2022-06-07,141.5093091448792,146.06779474236185,141.26422895235845,145.78350830078125,67808200
2022-06-08,145.65608826850138,146.92069570984725,144.5581335933167,145.0482940673828,53950200
2022-06-09,144.18562036487367,145.0384948829892,139.72515664096548,139.83299255371094,69473000
2022-06-10,137.5194322486073,137.98998215242344,134.36279735008839,134.43142700195312,91437900
2022-06-13,130.25522177759234,132.53937106937602,128.85337019356888,129.2847137451172,122207100
2022-06-14,130.51009821175379,131.25513655089347,128.89256009857948,130.14736938476562,84784300
2022-06-15,131.64729675078482,134.63727870714717,129.55922325217023,132.76486206054688,91533000
2022-06-16,129.48077871917013,129.78467578709342,126.50059498012912,127.50052642822266,108123900
2022-06-17,127.51033981148552,130.4611001773296,127.25544681769559,128.97100830078125,134520300
2022-06-21,130.7943843000857,134.36275100339577,130.696361206463,133.1961669921875,81000500
2022-06-22,132.13743964836019,135.04899374439105,131.27476747959807,132.68643188476562,73409200
2022-06-23,134.12750324123766,135.8626603415122,132.9609190593017,135.54896545410156,72433800
2022-06-24,137.1468791706762,139.117333627322,137.01944763359853,138.87225341796875,89116800
2022-06-27,139.89178050713437,140.66624234545563,138.19582964679236,138.87225341796875,70207900
2022-06-28,139.33302894232776,140.59763645444562,134.61768731128618,134.73532104492188,67083400
2022-06-29,134.7548943447595,137.90171551636791,133.98043259004706,136.49005126953125,66242400
2022-06-30,134.54906419941244,135.6470189893978,131.13755113159218,134.0294952392578,98964500
2022-07-01,133.36282702594735,136.3037892489926,132.99031531614665,136.19595336914062,71051600
2022-07-05,135.05879144662464,138.82321946775843,134.23531066321448,138.77420043945312,73353800
2022-07-06,138.56835645511603,141.28383440664965,138.30366564043456,140.10745239257812,74064300
2022-07-07,140.47020604245932,143.66606245207848,140.46040821637013,143.47000122070312,66253700
2022-07-08,142.4014377182976,144.646381415915,142.14655961715215,144.1464080810547,64547800
2022-07-11,142.80334848304327,143.7542609845207,140.95054251842944,142.0190887451172,63141600
2022-07-12,142.89157069008422,145.52863633565593,142.19555121961218,142.98960876464844,77588800
2022-07-13,140.1760748610569,143.5679764107693,139.32318560371215,142.6268768310547,71185600
2022-07-14,141.2446104323155,146.01876752832248,140.43094244372892,145.5482177734375,78140700
2022-07-15,146.83245817528143,147.8912065060331,145.2835494113212,147.21478271484375,76259900
2022-07-18,147.77357228115997,148.58724039251226,143.81306761767442,144.17579650878906,81420900
2022-07-19,145.0090674390563,148.25392726287154,144.01894870347078,148.02845764160156,82982400
2022-07-20,148.14613590900797,150.6949770287882,147.41089500428458,150.02835083007812,64823400
2022-07-21,151.45956799212024,152.50851845862235,148.94994906470606,152.2928466796875,65086600
2022-07-22,152.33206789895848,153.20455292364784,150.3910366563313,151.05764770507812,66675400
2022-07-25,150.97921649648936,151.9889458272938,149.28326552705713,149.94007873535156,53623900
2022-07-26,149.2636538636445,150.07732200029463,147.83239373585778,148.6166534423828,55138700
2022-07-27,149.57732622332216,154.23384929996675,149.16559334630273,153.7044677734375,78620700
2022-07-28,153.8907653704556,154.53778073211737,151.37134852302864,154.2534942626953,81378700
2022-07-29,158.06696899861157,160.4099356728857,156.36120501340108,159.3119659423828,101786900
2022-08-01,157.84145882480365,160.3706884793457,157.72382510643268,158.3316192626953,67829400
2022-08-02,156.94941580554178,159.2139551778832,156.48866368683446,156.86117553710938,59907000
2022-08-03,157.67479700322565,163.3116417148104,157.58657171952117,162.86070251464844,82507500
2022-08-04,162.74307352499065,163.89986001020398,161.19416464799912,162.54701232910156,55474100
2022-08-05,160.22039768650808,162.8120387299593,160.0142377831412,162.32119750976562,56697000
2022-08-08,163.32254540690658,164.7361708864107,161.19229575323052,161.8500213623047,60276900
2022-08-09,161.01557009848563,162.78260161908204,160.2596703687026,161.89907836914062,63135500
2022-08-10,164.60856166738782,166.23815868025727,163.84285029590276,166.13999938964844,70170500
2022-08-11,166.9449356294848,167.85790820975464,165.10919401506573,165.40370178222656,57149200
2022-08-12,166.70936592550703,169.01631131920942,166.2970460032489,168.94760131835938,68039400
2022-08-15,168.37818541775778,170.21392688656005,168.21130119143814,170.01759338378906,54091700
2022-08-16,169.61511402434292,170.52808660786044,168.51563433427114,169.86053466796875,56377100
2022-08-17,169.60528281111644,172.92335934005538,169.4089493149704,171.35267639160156,79542000
2022-08-18,170.5673396933382,171.69626861182405,169.94887490568271,170.9600067138672,62290100
2022-08-19,169.86053968443733,170.55754092380556,168.1720444080825,168.37820434570312,70346300
2022-08-22,166.58171149389958,166.74859572706774,164.0784180378036,164.50054931640625,69026800
2022-08-23,164.0195474098714,165.61969500518398,163.597416059393,164.1667938232422,54147100
2022-08-24,164.25514348994625,165.03066617037743,163.2047358944321,164.46128845214844,53841500
2022-08-25,165.688378388784,167.02346724627097,165.2662620854037,166.9154815673828,51218200
2022-08-26,167.44563181749547,167.91683533755338,160.5640262370915,160.6229248046875,78961000
2022-08-29,158.19813716461735,159.91608162954805,156.89251255304256,158.42393493652344,73314000
2022-08-30,159.1602105704912,159.58232691391927,154.83098655063566,155.9991912841797,77906200
2022-08-31,157.37354474862363,157.6386032608909,154.2616125155062,154.34014892578125,87991100
2022-09-01,153.77073087696763,155.51812435449008,151.83681534634707,155.06655883789062,74229900
2022-09-02,156.82379496598037,157.42262194968552,152.13135334781393,152.95596313476562,76957800
2022-09-06,153.60386838160778,154.21250676362826,150.8747921160952,151.69940185546875,73714800
2022-09-07,151.9841232844313,153.80022729759784,150.79628062278962,153.10324096679688,87449600
2022-09-08,151.80737191866996,153.49586691377095,149.88326774543208,151.63067626953125,84923800
2022-09-09,152.62220516793604,154.92916542303703,151.91539245059826,154.48739624023438,68028800
2022-09-12,156.66669857838036,161.25115382171967,156.3820172588061,160.4363555908203,104956000
2022-09-13,156.97104316313002,157.59931943362142,150.56065692569356,151.0220489501953,122656600
2022-09-14,151.95465448242936,154.22235404144755,150.79627611743592,152.4651336669922,87965400
2022-09-15,151.81721471946022,152.3964188629796,148.60712326254628,149.5789794921875,90481100
2022-09-16,148.44022763272653,148.57766259301448,145.65223775657734,147.93955993652344,162278800
2022-09-19,146.5750321533895,151.72886599832884,146.36888718799335,151.65032958984375,81474200
2022-09-20,150.5900968013731,155.1843789131033,150.2759661753886,154.02598571777344,107689800
2022-09-21,154.4579373320565,155.83230196535132,150.78645397951445,150.9042510986328,101696800
2022-09-22,149.58880860884872,151.64052177438083,148.14573389948876,149.9422149658203,86652500
2022-09-23,148.42061851178616,148.69548848555903,145.83878806603744,147.67453002929688,96029900
2022-09-26,146.91861726875362,150.95333323742267,146.8989794231201,148.00828552246094,93339400
2022-09-27,149.9422080635759,151.88593544780034,147.20330517830297,148.9801483154297,84442700
2022-09-28,144.93563790031018,147.88068609523327,142.18692325585735,147.0953369140625,146691400
2022-09-29,143.42384928540386,144.0324877695267,138.10311583907216,139.87014770507812,128138200
2022-09-30,138.69210195416497,140.4787712884576,135.47218456289696,135.66851806640625,124925300
2022-10-03,135.67834355315813,140.44932105441077,135.16786446408517,139.84066772460938,114311700
2022-10-04,142.37346603599343,143.54167105288877,141.6175660287155,143.4238739013672,87830100
2022-10-05,141.43101553965928,144.6803824609242,140.39041942925496,143.71832275390625,79471000
2022-10-06,143.13912691743977,144.8374334955695,142.5599378213271,142.76608276367188,68402200
2022-10-07,139.9290298735793,140.47878470691822,136.8956342636469,137.52391052246094,85925600
2022-10-10,137.8478546142578,139.2909290851068,136.0317509799681,137.8478546142578,74899000
2022-10-11,137.33738075448184,138.76083241469453,135.68816128454225,136.43423461914062,77033700
2022-10-12,136.58149154588781,137.78895683135124,135.6292583188671,135.8059539794922,70433700
2022-10-13,132.51732843397534,140.95978909716513,131.90867508719168,140.37078857421875,113224000
2022-10-14,141.66658426591152,141.87274416009623,135.6586927916983,135.84521484375,88598000
2022-10-17,138.48598615048115,140.282452315822,137.7006369919499,139.8014373779297,85250900
2022-10-18,142.825015544548,144.0128431743189,138.03439937209953,141.11688232421875,99136600
2022-10-19,139.09460416043055,142.2948839097448,138.9080820775627,141.224853515625,61758300
2022-10-20,140.40022528755236,143.21764906737312,140.03699260265552,140.76344299316406,64522000
2022-10-21,140.2530052619691,145.14179598739213,140.03703386545854,144.57241821289062,86548600
2022-10-24,144.493896124247,147.47820529483582,143.32569117619283,146.71249389648438,75981900
2022-10-25,147.34075911907576,149.6968066869272,146.62413491177585,149.54954528808594,74732300
2022-10-26,148.19481318791426,149.20594507644813,145.32828678897533,146.6143035888672,88194300
2022-10-27,145.35776595535313,146.3198108162611,141.48993368404496,142.1476593017578,109180200
2022-10-28,145.4853576495381,154.61500878306214,145.11232844918345,152.8872528076172,164762400
2022-10-31,150.35449330723716,151.4147121907347,149.1372016307876,150.53118896484375,97943200
2022-11-01,152.2393339638939,152.60255171953904,146.3983256985316,147.89047241210938,80379300
2022-11-02,146.22162239502856,149.3826416112209,142.34397906464244,142.37342834472656,93604600
2022-11-03,139.45781809061094,140.18426855678922,136.20845130657773,136.33607482910156,97918500
2022-11-04,139.71863139573108,140.2889534742064,132.13731334421504,136.070556640625,140814800
2022-11-07,134.82178704829124,136.8277351131925,133.40581664759068,136.60157775878906,83374600
2022-11-08,138.06672226567503,139.069688836373,135.19545550623369,137.17190551757812,89908500
2022-11-09,136.18859544917657,136.23776400792798,132.34384521853534,132.61917114257812,74917800
2022-11-10,138.88286812786214,144.4188995361328,137.171901375878,144.4188995361328,118854000
2022-11-11,143.38642351170455,147.50648417895965,141.96061049585242,147.20166015625,93979700
2022-11-14,146.48384590068005,147.77198095425382,144.96953850636208,145.80535888671875,73374100
2022-11-15,149.67960607049233,151.02673737922098,146.08068410249945,147.53598022460938,89868300
2022-11-16,146.64119143040293,147.36883205309908,144.83188757505272,146.30685424804688,64218300
2022-11-17,143.98625266251898,148.95197725260945,143.71092672522755,148.2046661376953,80389400
2022-11-18,149.76810292744864,150.15159363499748,147.4671586821555,148.76512145996094,74829600
2022-11-21,147.65396813268248,147.86045501907074,145.25468713947097,145.5398406982422,58724100
2022-11-22,145.65788443814483,147.909660354169,144.47789906303868,147.6736602783203,51804100
2022-11-23,146.95582360996656,149.29610855403772,146.8476588015229,148.54879760742188,58301400
2022-11-25,145.83488861865806,146.39538323134536,144.6647458342524,145.6382293701172,35195900
2022-11-28,142.7177546502144,144.19272111621666,140.9871327315936,141.8131103515625,69246000
2022-11-29,141.8819517027843,142.39327767480953,138.007718580844,138.81402587890625,83763800
2022-11-30,139.04019702693043,146.23804217919428,138.20439151332914,145.55955505371094,111380900
2022-12-01,145.7365320270306,146.64117635966434,144.1632284025417,145.83485412597656,71250400
2022-12-02,143.52408428382984,145.53003217962117,143.21924526160134,145.34320068359375,65447400
2022-12-05,145.3038811249747,148.4013049961633,143.33725898348703,144.1829071044922,68826400
2022-12-06,144.61557170242608,144.8417290558683,139.55151049910586,140.52499389648438,64727200
2022-12-07,139.81699890501977,140.97729872796708,137.6635453309665,138.58786010742188,69721100
2022-12-08,139.9841640195035,141.12480845757423,138.7451974772698,140.26931762695312,62128300
2022-12-09,139.96447961702353,143.14058484738695,138.5485094221092,139.78749084472656,76097000
2022-12-12,140.3184631007223,142.08842573001988,138.70583381716978,142.07859802246094,70462700
2022-12-13,147.00499369488003,147.46715106267968,141.83278326469596,143.04225158691406,93886200
2022-12-14,142.9242617747897,144.21239680146076,138.80418622868987,140.81997680664062,82291200
2022-12-15,138.75503452609877,139.43352160827794,133.7598121718234,134.2219696044922,98931900
2022-12-16,134.4088086870883,135.35277902524194,131.4982009688156,132.2651824951172,160156900
2022-12-19,132.8551509782634,132.94364536804903,129.12840885731634,130.16087341308594,79592600
2022-12-20,129.1972093009086,131.02616804412892,127.72224305650941,130.09202575683594,77432800
2022-12-21,130.76070405901197,134.52678732015247,130.5345467103143,133.18948364257812,85928000
2022-12-22,132.10783812958184,132.31432503613755,128.1254256005218,130.02320861816406,77852100
2022-12-23,128.73507853958517,130.21004508793624,127.47644161865645,129.65939331054688,63814900
2022-12-27,129.18744638009963,129.21694451944998,126.57183466067443,127.85997009277344,69007800
2022-12-28,127.505939784758,128.8432433891337,123.76936236246999,123.9365234375,85438400
2022-12-29,125.8539710621533,128.30241331797103,125.59831560715067,127.44693756103516,75703700
2022-12-30,126.26698977683235,127.78128236285382,125.30334153820444,127.76161193847656,77034200
2023-01-03,128.10576142344397,128.71540946850325,122.09773035328112,122.98271179199219,112117500
2023-01-04,124.77232854118719,126.51279316144961,122.99253808389423,124.25117492675781,89113600
2023-01-05,125.0083349534918,125.63765344479737,122.67789249421179,122.93354797363281,80962700
2023-01-06,123.90706299247366,128.1156267892177,122.80575160036328,127.4568099975586,87754700
2023-01-09,128.29262549469274,131.18356309444624,127.72230314471543,127.97795867919922,70790800
2023-01-10,128.08610610497774,129.06941726347972,125.98182082594903,128.5482635498047,63896200
2023-01-11,129.05956971451124,131.28184718963053,128.28276062052532,131.26219177246094,69458900
2023-01-12,131.64567480294028,132.0193227611732,129.24639368399414,131.1835174560547,71379600
2023-01-13,129.8265664212103,132.6683349676498,129.46274610687883,132.51100158691406,57809700
2023-01-17,132.5798345273993,134.99877137842552,131.89151977321038,133.6713104248047,63646600
2023-01-18,134.53663801277594,136.2967583598761,132.77650266153844,132.95350646972656,69672800
2023-01-19,131.84236946093412,133.9761529962307,131.5375453850544,133.01251220703125,58280400
2023-01-20,133.02231973826562,135.71659745917918,131.98001240951498,135.569091796875,80223600
2023-01-23,135.81494462926892,140.92817511679004,135.59861495460586,138.7550506591797,81760300
2023-01-24,137.96838472187488,140.77082749424633,137.95855701188813,140.15133666992188,66435100
2023-01-25,138.53869500355867,140.0529874380773,136.49340619294276,139.4925079345703,65799300
2023-01-26,140.78064047196506,141.8426182007582,139.53183124401355,141.55746459960938,54105100
2023-01-27,140.7708371263728,144.77290596887224,140.69217042868402,143.49459838867188,70555800
2023-01-30,142.54077586673455,143.12092578303154,140.46598895897412,140.6134796142578,64015300
2023-01-31,140.31849689379183,141.93112656571586,139.90550801485074,141.8819580078125,65874500
2023-02-01,141.56728874190614,144.16322923439725,138.96152054070433,143.00291442871094,77663600
2023-02-02,146.41500811186492,148.65695608667727,145.69719525256042,148.302978515625,118339000
2023-02-03,145.5595309829737,154.75349514117664,145.36287177724367,151.9215545654297,154357300
2023-02-06,150.02377712562708,150.54493079230497,148.26364190831887,149.19778442382812,69858300
2023-02-07,148.12597415973434,152.63936822302708,148.12597415973434,152.0690460205078,83322600
2023-02-08,151.31190929849808,152.0002240332312,148.64712974900903,149.38461303710938,64120100
2023-02-09,151.213581264491,151.75440537570756,147.9096553354024,148.35214233398438,56007100
2023-02-10,147.19007494553122,149.04151212756338,146.95371454850684,148.71652221679688,57450700
2023-02-13,148.65743217523777,151.91715888947925,148.62788900472555,151.51339721679688,62199000
2023-02-14,149.80964612462722,151.4345954776921,148.56878800441328,150.8732452392578,61707600
2023-02-15,150.7846469892343,153.13834833360136,150.55814431502776,152.97093200683594,65573800
2023-02-16,151.17855953849067,153.95573796607766,151.02100096105386,151.3755340576172,68167900
2023-02-17,150.03617955770974,150.67630162569367,148.55896091432058,150.23313903808594,59144100
2023-02-21,147.9188390818426,149.00213887625634,146.15603126407484,146.22496032714844,58867200
2023-02-22,146.60900607426132,147.67260518894304,144.92498541296462,146.64840698242188,51011300
2023-02-23,147.810473815914,148.0566768897737,145.0037677901394,147.13095092773438,48394200
2023-02-24,144.87576101262292,144.9545478123535,143.50687229977612,144.48184204101562,55469600
2023-02-27,145.46664446890208,146.90446214048941,145.21058363066865,145.67344665527344,44998500
2023-02-28,144.8166705381309,146.8158385647427,144.6000106018143,145.17120361328125,50547000
2023-03-01,144.6000382811085,144.9939573168816,142.80767210613058,143.10311889648438,55479000
2023-03-02,142.1872382713636,144.48185327566276,141.7145174362223,143.69400024414062,52238100
2023-03-03,145.79162671403117,148.81500811176437,145.09241829817535,148.73622131347656,70732300
2023-03-06,151.45426669807628,153.92615502016272,151.12929188498998,151.49366760253906,87558000
2023-03-07,151.36562767071513,151.69061749037596,148.8346682054165,149.2975311279297,56182000
2023-03-08,150.48917721139935,151.1391569879468,149.5240652876753,150.5482635498047,47204800
2023-03-09,151.2277963802791,152.1929083670859,147.9483691410299,148.3029022216797,53833600
2023-03-10,147.92866457828165,148.64757336129242,145.3681465462101,146.24462890625,68572400
2023-03-13,145.56510332314932,150.81415467329558,145.4567733693173,148.18470764160156,84457100
2023-03-14,148.98243524821328,151.07023295988367,147.82036369988242,150.2725372314453,73695900
2023-03-15,148.89380784086057,150.92251923505987,147.64309172837056,150.66647338867188,77167900
2023-03-16,149.84907174243986,154.08376844517147,149.33696504123728,153.4830322265625,76161100
2023-03-17,153.70951897971963,154.35949876084172,151.93685367986137,152.6459197998047,98944600
2023-03-20,152.71487589238697,155.42311016638172,151.80883520237765,155.0094757080078,73641400
2023-03-21,154.93069227015488,156.9790888157361,154.1625247817563,156.8609161376953,73938300
2023-03-22,156.88061300312046,159.6774765177441,155.41323716716616,155.4329376220703,75701800
2023-03-23,156.41776312286146,159.0964541870748,155.28521978995877,156.5162353515625,67622100
2023-03-24,156.44728881765926,157.90480687220796,155.45263376473136,157.81617736816406,59196500
2023-03-27,157.5108907515981,158.3282868109909,155.4723219600322,155.8760986328125,52390300
2023-03-28,155.57082346557496,156.0829301456233,153.6110412861723,155.25567626953125,45992200
2023-03-29,156.94957673019417,158.60406968566105,156.929891297985,158.3283233642578,51305700
2023-03-30,159.07675364456477,160.00247975071784,158.82070781762587,159.89414978027344,49501700
2023-03-31,159.97293860815142,162.49405610459849,159.45098920585787,162.39556884765625,68749800
2023-04-03,161.7751332479675,163.76444342844442,161.725889623748,163.64627075195312,56976200
2023-04-04,164.06975594835677,164.30610131295074,162.60238002597387,163.11448669433594,46278300
2023-04-05,162.23798454444034,162.54327395468036,159.3426339632527,161.27285766601562,51511700
2023-04-06,159.96311293315853,162.45470278445305,159.53965070291807,162.1592559814453,45390100
2023-04-10,158.96841666370352,159.56915283203125,157.64877164706385,159.56915283203125,47716900
2023-04-11,159.88431146406083,159.89415417908276,158.07224508795338,158.35784912109375,47644200
2023-04-12,158.77144201112134,159.59868074602483,157.35330987869057,157.66845703125,50133100
2023-04-13,159.1752417539843,163.28190788405584,158.96842452673738,163.04554748535156,68445600
2023-04-14,162.09025757823102,163.79399372639534,161.33196290458474,162.7008514404297,49386500
2023-04-17,162.58270789230806,162.87815467656333,161.53880894471416,162.7205810546875,41516200
2023-04-18,163.5773508935462,164.8674527745674,163.13417327770642,163.9417266845703,49923000
2023-04-19,163.2819130529251,165.60607111909823,163.02585218946155,165.08412170410156,47720200
2023-04-20,163.56748026442403,165.3204450523275,163.04553091898333,164.1189727783203,52456400
2023-04-21,162.5432913390932,163.9220227028112,161.991798793606,162.5137481689453,58337300
2023-04-24,162.49407133338445,163.08496487632468,161.400928797878,162.81906127929688,41949600
2023-04-25,162.68120807317698,163.7841934597457,161.24337495678657,161.28277587890625,48714100
2023-04-26,160.58349205788602,162.76977657727082,160.32744626830737,161.27285766601562,45498800
2023-04-27,162.6811372537476,165.9999497127407,162.6811372537476,165.85223388671875,64902300
2023-04-28,165.93103698503495,167.2703823718156,165.33030085507355,167.1029510498047,55275900
2023-05-01,166.7090842619925,167.8613132597454,166.07880476680162,167.01437377929688,52472900
2023-05-02,167.50674796522142,167.76280882251325,164.9954731830596,165.98028564453125,48425700
2023-05-03,166.925713661642,168.32414556576836,164.6212560883793,164.90684509277344,65136000
2023-05-04,162.38573893481126,164.50307988258416,161.81454585901537,163.27206420898438,81235400
2023-05-05,168.38320830672657,171.65279246173276,168.16654839153733,170.9338836669922,113453200
2023-05-08,169.86044681233003,171.20965008439242,169.49607101524845,170.86495971679688,55962800
2023-05-09,170.42179836441701,170.9043468501181,168.993823309898,169.16123962402344,45326900
2023-05-10,170.39224965147537,171.38690478906514,169.28924951921832,170.92404174804688,53724500
2023-05-11,171.20964753246403,171.93839911576495,169.5551548305296,171.1111602783203,49514700
2023-05-12,171.21962961924467,171.653548851867,168.6358569767775,170.1841583251953,45533100
2023-05-15,170.76601261404946,170.815324358024,169.09937498339835,169.6910858154297,37266700
2023-05-16,169.61219003463674,170.74628490689332,169.42481443623242,169.6910858154297,42110300
2023-05-17,169.3360433616003,170.53916250241704,168.06386972955488,170.302490234375,57951600
2023-05-18,170.60819152451643,172.81722786089622,170.19400003291315,172.62985229492188,65496700
2023-05-19,173.9513327998332,173.9513327998332,172.5213826746833,172.73834228515625,55809500
2023-05-22,171.57465110395842,172.2945693897219,171.05197977463047,171.79161071777344,43570900
2023-05-23,170.73639628329747,170.98293990870613,168.91196743614205,169.18809509277344,50747300
2023-05-24,168.72461766792532,170.03623176135926,168.16250594092847,169.46424865722656,45143500
2023-05-25,170.02639025907388,171.49578098867764,169.3163432435991,170.59837341308594,56058300
2023-05-26,170.92379413047703,173.33991896491864,170.71669083708804,173.00460815429688,54835000
2023-05-30,174.51347436884586,176.51540772383512,174.1288668535482,174.84877014160156,55964400
2023-05-31,174.87838004309978,176.870457363353,174.31625318107535,174.7994842529297,99625300
2023-06-01,175.24321733975688,177.62975798334406,174.4838587106697,177.6001739501953,68901800
2023-06-02,178.52716847079088,179.26679934554073,176.78163539298924,178.44827270507812,61996900
2023-06-05,180.1050954524954,182.39301299737724,175.57854201305094,177.09725952148438,121946500
2023-06-06,177.4818328127375,177.62975297431,174.97694105936182,176.7323455810547,64848400
2023-06-07,175.97299569419778,178.70470351330488,174.8684849721747,175.361572265625,61944600
2023-06-08,175.44046308150416,178.33981894141047,175.0065588784877,178.0735626220703,50214900
2023-06-09,178.99070336218668,179.71060666093933,178.13273621096323,178.4581756591797,48900000
2023-06-12,178.76385922591572,181.34763164971682,178.46800386072707,181.24900817871094,54274900
2023-06-13,180.2727216495119,181.60404834381112,179.91769818813273,180.77566528320312,54929100
2023-06-14,180.83481629104696,181.84071851135664,179.50348972235338,181.40679931640625,57462900
2023-06-15,181.41667817053525,183.94128262941163,181.23915892536104,183.43832397460938,65433200
2023-06-16,184.14839232814637,184.4048073735327,181.7224110612984,182.36341857910156,101256200
2023-06-20,181.8604527350327,183.52709013546678,181.8604527350327,182.4521484375,49799100
2023-06-21,182.34367850052172,182.84663717983523,180.0656175699355,181.41668701171875,49515700
2023-06-22,181.19971869233248,184.46395407144706,181.1306792503188,184.41464233398438,51245300
2023-06-23,182.98470820219737,184.96691381940127,182.45216546765664,184.0990753173828,53117000
2023-06-26,184.24700235631448,185.4501365723536,182.6691169769034,182.7085723876953,48088700
2023-06-27,183.32000947784528,185.78544616190248,183.10304984582174,185.4600067138672,50730800
2023-06-28,185.33180236622022,187.2745677103686,185.00637796044083,186.63356018066406,51216800
2023-06-29,186.46591313429835,187.44223149955704,186.3278492789131,186.96885681152344,46347300
2023-06-30,188.98065447297634,191.79124321876165,188.61575961709715,191.28829956054688,85213200
2023-07-03,191.10092178559267,191.19954526937022,189.10884478636748,189.79917907714844,31458200
2023-07-05,188.92147125163748,190.311965971159,187.98459336367247,188.68478393554688,46920300
2023-07-06,187.21536187872596,189.36523009534062,186.5842108059987,189.1581268310547,45094300
2023-07-07,188.76366516963594,190.00623962579556,187.6098428072387,188.0437469482422,46815000
2023-07-10,186.6434031135775,187.36332142042107,184.4540942539423,186.0023956298828,59922200
2023-07-11,186.5447760995126,186.68283993061024,184.02017173211044,185.47970581054688,46638100
2023-07-12,187.0575799007695,189.04965668897157,185.864317131752,187.14634704589844,60750200
2023-07-13,187.86627557643092,188.54673850979384,187.15622860664624,187.9057159423828,41342300
2023-07-14,187.6000029338883,188.53686585918993,187.00830716161786,188.05364990234375,41616200
2023-07-17,189.2469126832782,191.6334686208352,189.1581605746784,191.3080291748047,50520200
2023-07-18,190.67688432979497,191.6433313227349,189.75973403360663,191.05162048339844,48288200
2023-07-19,190.4303301514657,195.48939585264796,189.9865395225249,192.40267944335938,80507300
2023-07-20,192.39277822300156,193.7537038386121,189.83858989767532,190.4598846435547,59581200
2023-07-21,191.4164870851642,192.2744541324422,188.58615588066942,189.28634643554688,71951700
2023-07-24,190.73602285584008,192.21528467718613,189.59205676918674,190.08514404296875,45377800
2023-07-25,190.65710075853963,191.75175495708856,190.25276563839378,190.94308471679688,37283200
2023-07-26,190.9924473358141,192.93521264770516,190.64729522856234,191.81097412109375,47471900
2023-07-27,193.3099522093675,194.47363103189025,189.8879250921341,190.5486602783203,47460200
2023-07-28,191.9785925358936,193.91150122150714,191.45592124266818,193.12255859375,48291400
2023-07-31,193.34938604539337,193.77344894031904,192.56044337061044,193.73399353027344,38824100
2023-08-01,193.52691923606866,194.01013518521242,192.5801849485631,192.90562438964844,35175100
2023-08-02,192.3434921357412,192.48155598125388,189.19760772385698,189.91751098632812,50389300
2023-08-03,188.92145636813592,189.7103839306254,188.05361799200307,188.5269775390625,61235200
2023-08-04,182.95511789971007,184.78940327661547,179.40488328381886,179.4739227294922,115956800
2023-08-07,179.61200164257014,180.59817633552169,174.8980878140883,176.37734985351562,97576100
2023-08-08,177.205713919119,177.77769698523286,175.12488493894773,177.31419372558594,67823000
2023-08-09,178.36941190145535,178.42857997538025,174.5627769846933,175.72647094726562,60378500
2023-08-10,176.99860916334498,178.25105509162734,175.14461118800062,175.50949096679688,54686900
2023-08-11,175.10464195853916,176.38838822312198,174.34425781198718,175.56875610351562,52036700
2023-08-14,175.74649049543365,177.44500246999712,175.09473274674426,177.21788024902344,43675600
2023-08-15,176.6451282666605,177.23762299403361,174.8379899652799,175.2329864501953,43622600
2023-08-16,174.91699954220002,176.30937200366554,174.29486573787133,174.36399841308594,46964900
2023-08-17,174.92688028330798,175.29225282363015,171.31260330101006,171.82611083984375,66062900
2023-08-18,170.14734105941557,172.91236175457905,169.81159252872837,172.3099822998047,61172200
2023-08-21,172.88274314562352,173.92949746098708,171.56935789788312,173.6431121826172,46311900
2023-08-22,174.8478727981476,175.46012191641384,174.04799506153495,175.0157470703125,42038900
2023-08-23,176.28960964053493,179.28175219727777,176.1019810531239,178.85711669921875,52722800
2023-08-24,178.41277199096436,178.8374075605793,173.8109887437673,174.17637634277344,54945800
2023-08-25,175.16386577811136,176.91174101480664,173.62335841851225,176.3784942626953,51449600
2023-08-28,177.84004032072406,178.3337935661488,176.31928695480332,177.9387969970703,43820700
2023-08-29,177.4548654120463,182.58989476243158,177.25736718090633,181.81964111328125,53003900
2023-08-30,182.62943856671393,185.5030858470339,182.43194029759772,185.30557250976562,60813900
2023-08-31,185.4931879048022,186.75719481874472,185.13768501849643,185.52281188964844,60794500
2023-09-01,187.1225652663115,187.54718572230075,185.92767607044595,187.0929412841797,45766500
2023-09-05,185.92769881238064,187.60645663383806,185.26607135025952,187.3299560546875,45280000
2023-09-06,186.04621791679895,186.49060789475487,179.20280512864025,180.62481689453125,81755800
2023-09-07,172.99137409505227,175.98353252575788,171.37186410651492,175.34164428710938,112488800
2023-09-08,176.121746745329,177.9881329660241,175.56873058484743,175.953857421875,65551300
2023-09-11,177.82027676778657,178.0473990105972,175.12437356668377,177.119140625,58953100
2023-09-12,177.24749835360407,177.87950173703112,172.6358460753217,174.09735107421875,90370200
2023-09-13,174.30474566083996,175.0848841389881,171.80635572558617,172.0334930419922,84267900
2023-09-14,171.82609096561458,173.89986015970092,171.4113401404273,173.5443572998047,60895800
2023-09-15,174.27512191376346,174.29487626046748,171.64836639188815,172.823486328125,109259500
2023-09-18,174.2750855940285,177.13886254322455,173.96896109059597,175.74647521972656,67257600
2023-09-19,175.30212586469654,177.38576479928514,174.91699900323943,176.832763671875,51826900
2023-09-20,177.02040441249267,177.45490967025808,173.20862883503193,173.29751586914062,58436200
2023-09-21,172.36925276684747,174.0973890433764,171.68787090976878,171.75698852539062,63149100
2023-09-22,172.48773574692532,174.8676297137013,171.87548661966315,172.60623168945312,56725400
2023-09-25,172.02357992644104,174.75897636563758,171.97420160197885,173.88009643554688,46172700
2023-09-26,172.63588402695854,173.01112622988728,169.5153600429677,169.81161499023438,64588900
2023-09-27,170.46333088230946,170.87808171574733,166.93794126401278,168.30068969726562,66921800
2023-09-28,167.22429469748067,169.88068876106084,165.52578284422083,168.55743408203125,56294400
2023-09-29,169.870831028669,170.90771561508154,168.21181267677895,169.07095336914062,51861100
2023-10-02,169.08084887750982,172.12237043121976,168.79446358018748,171.57923889160156,52164500
2023-10-03,170.1078282132375,171.46072207785286,168.6858318118607,170.24607849121094,49594600
2023-10-04,168.95244285882518,172.03347264460572,168.83394692911625,171.49034118652344,53020300
2023-10-05,171.6187292983148,173.25799352598938,170.52259660006877,172.72474670410156,48527900
2023-10-06,171.62862082907643,175.76627518846593,171.01635659512883,175.27252197265625,57266700
2023-10-09,174.6009972191987,176.81301689163445,173.60362121945622,176.75376892089844,42390800
2023-10-10,175.87489990900735,177.47465549196244,175.72676490471198,176.16127014160156,43698000
2023-10-11,175.9736185461729,177.60301297187604,175.3811238107674,177.5536346435547,47551100
2023-10-12,177.82026707710477,180.06189553412176,176.80312172309905,178.4522705078125,56743100
2023-10-13,179.1533924067404,179.6570151987734,175.91437292525092,176.61550903320312,51427100
2023-10-16,174.54176320804768,176.8426550206093,174.3047562379969,176.48715209960938,52517000
2023-10-17,174.4430143362244,176.19090503163542,172.61613638208402,174.936767578125,57549400
2023-10-18,173.3863659573123,175.36137864838344,172.9222367694585,173.6431121826172,54764400
2023-10-19,173.84059314667203,175.61810740546204,173.00122187734726,173.26785278320312,59302900
2023-10-20,173.11974130623128,173.2283676109075,170.48310107616433,170.72010803222656,64244000
2023-10-23,168.77469287243957,171.83595313524123,167.80692592091492,170.8385772705078,55980100
2023-10-24,170.88797493724758,171.50022404547477,169.30795876796012,171.27310180664062,43816600
2023-10-25,169.7325797223047,170.8978298690587,168.51793618108192,168.9623260498047,57157000
2023-10-26,168.24143389027685,169.23882483986895,163.60015755926395,164.80491638183594,70625300
2023-10-27,164.82467062426355,166.8490614359056,164.745668316651,166.11830139160156,58499100
2023-10-30,166.90833803254793,169.03147079181505,166.76020302980592,168.16246032714844,51131000
2023-10-31,167.23420217717043,168.76482492650203,165.80230595130433,168.63645935058594,44846000
2023-11-01,168.86356825336904,172.0532092124064,167.99455793411695,171.7964630126953,56934900
2023-11-02,173.32712561259646,175.55888462715336,173.26787764016203,175.3515167236328,77334800
2023-11-03,172.06309922812656,174.61086723243213,171.1842192438163,174.44297790527344,79829200
2023-11-06,174.17636920813592,177.18825142381783,174.00849494223715,176.99075317382812,63841300
2023-11-07,176.9413698079054,180.1606499568927,176.73400192517136,179.54840087890625,70530000
2023-11-08,180.07173383295395,181.1579814445819,179.32121959305653,180.60498046875,49340300
2023-11-09,180.67420461296012,181.81970075659507,179.53856304211348,180.13107299804688,53763500
2023-11-10,181.9108804268445,184.48178544542026,181.475802800193,184.3136749267578,66133400
2023-11-13,183.74018560328048,183.94782669363863,182.1482051958573,182.73159790039062,43627500
2023-11-14,185.59912547957174,186.00454008995078,184.21480130754796,185.342041015625,60108400
2023-11-15,185.7474572062222,187.3789832148446,185.67823345303117,185.90565490722656,53790500
2023-11-16,187.4482222334322,188.82266388785246,186.5385061665612,187.58665466308594,54412900
2023-11-17,188.12057839811112,188.24912816814668,186.4593894684262,187.5668487548828,50922700
2023-11-20,187.7645921414258,189.76198684131353,187.75470950144614,189.30712890625,46505100
2023-11-21,189.26759612132614,189.37636552049437,187.61628985249988,188.50621032714844,38134500
2023-11-22,189.3467095850447,190.77057938008178,188.6940931656517,189.16871643066406,39617700
2023-11-24,188.733624664797,188.76328767363577,187.13176183550132,187.8437042236328,24048300
2023-11-27,187.79429075090235,188.5358962659671,186.7857030257735,187.66574096679688,40552600
2023-11-28,187.6558347269926,188.9412871423915,187.28008315178343,188.26889038085938,38415400
2023-11-29,188.7633319210795,189.9400151741752,186.85494082777598,187.25045776367188,43014200
2023-11-30,187.71517468500207,188.18981305356235,186.08364867108205,187.82394409179688,48794400
2023-12-01,188.19969953750024,189.4159283197641,187.11200544734405,189.09951782226562,45704800
2023-12-04,187.85361573572166,187.9228394923183,185.35193435249073,187.3097686767578,43389500
2023-12-05,188.08104861869373,192.22413865175915,188.05137051787239,191.25511169433594,66628400
2023-12-06,192.27353778141105,192.58006556865647,189.95973278607576,190.16738891601562,41089700
2023-12-07,191.46276025185608,192.81742141001197,191.42319951100376,192.09559631347656,47477700
2023-12-08,192.0263616366492,193.79633503305183,191.50229501018384,193.51947021484375,53406400
2023-12-11,190.9485830810774,191.3243346926335,189.27749628821252,191.01779174804688,60943700
2023-12-12,190.9189094878757,192.54055280703432,189.57413099725628,192.53067016601562,52696900
2023-12-13,192.90639105920806,195.78382360297798,192.6690869899489,195.74427795410156,70404200
2023-12-14,195.8036348613561,197.3857175620074,193.964452594447,195.8926239013672,66831600
2023-12-15,195.3191123528845,196.1793699091571,194.79504567055722,195.35867309570312,128538400
2023-12-18,193.8952224343076,194.4291868327445,192.21425301938103,193.6974639892578,55751900
2023-12-19,193.96443406555753,194.74558515548247,193.69745188302565,194.73570251464844,40714100
2023-12-20,194.69616113684165,195.46742966263125,192.6493377685547,192.6493377685547,52242800
2023-12-21,193.90511142023345,194.87413831888384,191.33420648650613,192.50099182128906,46482500
2023-12-22,192.9954077755279,193.2228443252002,190.81015202156473,191.43310546875,37149600
2023-12-26,191.4429507751369,191.7198155670022,190.67168241379784,190.88922119140625,28919300
2023-12-27,190.33552729492325,191.33421726083122,188.95118798803827,190.98812866210938,48087700
2023-12-28,191.96705978425237,192.4812438348005,191.00791544042355,191.413330078125,34049900
2023-12-29,191.72973752393827,192.2241411947973,189.5840274029703,190.3750762939453,42672100
2024-01-02,185.0552730997862,186.33084291740326,181.83176685644636,183.5621795654297,82488700
2024-01-03,182.15809638511382,183.79952025374087,181.37693010719954,182.18775939941406,58414500
2024-01-04,180.11123597031312,181.04071720671112,178.85546161628733,179.87393188476562,71983600
2024-01-05,179.95303087035154,180.71440156415224,178.15339449300276,179.15208435058594,62379700
2024-01-08,180.0519005320401,183.52262348166371,179.46850790157933,183.48306274414062,59144500
2024-01-09,181.86141829199212,183.0776469225398,180.68473531069785,183.06776428222656,42841800
2024-01-10,182.28661640904596,184.31365913260458,181.8614214601624,184.10601806640625,46792900
2024-01-11,184.4521049955326,184.9564063690912,181.5647895230864,183.5127410888672,49128400
2024-01-12,183.9775132511691,184.6499101684802,183.11725559073133,183.83908081054688,40477800
2024-01-16,180.12114381484557,182.1976301200088,178.90489995610474,181.57469177246094,65603000
2024-01-17,179.24109293861534,180.88250149305736,178.2819487070673,180.6352996826172,47317400
2024-01-18,184.00711348059855,187.02297821650802,183.7500290608814,186.51869201660156,78005800
2024-01-19,187.21088801676132,189.80155831594578,186.70660172518024,189.41592407226562,68903000
2024-01-22,190.14764863184953,193.14373357255337,190.10808789018887,191.7198486328125,60133900
2024-01-23,192.83719415255706,193.55901922053994,191.660511110776,192.99539184570312,42355600
2024-01-24,193.232744842077,194.18200660712424,192.16483101440033,192.3230438232422,53631300
2024-01-25,193.03498542605584,194.07323623297103,190.94860116972282,191.99673461914062,54822100
2024-01-26,192.09559590318426,192.58010181757646,189.7916731135176,190.26629638671875,44594000
2024-01-29,189.86087972294905,190.04875551955823,187.4580852833725,189.58401489257812,47145600
2024-01-30,188.80288370915284,189.65325866018404,185.37172089064353,185.93533325195312,55859400
2024-01-31,184.94651023142666,185.00585134318092,182.28663127585358,182.3360595703125,55467800
2024-02-01,181.93065217781273,184.857513201702,181.7625567551165,184.76852416992188,64885400
2024-02-02,177.84689023760967,185.23328233515724,177.2437171517322,183.7698516845703,102551700
2024-02-05,186.0440863383638,187.1317803970082,183.75994390321247,185.579345703125,69668800
2024-02-06,184.76855142564483,187.1911265388062,184.67956238073768,187.18124389648438,43490800
2024-02-07,188.50623739169367,188.91165203661865,186.49895962721544,187.29000854492188,53439000
2024-02-08,187.27020463334281,187.41851968576853,185.25304448034683,186.21218872070312,40962000
2024-02-09,186.77652244170517,188.10322646586073,186.13298359451971,186.97454833984375,45155200
2024-02-12,186.54880424779185,186.796321504533,184.9349868995182,185.29141235351562,41781900
2024-02-13,183.92512331150874,184.360756090923,181.68755769129083,183.20236206054688,56529500
2024-02-14,183.4796068721132,183.6875129162611,180.62820312290157,182.3212127685547,54630500
2024-02-15,181.727184392981,182.65785175424014,179.54903541760635,182.0341033935547,65434500
2024-02-16,181.59845842120637,183.0142649801448,179.86583763061847,180.49948120117188,49752500
2024-02-20,179.98463913307552,180.61828269677792,178.21242224791314,179.75692749023438,53665600
2024-02-21,180.13315310757224,181.0737156195715,178.8658660184515,180.50938415527344,41371400
2024-02-22,181.65787110291916,183.1231842228548,180.64801151557128,182.53903198242188,52292200
2024-02-23,183.17267506039363,183.20237592421455,180.42028422645075,180.70741271972656,45119700
2024-02-26,180.43019254491847,180.9450175834942,178.85597124394113,179.3609161376953,40867400
2024-02-27,179.30152539649055,182.09351248592515,177.77681047698752,180.8163299560547,54318900
2024-02-28,180.69750358801915,181.30144633523983,178.34114943443706,179.6183319091797,48953900
2024-02-29,179.46981142225187,180.75690414056305,177.74708592784262,178.95497131347656,136682600
2024-03-01,177.76690051629518,178.73716395290236,175.61845249589473,177.8758087158203,73563100
2024-03-04,174.400628974546,175.14318064223312,172.06406578926712,173.36106872558594,81510100
2024-03-05,169.06420089624305,170.33148818677603,167.93552268101038,168.43055725097656,95132400
2024-03-06,169.36121186741923,169.53943215491887,167.00484265804033,167.4404754638672,68587700
2024-03-07,167.47014430312151,169.03445493979737,166.81671032658778,167.32164001464844,71765100
2024-03-08,167.3216847390924,171.97500667784078,167.2622830078253,169.0345001220703,76267000
2024-03-11,171.2225546353428,172.6482565736913,170.34139373001014,171.03443908691406,60139500
2024-03-12,171.43048197939208,172.30174774042325,169.3117344210043,171.5096893310547,59825400
2024-03-13,171.05423942259554,171.4700666239107,169.06419090034882,169.43052673339844,52488700
2024-03-14,171.1928340614332,172.57892461566286,170.34137411890524,171.2819366455078,72913500
2024-03-15,169.47010369924573,170.90570068359375,168.5988381717502,170.90570068359375,121752700
2024-03-18,173.82644596151624,175.94519331439105,171.79680120539754,171.99481201171875,75604200
2024-03-19,172.6086191723699,174.85607994565953,171.31163124958826,174.3313446044922,55215200
2024-03-20,173.97492929704185,176.8956298828125,173.3511809805003,176.8956298828125,53423100
2024-03-21,175.29172116809335,175.72735394947048,169.14338597139206,169.66812133789062,106181300
2024-03-22,170.05426688241553,171.33146450930536,168.37115239719608,170.56910705566406,71160100
2024-03-25,168.87610215909345,170.23249206020807,167.76721443821097,169.1533203125,54288300
2024-03-26,168.31174106723407,169.71763732680742,167.8959138727621,168.02462768554688,57388400
2024-03-27,168.71767294274684,171.87599567632833,168.42064920188324,171.5888671875,60273300
2024-03-28,170.0443614510728,170.51959037094832,168.81667037520143,169.77703857421875,65672700
2024-04-01,169.48992969134684,169.54933141950085,167.79690490268092,168.34144592285156,46240500
2024-04-02,167.40089107386055,167.65830361021796,166.55932626663449,167.16326904296875,49329500
2024-04-03,167.11376514661308,168.98499523543435,166.9058590852198,167.96522521972656,47691700
2024-04-04,168.59883533803097,170.2126525655396,167.14344787597656,167.14344787597656,53704400
2024-04-05,167.90581505219322,168.69787335368648,167.2721714324497,167.8959197998047,42104800
2024-04-08,167.35138730592178,167.51969724864153,166.56923932419392,166.7771453857422,37425500
2024-04-09,167.02464767080627,168.39094781013864,166.67813256359855,167.98501586914062,42373800
2024-04-10,167.12369015897798,167.41080359039768,165.45047073196832,166.1138153076172,49709300
2024-04-11,166.66822184170525,173.7175238179071,166.49001666248702,173.3016815185547,91070300
2024-04-12,172.52942533467058,176.5887144383463,172.47993396851362,174.79669189453125,101670900
2024-04-15,173.61851932570818,174.8759113224836,170.7869210734751,170.97503662109375,73531800
2024-04-16,170.0443499195711,172.03438316124112,166.59891404642835,167.69789123535156,73711200
2024-04-17,167.9256158132339,168.95528100035153,166.33160400390625,166.33160400390625,50901200
2024-04-18,166.36129252101995,166.96523521407434,164.8959946340493,165.38111877441406,43122900
2024-04-19,164.55939469854349,164.7474951408098,162.4505426435407,163.3614044189453,68149400
2024-04-22,163.8762247169617,165.59893510418706,163.13367296874276,164.1930389404297,48116400
2024-04-23,163.70789797300347,165.3910120745114,163.2821604920133,165.24249267578125,49537800
2024-04-24,164.8861093338651,167.6187098522012,164.5593998092657,167.34149169921875,48251800
2024-04-25,167.84640961058278,168.9156860278579,166.4801094484109,168.2028350830078,50558300
2024-04-26,168.19293999888993,169.63843239437367,167.49987955768663,167.6186981201172,44838400
2024-04-29,171.64824848286057,174.2818355072499,171.38094074443057,171.77696228027344,68169400
2024-04-30,171.6086653165762,173.25218351807536,168.31173366197407,168.63845825195312,65934800
2024-05-01,167.8959162536964,170.99483730573115,167.43058257791944,167.6186981201172,50383100
2024-05-02,170.79680537480178,171.69777183075684,169.19289835753364,171.3116455078125,94214900
2024-05-03,184.7963833456082,185.14291355827163,180.84601747897057,181.55886840820312,163224100
2024-05-06,180.53911545314375,182.37073431535399,178.62827413884693,179.9054718017578,78569700
2024-05-07,181.62815272879564,183.0637497391675,179.5193160584302,180.5885772705078,77305800
2024-05-08,181.0341248704048,181.25194126160505,179.64801918938014,180.9252166748047,45057100
2024-05-09,180.74701199258516,182.82616313989396,180.30148392023486,182.737060546875,48983000
2024-05-10,183.3120539854214,183.50042466657956,180.56585391849484,181.4779510498047,50759500
2024-05-13,183.8474543189662,185.49320196467926,183.03448917069318,184.68023681640625,72044800
2024-05-14,185.8996272619275,186.68285108112164,184.69010361608505,185.8203125,52393600
2024-05-15,186.2962297111884,189.01268886802714,185.76085876781028,188.09068298339844,70400000
2024-05-16,188.83421956137332,189.45881387860598,188.03117836935675,188.20962524414062,52845200
2024-05-17,187.8824709799172,189.1713095252472,187.55530322495105,188.2393798828125,41282900
2024-05-20,187.70403175639103,190.2717851507536,187.38677266186554,189.3993377685547,44361300
2024-05-21,189.44890089382775,191.07481584379752,189.28036268210627,190.69808959960938,42309400
2024-05-22,190.61877317517173,191.16405275409193,188.63594934473116,189.26052856445312,34648500
2024-05-23,189.3398657052663,189.35969818168277,185.02723244112752,185.27508544921875,51005900
2024-05-24,187.19839293954828,188.94327235106317,186.4250777783575,188.34841918945312,36327000
2024-05-28,189.86531862155948,191.3425280405038,187.47602704829728,188.35838317871094,52280100
2024-05-29,187.98162409974876,190.59895109353056,187.8824768517226,188.65577697753906,53068000
2024-05-30,189.12172393667825,190.52952698465035,188.99285067972127,189.6471710205078,49889100
2024-05-31,189.7959119633218,190.9162123421418,188.27905284340878,190.5989532470703,75158300
2024-06-03,191.24334718637152,193.31540952983562,190.86662095571478,192.3636474609375,50080500
2024-06-04,192.96842627855952,193.64259428823095,191.3722523931234,192.68092346191406,47471400
2024-06-05,193.7218709101011,195.20898869639487,193.19642383583022,194.18783569335938,54156800
2024-06-06,194.0094143560484,194.8124556459051,192.5024638984892,192.80979919433594,41181800
2024-06-07,192.978343568532,195.2486855650071,192.47272888451312,195.19911193847656,53103900
2024-06-10,195.20900753042525,195.60558138834554,190.49980075281104,191.4614715576172,97010200
2024-06-11,191.98691085726122,205.38089548057218,191.96709351098235,205.3709716796875,172373300
2024-06-12,205.58908283581826,218.30889945026047,205.1231180281253,211.24014282226562,198134300
2024-06-13,212.8957913864929,214.88852380834695,209.782758705521,212.40008544921875,97862700
2024-06-14,212.01346682824212,213.32212283006638,209.48536314811375,210.66514587402344,70122700
2024-06-17,211.53758704443374,217.06966817138198,210.8931752545736,214.8092498779297,93728300
2024-06-18,215.72132373307375,216.75240063817128,211.1707464886947,212.4496612548828,79943300
2024-06-20,212.0927425591543,212.4000929584359,207.05638337080816,207.87924194335938,86172500
2024-06-21,208.58315742215362,210.07027533194446,205.33132746963062,205.70806884765625,241805100
2024-06-24,205.93608683303725,210.87331399723786,204.8157865138524,206.35247802734375,80727000
2024-06-25,207.35380525957078,209.5646648210329,206.81844945769743,207.27450561523438,55549700
2024-06-26,209.68362348048936,213.01476817493463,208.8310086144187,211.41859436035156,66213200
2024-06-27,212.84622088780682,213.88720639689362,210.52632069800987,212.26129150390625,49772700
2024-06-28,213.91696855097956,214.2143951724623,208.49394377490637,208.81118774414062,82542700
2024-07-01,210.2685812104605,215.6420327867988,210.10004297476004,214.88856506347656,60402900
2024-07-02,214.293668724795,218.48735180877674,213.2526983679821,218.3782958984375,58046200
2024-07-03,218.11060173486678,219.6472930908203,217.1489310533617,219.6472930908203,37369800
2024-07-05,219.74646963306245,224.50525038603786,219.74646963306245,224.3961944580078,60412400
2024-07-08,225.13972278278513,225.89320550199054,221.3327047505454,225.86346435546875,59085900
2024-07-09,225.97252074204383,227.42989753320916,224.4259205051531,226.71607971191406,48076100
2024-07-10,227.33078272427315,231.07831900756045,227.28120909695775,230.9791717529297,62627700
2024-07-11,229.40281699319425,230.39422897123262,223.83108651749725,225.61563110351562,64710600
2024-07-12,226.9540218514806,230.64207551688347,226.71607753741577,228.5601043701172,53046500
2024-07-15,234.44908623752588,235.1926451763578,231.08820043911544,232.38694763183594,62631300
2024-07-16,232.98180687397965,234.24090427881208,230.33473879844306,232.80335998535156,43234300
2024-07-17,227.4794799069808,229.47222770464353,224.6936146131452,226.9143829345703,57345900
2024-07-18,228.3023336745397,228.46096321097224,220.36112971273346,222.2547149658203,66034600
2024-07-19,222.88925101284036,224.85224251867803,221.36246807560826,222.3836212158203,49151500
2024-07-22,225.06041535891617,225.82380677595344,221.174082433242,222.03662109375,48201800
2024-07-23,222.44310313331528,224.9910392063895,220.7676144514488,223.07760620117188,39960300
2024-07-24,222.0762625279836,222.86939506256107,215.2652677100796,216.66314697265625,61777600
2024-07-25,217.04981289629316,218.95333716975932,212.77682977395946,215.6221923828125,51391200
2024-07-26,216.8217851678197,217.6050090608147,214.15488466672127,216.08815002441406,41601300
2024-07-29,215.09676223529075,217.41666277155184,213.89714701413598,216.3657684326172,36311800
2024-07-30,217.3075942808937,218.43780333279796,214.26395224147618,216.9209442138672,41643800
2024-07-31,219.53825698895486,221.89782218872546,218.7352157578384,220.17276000976562,50036300
2024-08-01,222.44310665442717,222.55216258005441,215.15623749650504,216.48472595214844,62501000
2024-08-02,217.26789271454797,223.6625110090241,215.84027241148294,217.9718017578125,105568600
2024-08-05,197.38019703112641,211.66644653820467,194.31673780556494,207.4727783203125,119548600
2024-08-06,203.53685401433648,208.18657796978488,199.3431861620261,205.4502716064453,69660500
2024-08-07,205.12311510057037,211.80523672133984,204.61750047992084,208.01805114746094,63516400
2024-08-08,211.27982425167653,212.36045976406422,207.03658185433542,211.4781036376953,47161100
2024-08-09,210.2784595957283,214.9182597959333,210.1495712142523,214.38290405273438,42201600
2024-08-12,214.4623401059105,217.8767320905019,213.9958359256548,215.91146850585938,38028100
2024-08-13,217.38044783379533,220.23902400333975,217.38044783379533,219.62364196777344,44155300
2024-08-14,218.92887503482297,221.37056313371255,218.06533789669703,220.0703125,41960600
2024-08-15,222.9288560878089,223.67327566716008,221.1025352094067,223.04795837402344,46414000
2024-08-16,222.25391598005478,225.14226768918678,221.98592068094572,224.36807250976562,44340200
2024-08-19,224.0405257400108,224.30852103873067,221.38045847347976,224.20925903320312,40687800
2024-08-20,224.0901616619868,225.47973889834265,223.7725353535306,224.82464599609375,30299000
2024-08-21,224.83457153469638,226.2836998547364,223.37550792716294,224.7154541015625,34765500
2024-08-22,226.09512887719345,226.64103964823346,222.23407290784718,222.85939025878906,43695300
2024-08-23,223.9809934126029,226.5219434569281,222.66088738350675,225.15220642089844,38677300
2024-08-26,225.0727813784282,225.58891654674125,222.22414052811973,225.48965454101562,30602200
2024-08-27,224.31843379232603,227.14723425887112,223.21669220638537,226.3333282470703,35934600
2024-08-28,226.22416240429726,228.149730282918,224.00082364270057,224.8048095703125,38052200
2024-08-29,228.3879521456165,231.18696212304621,227.1770283167567,228.0802459716797,51906300
2024-08-30,228.4772602189495,228.68568922028223,225.78741746908054,227.29611206054688,52990800
2024-09-03,226.84948058831634,227.2961293418145,219.52438650802387,221.11248779296875,50190600
2024-09-04,220.01074262314262,220.12984491677884,215.86183603349318,219.20677185058594,43840200
2024-09-05,219.9809527371486,223.80229748015876,219.87177059333374,220.72537231445312,36615400
2024-09-06,222.28367202274,223.5640821152314,218.13478104858405,219.17697143554688,48423000
2024-09-09,219.17701543505086,219.6236642204836,215.09759492361837,219.26634216308594,67180000
2024-09-10,217.29112653781655,219.83207646515766,215.1174187834135,218.47227478027344,51591000
2024-09-11,219.81221238330573,221.43007391385896,216.2687680395375,221.00328063964844,44587100
2024-09-12,220.84449248276735,221.8866830044339,218.1844402475294,221.11248779296875,37455600
2024-09-13,221.9164638014437,222.37303270856336,220.25889118684435,220.84449768066406,36766600
2024-09-16,214.92884416844979,215.60379255643394,212.32834292284386,214.7104949951172,59357400
2024-09-17,214.1446858286394,215.28612305537175,212.90398660599377,215.17694091796875,45519300
2024-09-18,215.9313221513165,221.05293280374121,215.92138686335736,219.04795837402344,59894900
2024-09-19,223.31596324984213,228.11002736409566,222.95864123060412,227.16708374023438,66781300
2024-09-20,228.2589097535001,231.3556905514529,225.92638886705737,226.5020751953125,318679900
2024-09-23,225.64846451262724,227.742765583781,224.12984974700805,224.78494262695312,54146000
2024-09-24,226.94872814757065,227.64353192764617,224.05045616714196,225.67825317382812,43556100
2024-09-25,223.25638097071698,225.59882178569194,222.35316341740713,224.6856689453125,42308700
2024-09-26,225.608784129346,226.79985253593196,223.73284722402752,225.8271484375,36636700
2024-09-27,226.7601514881057,227.81226214161182,225.6087788258606,226.09512329101562,34026000
2024-09-30,228.32835965023514,231.26634216308594,227.94126208675945,231.26634216308594,54541900
2024-10-01,227.81227091446172,227.94129335648356,222.0752779583648,224.5269012451172,63285000
2024-10-02,224.2092739820147,225.67825786117984,221.36063294746157,225.0926513671875,32880600
2024-10-03,223.46486564904646,225.12243834811912,221.65841506946865,223.9909210205078,34044200
2024-10-04,226.20427877531475,226.3035407723517,222.46234078203926,225.1124725341797,37245100
2024-10-07,222.8296017820206,224.01074997862722,219.68319006872073,220.04051208496094,39505400
2024-10-08,222.63108533790577,224.29857792676054,221.58889489724396,224.09014892578125,31855700
2024-10-09,223.55416342639623,228.0405364361267,223.15714569962594,227.83209228515625,33591100
2024-10-10,226.0851959438118,227.7923994519787,225.47973405841245,227.3358154296875,28183500
2024-10-11,227.5939128444124,227.70309500312143,225.64848941975737,225.85693359375,31759200
2024-10-14,226.99834931201846,230.0058033150611,226.89910245149323,229.57901000976562,39882100
2024-10-15,231.87182665313995,235.7229623804217,230.6410474142004,232.11004638671875,64751400
2024-10-16,229.87678174389526,230.3929017691756,228.12986736523644,230.05543518066406,34082200
2024-10-17,231.69315867439417,232.11004699556463,228.8048220166126,230.4226837158203,32993800
2024-10-18,234.42267769537074,234.42267769537074,232.2688255608399,233.25146484375,46431500
2024-10-21,232.7055796017645,235.08773156933626,232.7055796017645,234.72047424316406,36254500
2024-10-22,232.14972869721714,234.46239402859047,230.8693336731526,234.10507202148438,38846600
2024-10-23,232.338350145388,233.39046088528607,226.06536628034368,229.0430450439453,52287000
2024-10-24,228.26885524743938,229.10261683162435,226.71054453267715,228.85447692871094,31109500
2024-10-25,228.03062932515897,231.484732210271,227.86189602437614,229.68820190429688,38802300
2024-10-28,231.5839844241638,232.98348177622344,230.81970938626554,231.6633758544922,36087100
2024-10-29,231.36563017470797,232.5864741436605,230.59143496071306,231.93138122558594,35417200
2024-10-30,230.87922741294872,231.73282904646248,227.84199827249967,228.38790893554688,47070900
2024-10-31,227.63356689740596,228.11992645086093,223.69310490697208,224.22909545898438,64370100
2024-11-01,219.32588166379162,223.67329727363756,218.63109301833273,221.25144958496094,65276700
2024-11-04,219.34572401852256,221.13231895883285,218.0752491010658,220.35812377929688,44944500
2024-11-05,220.14969745378525,222.28369429475046,219.49460455688452,221.78741455078125,28111300
2024-11-06,220.95366880237512,224.387931303672,219.54423614319148,221.06285095214844,54561100
2024-11-07,222.95864433437472,226.18446269494834,222.89909318788202,225.7874298095703,42137700
2024-11-08,225.72780810336752,227.20835428792034,224.9726384261151,225.51914978027344,38328800
2024-11-11,223.57158868270503,224.26714170400084,220.0938084143074,222.8064727783203,42005600
2024-11-12,223.12444853772337,224.15783943194586,221.9420008205612,222.8064727783203,40398300
2024-11-13,222.58787261698694,225.2111120360391,221.34580821096,223.69082641601562,48566200
2024-11-14,223.59146688403666,227.41701609796436,223.57158960851197,226.77114868164062,44923900
2024-11-15,224.96266960797624,225.47937257835642,222.8462024481905,223.57156372070312,47923700
2024-11-18,223.8199993254601,228.28149999782985,223.74050538640262,226.57241821289062,44633700
2024-11-19,225.53901477922054,228.6988344551977,225.22105418122663,226.8307647705078,36211800
2024-11-20,226.61215353970658,228.47027695087482,224.45593165289552,227.5461883544922,35169600
2024-11-21,227.42695953023323,228.69883223369175,224.2770861035494,227.06924438476562,42108300
2024-11-22,226.61216818417898,229.25528492407807,226.61216818417898,228.41067504882812,38168300
2024-11-25,229.99059491471002,231.76922452168117,228.2815130321861,231.39163208007812,90152800
2024-11-26,231.84870566104107,234.07449047305911,231.84870566104107,233.56771850585938,45986200
2024-11-27,232.9814664022851,234.1937224347506,232.32565277909848,233.43853759765625,33498400
2024-11-29,233.31931239062584,236.3002669685808,232.48464874765904,235.8233184814453,28481400
2024-12-02,235.76369091824088,239.26133321145704,235.654388648958,238.06895446777344,48137100
2024-12-03,238.28756099978403,241.21882985808793,237.3833345065081,241.10952758789062,38861000
2024-12-04,241.32814402991647,242.56027739454964,239.7184333911867,241.46725463867188,44383900
2024-12-05,242.44105143123323,242.98754766386446,240.59285890906452,241.4970703125,40033900
2024-12-06,241.36790273028285,243.0769846168902,240.5431701206591,241.29833984375,36870600
2024-12-09,240.29473874492055,245.67039687977774,240.21524480725012,245.18350219726562,44649200
2024-12-10,245.32260336553807,246.63423054379348,243.78244060146582,246.197021484375,36914800
2024-12-11,246.3858398593606,249.20780656351602,244.69662013013263,244.9251708984375,45205800
2024-12-12,245.32260415969785,247.1608653940442,244.1202792424049,246.3858184814453,32777500
2024-12-13,246.24673423955153,247.7073880681415,244.676762972136,246.5547637939453,33155300
2024-12-16,246.41563368868003,249.78411156803347,246.07778066556844,249.44625854492188,51694800
2024-12-17,248.49236434269267,252.21855739876366,248.19426586582333,251.8707733154297,51356400
2024-12-18,250.55918941684527,252.66572594292316,246.16725119368886,246.47528076171875,56774100
2024-12-19,245.92873792847348,250.400169527173,245.5213371883983,248.20419311523438,60882300
2024-12-20,246.46531011815415,253.38113119374523,244.13023820234332,252.87437438964844,147495300
2024-12-23,253.15260355822258,254.02700659111463,251.84097626600598,253.64942932128906,40858800
2024-12-24,253.868019379837,256.5707374276886,253.66927695641888,256.5608215332031,23234700
2024-12-26,256.55086249805703,258.44874034869076,255.99442012888886,257.3755798339844,27237100
2024-12-27,256.19314630806485,257.05764856283577,251.45343969164696,253.96737670898438,42355300
2024-12-30,250.6287158030117,251.890657464443,249.15811581542044,250.59890747070312,35557500
2024-12-31,250.83739579916153,251.6720594492945,247.84649497663966,248.83021545410156,39480700
2025-01-02,247.34966196417784,247.51859606258614,240.28481431614935,242.3019256591797,55740700
2025-01-03,241.81503295898438,242.62981931594805,240.3543640210219,241.81503295898438,40244100
2025-01-06,242.75898865424097,245.75982034447205,241.65603491404494,243.44461059570312,45045600
2025-01-07,241.43743349025635,243.99112508347835,239.81779188041267,240.67233276367188,40856000
2025-01-08,240.3841632667122,242.16280789951685,238.52603985831155,241.15921020507812,37628900
2025-01-10,238.48628640867517,238.63534322792128,231.52079498772144,235.3463592529297,61710900
2025-01-13,232.04742383507855,233.180185891021,228.26161420500546,232.91189575195312,49630700
2025-01-14,233.25969544364762,234.62099318079112,230.99417118008773,231.7990264892578,39435300
2025-01-15,233.1503884256181,237.4429702030776,232.94171493841435,236.35987854003906,39832000
2025-01-16,235.84318609247865,236.49898454969573,226.58234697208553,226.81088256835938,71759100
2025-01-17,230.6463874145182,230.8153063545454,227.02949646555186,228.5199737548828,68488300
2025-01-21,222.57792910461188,222.99526090225285,217.98726416864307,221.2265625,98070400
2025-01-22,218.39466636780546,222.6971793763667,218.39466636780546,222.40902709960938,64126500
2025-01-23,223.3132271476291,225.5886822440662,220.88871524000126,222.24008178710938,60234800
2025-01-24,223.35297985225768,224.19758968028435,220.00437919561992,221.3656768798828,54697900
2025-01-27,222.5978054024586,230.67618150163648,222.5580508531902,228.40072631835938,94863400
2025-01-28,229.38444497187513,238.66514594376807,229.3446904229109,236.7473907470703,75707600
2025-01-29,232.6336842670617,238.33724933385383,232.52438199561368,237.84042358398438,45486100
2025-01-30,237.1548105184623,239.26134692510684,235.7040877651042,236.0816650390625,55658300
2025-01-31,245.62071750771995,245.62071750771995,231.95800933839706,234.5017547607422,100959800
2025-02-03,228.5298949466701,230.35820991583037,224.26712187534005,226.5624542236328,73063300
2025-02-04,225.80731341689966,231.64998934854387,225.21111642561868,231.32208251953125,45067300
2025-02-05,227.07916670947125,231.19288314320298,226.82082278842498,230.99415588378906,39620300
2025-02-06,229.8216550685821,232.31573010563136,228.96711414866223,231.73941040039062,29925300
2025-02-07,231.1233398047693,232.51444580894437,225.81722939017394,226.1848907470703,39707200
2025-02-10,228.36338248973718,229.378010419489,226.00582893863492,226.45346069335938,33115600
2025-02-11,227.000572314181,233.99362125199642,226.93094812871882,231.3973388671875,53718400
2025-02-12,229.98481838871234,235.71455375787428,229.4675472393098,235.62501525878906,45243300
2025-02-13,235.66481592241834,241.06626881430705,234.33186254170715,240.26052856445312,53614100
2025-02-14,239.981993568851,244.25939586817944,239.72336558929686,243.31439208984375,40896200
2025-02-18,242.86674847770814,243.8913336127375,240.56889220053384,243.18507385253906,48822500
2025-02-19,243.37407429304395,244.716969605811,241.88195827091008,243.5829620361328,32204200
2025-02-20,243.6525813389452,245.4829065325138,243.00598867544505,244.53790283203125,32316900
2025-02-21,244.6572756706751,247.38287960480025,243.93111682470231,244.25938415527344,53197400
2025-02-24,243.64264638435856,247.55199828948733,243.1353323966777,245.80125427246094,51326400
2025-02-25,246.69652285022872,248.68601093773057,243.62276739789988,245.74156188964844,48013300
2025-02-26,243.04579925662603,243.6923767743236,237.87313357927937,239.09666442871094,44433600
2025-02-27,238.15166004001364,241.1856322165831,235.81400561415145,236.05274963378906,41153600
2025-02-28,235.70458076540925,240.8175641664438,228.9900589647863,240.56887817382812,56833400
2025-03-03,240.51914741730602,242.74737946323825,234.8690087281554,236.77891540527344,47184000
2025-03-04,236.46059966619734,238.80819608105105,233.44651142335266,234.68994140625,53798100
2025-03-05,234.18262069274581,235.30668622205877,228.02515316620742,234.50094604492188,47227600
2025-03-06,233.20778757123546,236.60981025581015,231.93451645578955,234.09310913085938,45170400
2025-03-07,233.8742532807345,240.10134501237943,233.5260868229449,237.81344604492188,46273600
2025-03-10,234.3019970725287,234.91874867921032,223.04150278970278,226.28436279296875,72071200
2025-03-11,222.63365113389432,224.65298022983382,216.30707871737093,219.67926025390625,76137400
2025-03-12,218.9829331071368,220.58447147788527,213.7804264853068,215.83953857421875,62547500
2025-03-13,214.81497612462363,215.70029772842102,207.3245545879158,208.5779266357422,61368300
2025-03-14,210.13965751241793,212.82546311709572,208.47843695256688,212.36788940429688,60107600
2025-03-17,212.18885305172668,214.08881784956162,208.86641153353526,212.87522888183594,48073400
2025-03-18,213.0343879953175,214.019174884069,210.3784232206469,211.57211303710938,42432400
2025-03-19,213.0940452987452,217.61017604964766,212.62651443867486,214.1086883544922,54385400
2025-03-20,212.86529372925065,216.34689805154306,211.1045924362575,212.97471618652344,48862900
2025-03-21,210.44804823896536,217.68978368973626,210.16952111998106,217.12278747558594,94127800
2025-03-24,219.83843988574125,220.31591279023903,217.43116105321957,219.56985473632812,44299500
2025-03-25,219.60965673355645,222.92215637067883,218.9232808837126,222.57398986816406,34493600
2025-03-26,222.3352199198642,223.83729303324841,219.31120492080973,220.36563110351562,34466100
2025-03-27,220.22636977863218,223.80745418869535,219.40073045135125,222.67344665527344,37094800
2025-03-28,220.50488863250547,222.63364006926244,216.5358548246797,216.75469970703125,39818600
2025-03-31,215.86939419548492,224.43414081005062,215.09349507460487,220.96249389648438,65299300
2025-04-01,218.65468232589998,222.50433685640354,217.749461617725,222.0169219970703,36412700
2025-04-02,220.15675729790527,224.00641185945875,219.8583310514353,222.71324157714844,35905900
2025-04-03,204.45969456936825,206.39945769712665,200.19224908119847,202.12205505371094,103419000
2025-04-04,192.87091122900438,198.82943318150367,186.3553350717911,187.38987731933594,125910900
2025-04-07,176.26863687444822,193.12954493623218,173.70219548773406,180.50625610351562,160466300
2025-04-08,185.71869040589692,189.33955773730443,168.32062862424334,171.5137481689453,120859500
2025-04-09,171.04623198001363,199.55559936553783,170.98654976711688,197.8048553466797,184395900
2025-04-10,188.0762635840202,193.7562435722064,182.0381599544528,189.41915893554688,121880000
2025-04-11,185.12188160037283,198.49122944739574,185.0820833366806,197.10853576660156,87435900
2025-04-14,210.32866545443895,211.82078139531484,200.10269875392328,201.45555114746094,101352900
2025-04-15,200.7990180691496,202.44033954558066,198.74984792281177,201.07754516601562,51343900
2025-04-16,197.31743142832593,199.64512887500646,191.35890907242805,193.24893188476562,59732400
2025-04-17,196.16350125239885,197.78493872612725,193.39811432307044,195.9446563720703,52164700
2025-04-21,192.2541978495612,192.78141101209272,188.81237656005126,192.144775390625,46742500
2025-04-22,195.08918671811182,200.53043756485187,194.93998119085117,198.69017028808594,52976400
2025-04-23,204.9172632087338,206.9067512010516,201.7340854567431,203.52462768554688,52929200
2025-04-24,203.81307577336062,207.73236914311858,201.87332821636014,207.2747802734375,47311000
2025-04-25,205.2852994626612,208.64753879478604,205.11619481641537,208.1800079345703,38222300
2025-04-28,208.89624364686077,210.38835967290976,206.3696005213303,209.03550720214844,38743100
2025-04-29,207.59312493762445,211.12446912484504,207.27479957627347,210.09988403320312,36827600
2025-04-30,208.19992461631293,212.4574277707069,205.5837430092506,211.3831024169922,52286500
2025-05-01,207.98108655162656,213.43227966302132,207.80202473083082,212.1988067626953,57365700
2025-05-02,205.00677646592024,205.90205512568554,201.09744003856807,204.2706756591797,101010600
2025-05-05,202.03251395918386,203.02725796650907,197.1682163705072,197.84463500976562,69018500
2025-05-06,197.1682179665783,199.59538061408486,195.98447015970467,197.4666290283203,51216500
2025-05-07,198.1231564563361,198.39174158064424,192.23427392267118,195.218505859375,68536700
2025-05-08,196.6807674405125,198.99852257626176,193.65673744886013,196.4519805908203,50478900
2025-05-09,197.95405738682032,199.48595647897335,196.50172445806652,197.4865264892578,36453900
2025-05-12,210.13634313336473,210.435160708662,205.93301745006437,209.95704650878906,63775800
2025-05-13,209.59845628513955,212.55672123163643,208.17411437678524,212.0885772705078,51909300
2025-05-14,211.5905625216416,213.09460539099953,209.7478820292828,211.490966796875,49325800
2025-05-15,210.11641669484823,212.11848379882832,208.71198473801002,210.61444091796875,45029500
2025-05-16,211.52084551122164,211.73002236916358,208.9410837213976,210.42518615722656,54737900
2025-05-19,207.0884445111699,208.65223273202483,203.45285841572866,207.9550018310547,46140500
2025-05-20,206.84938410987283,207.64622592622177,204.2198167548668,206.04258728027344,42496600
2025-05-21,204.359243170771,206.2218487675542,199.9168759316908,201.29141235351562,59211800
2025-05-22,199.91690559460176,201.94883789272,198.91088686006037,200.5643310546875,46742400
2025-05-23,192.9046989896,196.91877297523902,192.6955373289648,194.49838256835938,78432900
2025-05-27,197.51641281084125,199.94677348688452,196.64984031499387,199.4188690185547,56288500
2025-05-28,199.79734764673603,201.92889064401075,199.1100718095576,199.62802124023438,45339700
2025-05-29,202.77554227533128,203.0046291598645,197.72556941325453,199.15988159179688,51396800
2025-05-30,198.5821728136608,201.1619498266407,196.00241099917397,200.05633544921875,70819900
2025-06-02,199.488582384924,201.33127809714276,199.32921098525782,200.90296936035156,35423300
2025-06-03,200.55437033168948,202.96480586317466,200.16591202699755,202.46678161621094,46381600
2025-06-04,202.10819540070028,205.42503857555045,201.30139858491114,202.0185546875,43604000
2025-06-05,202.69585814733983,203.94091870107042,199.35908978394463,199.8372039794922,55126100
2025-06-06,202.19783403313102,204.8871617909174,201.2515910514923,203.11419677734375,46607700
2025-06-09,203.58234611432158,205.18598475848052,199.22961916524454,200.65396118164062,72862600
2025-06-10,199.80734330812555,203.54252533508333,199.77746306778945,201.86915588378906,54672600
2025-06-11,202.6958722895077,203.69192080198684,197.62598900862739,197.99452209472656,60989900
2025-06-12,198.29333609984755,198.890956077424,196.58013147350607,198.41285705566406,43904600
2025-06-13,198.94074360607502,199.57821397711425,194.92666975119658,195.6737060546875,51447300
2025-06-16,196.52035592822918,197.90486262143017,195.78327462738756,197.63592529296875,43020700
2025-06-17,196.42074594971083,197.60604600468164,194.43861931524052,194.86691284179688,38856200
2025-06-18,195.16573699325735,196.7893008408277,194.2991796996429,195.80320739746094,45394700
2025-06-20,197.45666110928434,200.90298042554332,196.08210930882012,200.20574951171875,96813500
2025-06-23,200.83325703321927,201.50060768152076,198.17380945321412,200.70376586914062,55814300
2025-06-24,201.78945874554142,202.63610603642124,199.4089034764897,199.50851440429688,54064000
2025-06-25,200.65396860223956,202.8651975026319,199.82724651799433,200.76353454589844,39525700
2025-06-26,200.63404307360597,201.8392684520338,198.67184150130464,200.20574951171875,50799100
2025-06-27,201.09221242791352,202.41695863400855,199.20968154525062,200.28541564941406,73188600
2025-06-30,201.211736268348,206.57048164253425,198.4726031076903,204.3592529296875,91912800
2025-07-01,205.85332972802502,209.35942450018746,205.3254252695324,206.99879455566406,78788900
2025-07-02,208.08449026524102,212.49697770796604,207.31752868499885,211.6005401611328,67941800
2025-07-03,211.31166931275297,213.8017903991559,210.97301649264048,212.70614624023438,34955800
2025-07-07,211.83958469799765,215.37555986284275,207.97492690746134,209.12037658691406,50229000
2025-07-08,209.26978591644843,210.59451698338924,207.6262968509882,209.1801300048828,42848900
2025-07-09,208.7020406311003,210.49493096772343,206.40117103180637,210.30567932128906,48749400
2025-07-10,209.67816220166208,212.63642743345136,209.2000631819418,211.57066345214844,44443600
2025-07-11,209.73794232575938,211.29177557167307,209.03074119537857,210.3256072998047,39765800
2025-07-14,209.10044482334126,210.07658325197187,206.71988962428105,207.79562377929688,38840100
2025-07-15,208.39325734338402,211.05270487364396,208.09443976951917,208.28369140625,42296300
2025-07-16,209.46900551017632,211.5606982702429,207.81556132948495,209.32955932617188,47490500
2025-07-17,209.7379389650813,210.9630743588066,208.7618004967043,209.1901092529297,48068100
2025-07-18,210.0367321724359,210.95309492429405,208.87135730762196,210.3455047607422,48974600
2025-07-21,211.26189276464606,214.92734394651046,210.79374875413163,211.640380859375,51377400
2025-07-22,212.29776458434165,214.1006098348481,211.39135685335447,213.5527801513672,46404100
2025-07-23,214.15043456376964,214.29983576430007,211.5706725113145,213.3037872314453,46989300
2025-07-24,213.05475989741393,214.83769515517375,212.68622683006964,212.91531372070312,46022600
2025-07-25,213.85160291428238,214.38947759784276,212.5567368669443,213.03485107421875,40268800
2025-07-28,213.18425263148458,214.00101967144602,212.2180844005514,213.2041778564453,37858000
2025-07-29,213.33363944545516,213.96115480223384,209.9869314052821,210.43515014648438,51411700
2025-07-30,211.06266703997414,211.5507362671114,206.89919168476044,208.22393798828125,45512500
2025-07-31,207.66616446381488,209.01082086651627,206.34141808889078,206.7498016357422,80698400
2025-08-01,210.03673342752194,212.73603143542957,200.7037642416869,201.58029174804688,104434500
2025-08-04,203.70186769022786,207.0585613783641,200.88304868853191,202.5464630126953,75109300
2025-08-05,202.59624780213056,204.52858421879685,201.36115745633876,202.11814880371094,44155100
2025-08-06,204.81746371165528,214.5289368613384,204.77761325937152,212.4073486328125,108483100
2025-08-07,218.01508808955717,219.97730473834642,215.7241736307253,219.16053771972656,90224800
2025-08-08,219.95738825778145,230.08719950298993,218.38362983130105,228.4437255859375,113854000
2025-08-11,227.27701087414155,228.91238364576833,224.12592192869855,226.53909301757812,61806100
2025-08-12,227.36676338645532,230.14890113463383,226.42942796921326,229.00213623046875,55626200
2025-08-13,230.4181341091737,234.33703985510917,229.77992501054072,232.6717529296875,69878500
2025-08-14,233.39969406647393,234.4567012802976,230.19875827485632,232.12330627441406,51916300
2025-08-15,233.3398655982593,233.61907447658757,228.69300821277216,230.93666076660156,56038700
2025-08-18,231.04634466466607,232.46233685580373,229.46083388892833,230.23863220214844,37476200
2025-08-19,230.62753117126795,232.2130419457167,228.70298322789472,229.90956115722656,39402600
2025-08-20,229.33119207499826,229.81981519856654,225.13307755654054,225.3723907470703,42263900
2025-08-21,225.63166356522294,225.88095827873425,223.14868274098328,224.26551818847656,30621200
2025-08-22,225.53195134940427,228.44371192910324,224.77410085849388,227.11746215820312,42477800
2025-08-25,225.84107546750252,228.65312729963858,225.59178073979155,226.5191650390625,30983100
2025-08-26,226.22996704217394,228.84258604761433,224.05612439304167,228.6630859375,54575100
2025-08-27,227.96508141122786,230.24861452224957,227.61606269083353,229.83978271484375,31259500
2025-08-28,230.16883391080088,232.7515235304584,228.692998228932,231.90391540527344,38074700
2025-08-29,231.85405874294378,232.7216147258446,230.71727541448905,231.485107421875,39418400
2025-09-02,228.60325464814514,230.19874691737337,226.3296880547272,229.07192993164062,44075600
2025-09-03,236.5408165177042,238.17618932549604,233.69885053091846,237.79725646972656,66427800
2025-09-04,237.7772812570227,239.22318747047024,236.07211403385233,239.10353088378906,47549400
2025-09-05,239.3229322237051,240.63921565449175,237.8171975861315,239.01380920410156,54870400
2025-09-08,238.62491556233425,239.47250850410185,235.6732593017711,237.20892333984375,48999500
2025-09-09,236.33140663047269,238.10638391026913,232.70167593051625,233.6888885498047,66313900
2025-09-10,231.53496736029473,231.76431424305812,225.31256565050364,226.1501922607422,83440800
2025-09-11,226.23996538709508,229.7998863317909,226.01060327291316,229.38107299804688,50208600
2025-09-12,228.57335925244223,233.84842918261825,228.373926506362,233.40968322753906,55824200
2025-09-15,236.33139853346725,237.5180438551372,234.36695488957946,236.03224182128906,42699500
2025-09-16,236.51088466190768,240.53949594661788,235.65332541334,237.4781494140625,63421100
2025-09-17,238.2958480596019,239.42266510979977,237.05934071942244,238.3157958984375,46508000
2025-09-18,239.29302360434258,240.51954939992544,235.98238232851827,237.20892333984375,44249600
2025-09-19,240.5494606794321,245.60516498271895,239.53234916144805,244.8074188232422,163741300
2025-09-22,247.5995237986898,255.9160073848096,247.42002368458668,255.35755920410156,105517400
2025-09-23,255.15815615601056,256.6140289111009,252.86464151383097,253.7122344970703,60275200
2025-09-24,254.49999981420794,255.01853710208397,250.33178410429736,251.59820556640625,42303700
2025-09-25,252.49566170312627,256.4444966190252,250.99989343760635,256.14532470703125,55202100
2025-09-26,253.38317016390945,256.8732963908738,253.06406560531616,254.7393341064453,46076300
2025-09-29,253.8418726304012,254.28063380560434,252.29624220529692,253.7122344970703,40127700
2025-09-30,254.1410137555297,255.1980209495745,252.39595068950493,253.9116668701172,37704300
2025-10-01,254.32049261064776,258.0599285933123,254.21080232618834,254.72933959960938,48713900
2025-10-02,255.85613542550084,257.45162766856953,253.43299812845933,256.40460205078125,42630200
2025-10-03,253.9515436206674,258.5086431914624,253.23357360959045,257.2920837402344,49155600
2025-10-06,257.262186546101,258.339156849437,254.33049322602108,255.9658660888672,44664100
2025-10-07,256.0855101139428,256.6738420114173,254.70939836699205,255.75645446777344,31955800
2025-10-08,255.7963062732735,257.7906639625656,255.3874592951906,257.33197021484375,36496900
2025-10-09,257.08267167133846,257.27213808351553,252.42584836214985,253.32330322265625,38322000
2025-10-10,254.2207817432353,255.6567217403356,243.3116425485481,244.57806396484375,61999100
2025-10-13,248.67648318296307,248.98560621270488,244.86725241658198,246.96133422851562,38142900
2025-10-14,245.90431694508948,248.14796941642882,244.00966795095763,247.07101440429688,35478000
2025-10-15,248.78616738422895,251.10959602979932,246.77186176083558,248.63658142089844,33893600
2025-10-16,247.54965348458146,248.33741809379524,244.43846029169785,246.7519073486328,39777000
2025-10-17,247.3203043073955,252.66518358811555,246.57242016484557,251.5782470703125,49147000
2025-10-20,255.168106265739,263.63416054313814,254.90884523128253,261.50018310546875,90483000
2025-10-21,261.141213133835,264.5415968076956,261.0913359303388,262.0286865234375,46695900
2025-10-22,261.9090501595624,262.1084981259862,254.70941678507808,257.7209167480469,45015300
2025-10-23,259.206686997747,259.8847613495841,257.28213901467177,258.8476867675781,32754900
2025-10-24,260.4531458541269,263.3848541030092,258.44880663072195,262.07855224609375,38253700
2025-10-27,264.13273028939324,268.3607587413759,263.9033682058253,268.0516357421875,44888200
2025-10-28,268.23110734142335,269.12859257872884,267.39348082722177,268.2410888671875,41534800
2025-10-29,268.5203194424725,270.6443152614699,266.35642794866993,268.93914794921875,51086700
2025-10-30,271.2226702585742,273.36662916750566,267.72259312931254,270.63433837890625,69886500
2025-10-31,276.2085578376442,276.53764389728985,268.4006608909581,269.60723876953125,86167100
2025-11-03,269.6571458353552,270.08592548154905,265.4988962118729,268.2909851074219,50194600
2025-11-04,267.5730004152706,270.72408938596277,266.86501191822913,269.2781982421875,49274800
2025-11-05,267.8521863717013,270.93349568379296,266.17693326929896,269.3778991699219,43683100
2025-11-06,267.1342708755924,272.6287059365568,267.1342708755924,269.0089416503906,51204000
2025-11-07,269.03885049148494,271.5218466038475,266.0173996929098,267.7126159667969,48227400
2025-11-10,268.46119877683986,273.2223721938244,266.9639805623884,268.9303283691406,41312400
2025-11-11,269.3096487524697,275.3983427074405,269.2996575494418,274.73956298828125,46208300
2025-11-12,274.49005224267427,275.2187095291286,271.19618380015726,272.962890625,48398000
2025-11-13,273.6016390736082,276.1868626363035,271.58539619817094,272.4438171386719,49602800
2025-11-14,270.5473523374902,275.4482508823214,269.10005949599775,271.90484619140625,47431300
2025-11-17,268.3214829895084,269.98836893107386,265.237217022597,266.9639892578125,45018300
2025-11-18,269.48928956232544,270.20795552947055,264.8279672087311,266.94403076171875,45677300
2025-11-19,265.0376012369211,271.70520656667077,265.0076580872151,268.0619812011719,40424500
2025-11-20,270.327749378444,274.91922505965954,265.42688147061517,265.7562561035156,45823600
2025-11-21,265.4568071090486,272.8230952896135,265.17732758833057,270.98651123046875,59030800
2025-11-24,270.397645153795,276.48633959077114,270.397645153795,275.4083557128906,65585800
2025-11-25,274.75950033189645,279.8600396675645,274.7395483878858,276.45635986328125,46914200
2025-11-26,276.4464065684995,279.0116481613461,276.11703191175064,277.0353088378906,33431400
2025-11-28,276.7458380127342,278.4826014787427,275.4781737009374,278.3328857421875,20135600
2025-12-01,277.4944549964911,282.89442609469603,275.62792768573877,282.57501220703125,46587700
2025-12-02,282.47518456741903,286.86701880065203,282.10587559562896,285.6592712402344,53669500
2025-12-03,285.6692634925469,288.0847586222564,282.77461708045536,283.623046875,43538700
2025-12-04,283.5731318378766,284.20196835267484,278.07334059490756,280.179443359375,43989100
2025-12-05,280.01974631085085,280.6186397013617,277.53434330937836,278.26300048828125,47265800
2025-12-08,277.6142094762677,279.15136205700173,275.6378704438954,277.3746643066406,38211800
2025-12-09,277.6441787437343,279.5107061083118,276.4064879695729,276.6659851074219,32193300
2025-12-10,277.23491184461454,279.2312028389952,275.92734368017386,278.26300048828125,33038300
2025-12-11,278.5824273392719,279.07150890817053,273.3022288840155,277.514404296875,33248000
2025-12-12,277.38461586894516,278.70217518025987,276.30663218031253,277.763916015625,39532900
2025-12-15,279.63046152672615,279.63046152672615,272.33402020742307,273.6016540527344,50409100
2025-12-16,272.3140798989353,274.9891026980292,271.2859911871425,274.1007385253906,37648600
2025-12-17,274.50001118897205,275.6478724530811,271.13626563598973,271.33587646484375,50138700
2025-12-18,273.1025913325419,273.12257373871984,266.4549687260805,271.68524169921875,51630700
2025-12-19,271.6453053723066,274.09077415448866,269.399477884542,273.1625061035156,144632000
2025-12-22,272.3539780142796,273.37210596231955,270.00836035897595,270.4674987792969,36571800
2025-12-23,270.3377490962612,271.99467443806464,269.06012395403746,271.85491943359375,29642000
2025-12-24,271.8349404799371,274.9192064044749,271.69521595033444,273.3022155761719,17910600
2025-12-26,273.65160578690546,274.8593534534055,272.35399820928086,272.89300537109375,21521800
2025-12-29,272.1843267483383,273.8512128461511,271.8449608988494,273.2523498535156,23715200
2025-12-30,272.30405905646904,273.57169281796894,271.77504318392386,272.57354736328125,22139600
2025-12-31,272.553621806917,273.17246717497864,271.24605357156486,271.3558349609375,27293600
2026-01-02,271.7551282774649,277.32476727085935,268.5011639041959,270.5074462890625,37838100
2026-01-05,270.1381413175191,271.00652312062255,265.64648609237463,266.764404296875,45647200
2026-01-06,266.5048844877732,267.05385240251036,261.63392891626114,261.87347412109375,52352100
2026-01-07,262.7119324450406,263.1910228349833,259.3282042611396,259.84722900390625,48309800
2026-01-08,256.5433578451618,258.80916773471864,255.22581364132833,258.55963134765625,50419300
2026-01-09,258.5995368285105,259.7274461787287,255.74485516422806,258.8890075683594,39997000
2026-01-12,258.679389570116,260.81540508500296,256.32375036738995,259.7673645019531,45263800
2026-01-13,258.24022168851656,261.3244878277737,257.9108470550362,260.5658874511719,45730800
2026-01-14,259.0087756526009,261.33447181199796,256.23393227813756,259.4779052734375,40019400
2026-01-15,260.16664839115424,260.55593980217856,256.57331808587395,257.7311706542969,39388600
2026-01-16,257.4217218192236,258.41986733264514,254.4572284259222,255.05612182617188,72142800
2026-01-20,252.26132447540706,254.31750190322293,242.9685916985444,246.2425079345703,80267500
2026-01-21,248.23880604127606,251.09350304772093,244.72532928784554,247.1907501220703,54641700
2026-01-22,248.737864640942,250.53452965267718,247.68980878155546,247.8894500732422,39708300
2026-01-23,246.86136630134166,248.94748685874615,244.22624741136653,247.58001708984375,41689000
2026-01-26,251.01365072947274,256.08423219515316,249.33677343540953,254.93637084960938,55969200
2026-01-27,258.6894015269614,261.4642450011371,257.73115984508394,257.7910461425781,49648300
2026-01-28,257.1721946066941,258.3799421919039,254.03801819206552,255.96444702148438,41288000
2026-01-29,257.52154586161765,259.16847988830324,253.93820707645818,257.801025390625,67253000
2026-01-30,254.6968198516284,261.4143357105436,251.71235892004358,258.99884033203125,92443400
2026-02-02,259.5477742456141,269.98836769074944,258.72928762151224,269.50927734375,73913400
2026-02-03,268.70080609664296,271.3758289780004,267.11372779647115,268.98028564453125,64394700
2026-02-04,271.7850411492978,278.432693698261,271.7850411492978,275.97723388671875,90545700
2026-02-05,277.6142303156022,278.98168486317746,272.72332314901723,275.3983459472656,52977400
2026-02-06,276.6060720438839,280.3890519626743,276.4164219647768,277.6042175292969,50453400
2026-02-09,277.6541982366954,277.9439398399519,271.4499228389202,274.3672180175781,44623400
2026-02-10,274.6369782150198,275.11651686144285,272.68876099546605,273.4280700683594,34376900
2026-02-11,274.44714753122867,279.92208361183503,274.1973776592452,275.24639892578125,51931300
2026-02-12,275.3363333447182,275.46621856633783,259.94051360693726,261.4891052246094,81077200
2026-02-13,261.7688319830923,261.9886306947134,255.21485759663088,255.5445556640625,56290700
2026-02-17,257.8124646511843,266.0449008431299,255.30478047881587,263.6371154785156,58469100
2026-02-18,263.35737977838915,266.57441720150126,262.20844437502524,264.106689453125,34203300
2026-02-19,262.35827847824623,264.2365527856389,259.81060750150084,260.3401184082031,30845300
2026-02-20,258.73163460792017,264.5063132392292,257.9223826043077,264.3364562988281,42070500
2026-02-23,263.24744081710827,269.1819753311392,263.13755670993424,265.9349670410156,37308200
2026-02-24,267.61343657617186,274.6369951599546,267.46358073991865,271.8895263671875,47014600
2026-02-25,271.5298429675081,274.6869380517792,270.8005039088116,273.97760009765625,33714300
2026-02-26,274.6969199809464,275.8558253670768,270.55071567552415,272.6987609863281,32345100
2026-02-27,272.5588900215503,272.5588900215503,262.6480379442022,263.93682861328125,72366500
2026-03-02,262.16844722421786,266.2846497598317,259.960490133898,264.476318359375,41827900
2026-03-03,263.23749216234586,265.31556422164516,259.8905695547566,263.5072326660156,38568900
2026-03-04,264.4063951364299,265.9050144519466,261.179387723623,262.2783508300781,39803100
2026-03-05,260.54995479568396,261.3192350446657,257.01320478174756,260.0504150390625,49658600
2026-03-06,258.39192833924307,258.53178361058343,254.13584003818684,257.2229919433594,41120000
2026-03-09,255.45463216869055,260.9095975388004,253.44647267699952,259.6407775878906,38218500
2026-03-10,257.4128391437035,262.2384104290217,256.71350175461305,260.58990478515625,30590800
2026-03-11,260.8496568052655,261.888707997661,259.3110658747261,260.5699157714844,26218900
2026-03-12,258.4219063383753,258.71164792954545,253.94601921584928,255.52456665039062,40794000
2026-03-13,255.24483747003174,256.0940459350445,249.29033192864068,249.8897705078125,36930000
2026-03-16,251.87794235419486,253.6563027081548,249.6499992581203,252.58729553222656,32074200
2026-03-17,252.72716690012706,254.89516767044782,251.94787083452104,253.99598693847656,32361600
2026-03-18,252.3974721128864,254.70534343896443,248.7708084606242,249.70994567871094,35757900
2026-03-19,249.17043241392184,251.5982036354298,247.0723745163624,248.73085021972656,34864100
2026-03-20,247.7517334570195,248.97061168291066,245.77356028907465,247.76173400878906,88331100
2026-03-23,253.73622734962268,254.3656523266213,250.0496214753341,251.25851440429688,40546100
2026-03-24,250.1195650925759,254.5954370944537,249.32029842391177,251.4083709716797,45152300
2026-03-25,253.86611511385965,254.76528059453105,251.3684162845015,252.38746643066406,28476700
2026-03-26,251.88793104116345,256.76344411909713,250.53918279672283,252.6572265625,41796700
2026-03-27,253.666280215245,255.2548282141602,247.8416601166152,248.57098388671875,47900000
2026-03-30,249.83982057534305,250.63907198816298,245.28400520065438,246.40298461914062,39446200
2026-03-31,247.6818040942864,255.24482803058763,246.87255213324852,253.55638122558594,49598100
2026-04-01,253.8461228128272,255.94418062939917,253.096813183035,255.3946990966797,40059400
2026-04-02,253.96601496217014,255.89424639361263,250.4192795609811,255.68443298339844,31289400
2026-04-06,256.27389167390277,261.9186847371787,256.2239194053331,258.6217041015625,29329900
2026-04-07,255.92421782448065,255.96418954301222,245.47383916108728,253.26666259765625,62148000
2026-04-08,258.2121146377317,259.51090582044134,256.29386854025813,258.66168212890625,41032800
2026-04-09,258.7615948993736,260.879638597066,255.8342992320816,260.2502136230469,28121600
2026-04-10,259.7406946341393,261.94865175168746,258.78155637925676,260.240234375,31291500
2026-04-13,259.49093671136296,259.9405042051452,256.4237552437805,258.96142578125,36234700
2026-04-14,259.01136264890187,261.68888841493145,256.9532612999924,258.59173583984375,48370700
2026-04-15,257.92237663273806,266.3146386359468,257.57269269729437,266.18475341796875,49913500
2026-04-16,266.55439590858066,266.91408037974617,261.0294875448873,263.15753173828125,43323100
2026-04-17,266.7142527536172,272.0493335842862,266.47448343207725,269.98126220703125,61436200
2026-04-20,270.08114756253855,274.0275237795767,270.04120633500696,272.79864501953125,36590200
2026-04-21,271.250098918132,272.5488901425708,265.1557075406741,265.9250183105469,50209800
2026-04-22,267.5734973129919,273.48803128351057,266.62435952726383,272.9185791015625,43249200
2026-04-23,274.79681820267325,275.5161566987003,271.39995382845746,273.1783142089844,33399600
2026-04-24,272.50893317942314,272.80864483253174,269.4017800912603,270.81048583984375,38157100
2026-04-27,265.84505761361925,268.1129570778125,264.8260075108844,267.3636474609375,41466800
2026-04-28,272.0893199684016,272.97851539952296,268.4127145556596,270.4608154296875,40018900
2026-04-29,267.3037117460274,270.7905199823619,266.7942019267937,269.92132568359375,30047900
2026-04-30,270.25102650288807,275.7459641951834,267.893213328058,271.1002502441406,91848200
2026-05-01,278.6032901046287,286.95561044034525,278.1137509144006,279.88214111328125,79915400
2026-05-04,279.4025768563376,280.3716851917065,274.60697695873915,276.5751647949219,46668400
2026-05-05,276.6750995896243,284.30808218316156,276.2455026895375,283.9184265136719,49311700
2026-05-06,281.66051049385584,287.76487170009636,280.8112868075762,287.245361328125,58336100
2026-05-07,289.00371711581823,291.8611003514943,285.5169394038565,287.1754150390625,45224300
2026-05-08,289.7430674686918,294.4886952888782,289.7330669166447,293.0500183105469,52692800
2026-05-11,291.9800109863281,293.8800048828125,290.2300109863281,292.67999267578125,42247300
2026-05-12,292.55999755859375,295.2699890136719,292.55999755859375,294.79998779296875,45748100
2026-05-13,293.5,300.9200134277344,293.5,298.8699951171875,52684300
2026-05-14,299.82000732421875,300.45001220703125,295.3800048828125,298.2099914550781,35324900
2026-05-15,297.8999938964844,303.20001220703125,296.5199890136719,300.2300109863281,54862800
2026-05-18,300.239990234375,300.6600036621094,294.9100036621094,297.8399963378906,34483000
2026-05-19,296.9700012207031,300.510009765625,296.3500061035156,298.9700012207031,42243600
2026-05-20,298.17999267578125,302.79998779296875,298.0799865722656,302.25,38229800
2026-05-21,301.05999755859375,305.5400085449219,300.3999938964844,304.989990234375,42965100
2026-05-22,306.1199951171875,311.3999938964844,305.8399963378906,308.82000732421875,43670200
2026-05-26,309.55999755859375,311.82000732421875,307.6700134277344,308.3299865722656,48000500
2026-05-27,308.3299865722656,313.260009765625,308.29998779296875,310.8500061035156,50430900
2026-05-28,310.67999267578125,312.79998779296875,309.57000732421875,312.510009765625,48220400
2026-05-29,311.7799987792969,315.0,309.5299987792969,312.05999755859375,70026800
2026-06-01,309.6300048828125,310.94000244140625,305.0199890136719,306.30999755859375,48849900
2026-06-02,307.4599914550781,315.45001220703125,306.69000244140625,315.20001220703125,44534700
2026-06-03,314.17999267578125,316.94000244140625,308.8500061035156,310.260009765625,50836700
2026-06-04,313.2300109863281,313.5400085449219,309.6499938964844,311.2300109863281,44869100
2026-06-05,312.8599853515625,315.1700134277344,307.1499938964844,307.3399963378906,65310500
2026-06-08,308.739990234375,317.3999938964844,301.1700134277344,301.5400085449219,77949100
2026-06-09,300.2799987792969,300.75,287.7799987792969,290.54998779296875,70108800
2026-06-10,290.739990234375,294.75,287.3800048828125,291.5799865722656,52793300
2026-06-11,293.7200012207031,297.0,289.5899963378906,295.6300048828125,42572500
2026-06-12,296.0299987792969,297.1400146484375,289.6199951171875,291.1300048828125,38742100
2026-06-15,294.1199951171875,297.7799987792969,291.70001220703125,296.4200134277344,45732600
2026-06-16,295.25,300.4800109863281,293.9700012207031,299.239990234375,39874400
2026-06-17,300.8500061035156,302.07000732421875,294.3599853515625,295.95001220703125,42745100
2026-06-18,298.1099853515625,300.57000732421875,295.6199951171875,298.010009765625,85962200
2026-06-22,297.30999755859375,302.4200134277344,296.760009765625,297.010009765625,44879900
2026-06-23,297.5400085449219,301.6400146484375,294.17999267578125,294.29998779296875,52010900
2026-06-24,295.3599853515625,299.70001220703125,292.94000244140625,293.0799865722656,53081900
2026-06-25,287.3999938964844,288.79998779296875,273.75,275.1499938964844,107013700
2026-06-26,275.0,285.95001220703125,274.2099914550781,283.7799987792969,261775500
2026-06-29,286.7300109863281,288.3699951171875,279.8500061035156,281.739990234375,66427000
2026-06-30,281.1700134277344,289.94000244140625,280.70001220703125,289.3599853515625,65100200
2026-07-01,293.44000244140625,296.5899963378906,289.20001220703125,294.3800048828125,50164200
2026-07-02,294.1199951171875,309.4200134277344,293.67999267578125,308.6300048828125,75352800
2026-07-06,307.3599853515625,314.20001220703125,307.0,312.6600036621094,53590000
2026-07-07,315.2900085449219,315.4800109863281,310.1499938964844,310.6600036621094,42490000
2026-07-08,311.9100036621094,314.82000732421875,307.04998779296875,313.3900146484375,41323500
2026-07-09,310.510009765625,316.5299987792969,308.1600036621094,316.2200012207031,48124500
2026-07-10,314.7200012207031,316.9100036621094,312.1700134277344,315.32000732421875,34132300
2026-07-13,317.0199890136719,323.45001220703125,315.7799987792969,317.30999755859375,43257800
2026-07-14,313.760009765625,316.19000244140625,311.9100036621094,314.8599853515625,36336800
2026-07-15,317.6199951171875,328.7300109863281,317.32000732421875,327.5,60957600
2026-07-16,328.010009765625,334.67999267578125,326.7900085449219,333.260009765625,62970600
2026-07-17,331.9800109863281,334.989990234375,329.0,333.739990234375,63407100
2026-07-20,333.510009765625,333.7099914550781,323.67999267578125,326.5899963378906,53468000
2026-07-21,323.1300048828125,329.6000061035156,322.2200012207031,327.739990234375,41338900
2026-07-22,327.8699951171875,329.0,323.3399963378906,325.8900146484375,38755900
2026-07-23,321.7300109863281,323.29998779296875,319.3500061035156,321.6600036621094,40840800
2026-07-24,321.7900085449219,334.3699951171875,321.6199951171875,333.0199890136719,47489400
2026-07-27,334.5400085449219,339.57000732421875,334.0199890136719,336.9100036621094,49604300
2026-07-28,340.0299987792969,342.8900146484375,335.6000061035156,340.0799865722656,51859000
2026-07-29,339.7300109863281,344.57000732421875,337.3500061035156,338.19000244140625,56090800
2026-07-30,333.1000061035156,334.75,329.5899963378906,333.42999267578125,73355100
2026-07-31,304.80999755859375,306.8999938964844,300.3299865722656,302.5,54658869
