date,open,high,low,close,volume
2021-08-02,611.4201387374753,612.7804944557183,601.6686213732413,604.642822265625,10124350
2021-08-03,606.0567133225405,618.441150422057,605.1790530839295,617.4562377929688,10917100
2021-08-04,618.5387867964525,631.6497101431925,615.8083736073654,620.1136474609375,16320910
2021-08-05,619.6114978988455,619.7577349625279,607.714633643995,609.2992553710938,8665670
2021-08-06,612.8828622245791,614.2968441366012,605.6667156161107,606.9636840820312,7297890
2021-08-09,607.0318809065704,611.4151826586221,598.3578882370839,603.926025390625,8811790
2021-08-10,607.0319794794626,609.3186818212125,598.9431121771325,601.6784057617188,7310090
2021-08-11,602.2634957474893,604.5892423398466,590.6494638658625,601.4541625976562,7919290
2021-08-12,602.7412217901937,609.9476068964609,599.8401693871999,604.5452880859375,7946020
2021-08-13,605.5692745594976,607.4074452459824,597.86555144609,600.3571166992188,6679320
2021-08-16,599.6208079275075,623.6095160917212,595.2179836897293,621.868896484375,14233350
2021-08-17,625.0673896893367,627.6905502711137,614.8331768597913,625.08203125,16027760
2021-08-18,627.4126167799162,647.500717646474,624.6870249720197,638.1489868164062,21537300
2021-08-20,631.1133154826117,656.5404081192906,629.5238134404099,649.5582885742188,21647320
2021-08-23,657.2522989650726,665.0047675108761,653.0591582195971,658.4419555664062,17383400
2021-08-24,660.6652784719674,687.3844589290233,656.0771730463186,680.6656494140625,26229900
2021-08-25,683.0938283652673,687.8720959399785,674.9025295282028,677.238037109375,15096670
2021-08-26,672.854659119455,681.9479604380736,668.4664765599803,675.9702758789062,12345880
2021-08-27,677.7305173252292,684.9807687521321,670.1243450057196,679.3492431640625,9359060
2021-08-30,682.2112800442934,701.81674702748,680.6559415261813,698.7449951171875,15043820
2021-08-31,698.2086372957609,740.998299884811,695.2831821115608,733.7529296875,29464380
2021-09-01,733.8017070135639,748.3802378805316,729.7402213176983,733.275146484375,22277890
2021-09-02,731.3638235768135,739.7891491088681,726.0053693908907,731.212646484375,11833780
2021-09-03,731.3638096437231,736.7271442477771,727.6338423108323,733.6456909179688,8802470
2021-09-06,736.2395600274637,742.5780463058459,729.9108347893991,731.9830322265625,8970710
2021-09-07,734.182009945783,737.8241874208138,722.3143703821605,727.1998901367188,8360130
2021-09-08,727.1706182406106,732.7289947093174,722.6897653302401,727.7752075195312,8592560
2021-09-09,724.5377480096107,727.4632032505647,719.6619892746874,724.6011352539062,7004360
2021-09-13,724.6011715308107,730.876270956076,716.9316121797686,726.0541381835938,8025650
2021-09-14,729.4134871685918,734.2892457726599,722.3923828750262,723.3236694335938,7192580
2021-09-15,726.0004298059255,729.4134607049459,719.6619438506017,722.9920654296875,6572830
2021-09-16,726.0004379888927,726.0004379888927,714.8349391611118,722.7337036132812,5771290
2021-09-17,726.0492632134395,748.9117043830927,717.7117271992761,724.4207763671875,34749690
2021-09-20,717.7117093977141,739.2625399078105,713.8842505685609,725.7518310546875,10838060
2021-09-21,729.5256749056305,765.2113857596514,721.7098189916245,761.968994140625,19931330
2021-09-22,765.4942581773084,769.8824418229108,757.7905341920531,759.999267578125,15005410
2021-09-23,766.8202660968645,780.0238580271258,761.0717873761631,770.2772216796875,21091470
2021-09-24,775.2310011656662,775.2310011656662,753.3681155542212,759.9747924804688,11293460
2021-09-27,765.3966609056462,766.4693040632035,754.7723631475391,760.1746826171875,6507740
2021-09-28,762.0810992898017,763.05625104833,724.0550612274772,735.5862426757812,15723010
2021-09-29,734.1917911916227,744.6112854698002,727.0877772191973,732.8655395507812,9458790
2021-09-30,735.7519879746072,750.8668399475779,730.4764432483274,747.756103515625,14907070
2021-10-01,743.0656637734787,744.9379385445667,728.9259628224087,733.5823364257812,9377400
2021-10-04,739.9450788949164,757.5953599189723,737.2293076688991,750.3840942382812,10901980
2021-10-05,749.2090641938004,757.2053203041976,744.4405579373131,753.2266845703125,7732430
2021-10-06,761.5935525716725,768.4781218697477,749.4041551233423,754.2945556640625,17646310
2021-10-07,765.0943770529934,768.9071944033473,754.5724510377121,755.537841796875,9405500
2021-10-08,755.7425123353821,763.4462340104718,752.0369480495732,754.0067138671875,7565710
2021-10-11,758.0731653118472,770.7988826057215,755.9375807899025,762.2858276367188,9086480
2021-10-12,761.5934786336361,772.8077231973836,755.7425684264634,766.0548095703125,10994490
2021-10-13,771.1402726740599,781.0965940068653,766.5960914613798,773.2271118164062,10524380
2021-10-14,777.0984190040272,777.0984190040272,761.8226294242041,766.7520141601562,11348490
2021-10-18,784.9970547649216,784.9970547649216,760.6962930391268,767.0103759765625,8550980
2021-10-19,769.394701164481,771.8032973254644,748.0388548532612,754.6991577148438,12449890
2021-10-20,754.8648982180091,763.8899318560522,738.6774039972331,756.849365234375,11028990
2021-10-21,763.5437644634384,763.5437644634384,749.4040651215229,754.5040893554688,6394610
2021-10-22,756.3276633321224,773.7829032300455,747.453806333749,751.8615112304688,15173760
2021-10-25,755.7426439769702,764.2996248178038,716.7853177159972,745.6644287109375,11697290
2021-10-26,750.3793491525751,769.8775056468494,746.0984182433291,766.045166015625,16605750
2021-10-27,767.4444663426261,772.3153448205092,727.5607339285847,729.6232299804688,31122330
2021-10-28,735.2643633541956,740.7251889297836,717.0680592768479,729.827880859375,15723020
2021-10-29,729.4134663665798,736.2102450979165,713.1333017096629,721.6317749023438,9483340
2021-11-01,724.5377557747516,731.3833401578833,704.0595688686011,722.97265625,10373140
2021-11-02,728.116572432746,736.727179427983,721.6367292424837,727.009765625,6871160
2021-11-03,729.998567477223,735.1473972242981,726.5855363932045,732.9484252929688,6687040
2021-11-04,737.3121625733863,738.0923315334131,732.8264886459086,733.8114013671875,940330
2021-11-08,735.6447322810494,752.1491635063499,729.9985656386998,748.2973022460938,9003010
2021-11-09,750.8668740076502,756.1717020956667,736.2395972412673,738.9212646484375,8002470
2021-11-10,735.752071014587,742.0905580412203,731.8514636135819,739.3065185546875,4649890
2021-11-11,738.2093755049284,741.2079194347224,722.5874258752956,726.7513427734375,6344000
2021-11-12,731.3638460001561,741.1397665491083,726.7806206615134,739.0772705078125,4971280
2021-11-15,739.0675753815883,743.7921572987373,730.3887005265262,734.7037353515625,4025180
2021-11-16,733.8016871607582,745.9910839574485,731.436956085908,736.79541015625,5980490
2021-11-17,734.0942787201124,750.0867923870287,733.4360631448478,741.8613891601562,6455740
2021-11-18,743.0656078905735,750.6425557728699,725.5128769955205,729.8961791992188,7725390
2021-11-22,730.5836440224681,732.7777352828354,681.6358987406267,688.2913208007812,19352430
2021-11-23,682.6062800417533,699.9639706876776,675.204851474284,693.7522583007812,11875890
2021-11-24,698.2085755532138,713.7914797437921,689.0421263125601,699.8955688476562,10993800
2021-11-25,697.2335690610404,702.5969042076638,691.0706022594222,694.8737182617188,6154860
2021-11-26,684.6541053065845,687.2772662221743,660.6653930704133,663.790771484375,16890820
2021-11-29,659.885235081185,680.6559565211742,651.2356433751286,673.4154663085938,14918150
2021-11-30,673.8298980294818,702.0897783249292,667.9058389035893,682.3380737304688,21955390
2021-12-01,685.7461324864989,693.108575249315,677.8279056451123,686.3800048828125,11367680
2021-12-02,691.3825309313223,703.0843509188765,684.7904961487013,700.2076416015625,8477040
2021-12-03,698.208644790278,705.4052693821413,687.9695515356719,689.359130859375,8164110
2021-12-06,689.3591563991523,691.9579739704924,676.5700503974281,677.901123046875,8582530
2021-12-07,687.2869408118438,699.183804053704,678.5105750705839,692.6649169921875,10796080
2021-12-08,694.3080330603838,720.2812089605455,694.3080330603838,717.8579711914062,14026910
2021-12-09,721.6122852248054,728.2530661716056,715.4688411867344,725.5421752929688,10769500
2021-12-10,719.0769548033336,728.1458545598667,717.7117184879236,726.7318725585938,6791450
2021-12-13,728.4383712966721,729.1209894385431,702.0117821694969,703.9376831054688,12985990
2021-12-14,700.1589254896724,700.1589254896724,686.0192257409255,689.032470703125,12764810
2021-12-15,689.6760082021412,689.6760082021412,666.1260719195327,667.710693359375,18175280
2021-12-16,677.2428986178269,688.7935426682626,676.0629435592913,685.4195556640625,17683180
2021-12-17,682.6062404072891,685.0441198373151,669.4416914851485,672.9619750976562,16805110
2021-12-20,667.9789704869389,669.4270565983622,633.1270553307768,646.9302978515625,22263190
2021-12-21,655.8041991862067,658.2274370217557,637.74925009219,641.4109497070312,13755910
2021-12-22,647.0131768856746,662.2011770787484,645.9210117027538,660.2947387695312,12678980
2021-12-23,667.003863934861,681.9724209920629,666.833224265195,674.585693359375,13393990
2021-12-24,681.1337569536081,681.4311711041365,658.968576051063,668.1740112304688,9807740
2021-12-27,658.3248566666072,673.7127783089443,648.8708137737779,671.95263671875,9123600
2021-12-28,680.6559951501677,680.6559951501677,669.1248125549818,673.5032348632812,8624640
2021-12-29,671.3822036875584,677.7255704396796,668.2763478146209,673.99072265625,5323790
2021-12-30,672.8449408013033,677.2380041595934,668.651800215273,670.0364990234375,6589920
2021-12-31,671.0994735542478,682.5087613970892,670.4704816039776,680.3926391601562,7699070
2022-01-03,680.1683949223716,706.3951221854198,680.1683949223716,704.0206298828125,12697250
2022-01-04,706.9850552387707,719.1744527428874,705.5710732245846,716.053955078125,9591730
2022-01-05,728.4286440816821,750.0038779683512,723.0750701453129,748.0194702148438,25832620
2022-01-06,733.8016859039099,758.6046680825915,733.4116013996684,755.5719604492188,15359860
2022-01-07,757.1029404730742,759.1556158025621,739.6525813567673,746.90283203125,11659510
2022-01-10,749.5016014441642,756.6202567409318,747.9169798711304,753.9190673828125,6390600
2022-01-11,754.6699087343957,756.7128229344896,738.2873129004523,747.9266967773438,10379120
2022-01-12,753.4022529856188,767.346971268509,750.0672505120167,758.1317749023438,14584040
2022-01-13,763.3487569931464,765.4502375254741,758.0829733991553,761.4326171875,6163740
2022-01-14,758.1804615175047,765.1137759551001,753.6459822167697,763.75830078125,5696350
2022-01-17,762.5199307188522,771.3450422441064,760.7695499746525,765.7476806640625,6797740
2022-01-18,770.3649322999552,774.7579952978341,752.4318789550574,755.157470703125,11300240
2022-01-19,765.4941471364994,784.5096068424378,728.7309131346433,738.3654174804688,50003170
2022-01-20,742.0904709536617,745.9910778969136,721.7097758677554,734.3136596679688,29103830
2022-01-21,721.8560513931121,731.2662891768099,712.4312315678916,719.052490234375,13704500
2022-01-24,716.736539708315,716.736539708315,664.8292308512905,675.9508056640625,25025820
2022-01-25,672.8546967555197,682.2161295986159,658.4419255517711,679.0712890625,25259340
2022-01-27,665.4045740987304,673.0838945945355,654.1415826085916,666.7113037109375,17610280
2022-01-28,678.808000091319,687.0529249266935,667.4913829083958,669.6610717773438,14675220
2022-01-31,680.6462089864159,690.0077021649702,675.7899719711216,682.6306762695312,12512490
2022-02-01,690.0076532531492,693.8984992142758,671.4894715174946,684.0299682617188,13834490
2022-02-02,692.3577207837279,709.9104517331746,691.8701449240211,706.736328125,13398210
2022-02-03,707.2775725422132,710.5979929145575,692.3577622454216,693.3963012695312,8398560
2022-02-04,691.3826090055671,700.9781286670888,687.9695777904479,698.0526733398438,8232080
2022-02-07,698.6962439768228,698.6962439768228,671.0019098708136,675.8386840820312,11830120
2022-02-08,682.6062695174079,696.9410130809821,674.2881959785307,687.9696044921875,16405420
2022-02-09,695.1418479197444,698.0039161978942,689.4323529255387,694.0496826171875,6491660
2022-02-10,695.7707780575496,706.0098714977798,688.9447157640627,695.9658203125,12442000
2022-02-11,686.5068228438766,690.4025492716851,674.9073738863989,683.7373657226562,12764610
2022-02-14,664.0783618603898,675.7801832147579,657.6472644432848,661.7330932617188,11697660
2022-02-15,663.1031706523972,701.6216636535291,661.7330539147248,696.458251953125,13468200
2022-02-16,700.6464953872631,704.5422216613712,687.4819474572311,689.2957153320312,10540410
2022-02-17,694.3081233304084,695.0882329135874,680.8510395852979,690.6464233398438,9036160
2022-02-18,684.5564691308891,693.9179013115902,683.5813174654605,685.5413818359375,7625170
2022-02-21,682.6062329757359,690.4952369135704,673.9273584919141,683.2254638671875,8166640
2022-02-22,663.1031715107583,686.131369921949,662.0305284230825,683.7130126953125,12587320
2022-02-23,688.457093184238,694.0495738422989,685.2829696716012,686.9505004882812,7952280
2022-02-24,663.1032431383109,672.8742835022537,642.8639621836867,646.3111572265625,19300400
2022-02-25,663.1032401773763,681.6262443087887,659.1051415072537,679.622314453125,14132810
2022-02-28,668.9541147195641,685.0441189365798,663.7467780757174,682.8305053710938,15808910
2022-03-02,674.6098940073371,676.3993186970138,659.397552200104,666.1797485351562,16080090
2022-03-03,674.80498606385,677.1745975865608,655.7895276415306,658.0665283203125,13339990
2022-03-04,652.2205773110211,653.156684977597,633.8486906133903,637.5444946289062,19965090
2022-03-07,619.2213712731186,621.1716748046874,594.8425771285076,597.2804565429688,28435880
2022-03-08,597.5729423460508,606.2859202953055,576.5974200197035,600.8738403320312,28857830
2022-03-09,606.4956639562623,636.2865390534473,596.9732925011505,631.1669921875,22801310
2022-03-10,662.5180796065374,662.5180796065374,633.946087577646,642.1276245117188,20915610
2022-03-11,638.7243946786699,651.8889432712837,632.8783647132849,646.33056640625,12647710
2022-03-14,643.697622967651,652.279005670529,633.8486144581016,649.9824829101562,12668460
2022-03-15,651.1283232663432,658.2274568513586,644.0877559264035,650.08984375,14792700
2022-03-16,661.1528995535991,672.7962140592226,657.578989745961,667.0623168945312,16335960
2022-03-17,677.506177773639,688.1548178629234,675.7899012279738,682.0601196289062,16706780
2022-03-21,682.6062502937202,684.4346598927212,667.978973501712,669.96826171875,9620190
2022-03-22,669.9293431892874,683.5814695424897,659.8852907045695,681.2216186523438,12737960
2022-03-23,687.4819847474841,692.7478280125403,679.6807707361652,683.0742797851562,11767500
2022-03-24,679.5833311888201,686.0729356396985,671.026350110242,682.3673706054688,7837160
2022-03-25,688.3596903638615,689.1836650790523,676.7553599520786,680.0220947265625,7023730
2022-03-28,681.631049575568,686.0192322981575,669.929228981996,682.7427368164062,9369730
2022-03-29,686.5069297339844,688.4572335116377,681.0948486547059,686.4435424804688,7159500
2022-03-30,692.3577883842444,709.3693189326148,692.2602970101991,707.1654663085938,12722540
2022-03-31,710.6856741158817,726.0004483929064,706.0732255716209,707.9552612304688,16330110
2022-04-01,705.0297703878055,726.390496091046,704.0887823653134,722.402099609375,8715130
2022-04-04,726.3905408753646,740.2279461789068,724.5377287978071,730.4520263671875,10497590
2022-04-05,725.0252604327582,729.4085623903679,714.7861679854899,720.4859008789062,10720820
2022-04-06,716.7365621014712,724.0502004902618,711.8608031756108,716.4391479492188,7670310
2022-04-07,712.8358715949346,717.3215454747119,708.9352649104206,710.9050903320312,7182660
2022-04-08,714.6204364544479,724.0501367213732,707.9601336831205,718.355224609375,8819730
2022-04-11,716.2537849418217,720.052019757288,711.3731460528618,715.4346313476562,5975080
2022-04-12,711.855890022115,711.855890022115,704.0595566185492,709.3741455078125,8055980
2022-04-13,713.1284170738202,719.6619452829416,710.1103511702909,714.635009765625,6723170
2022-04-18,708.4965290648925,719.1744531888282,705.190750175276,708.1016235351562,7582220
2022-04-19,711.8607316752658,725.83467201841,697.3309477281783,707.916259765625,11911100
2022-04-20,709.4180005076323,711.3439013600519,678.7056016430413,685.7754516601562,15581810
2022-04-21,692.2602419781085,700.841565360923,687.218664643929,696.0730590820312,8753430
2022-04-22,690.407402483019,702.7918409566901,689.5687863068246,693.406005859375,8079870
2022-04-25,682.6063175286647,689.9150761241485,677.7305581177457,683.1426391601562,6849530
2022-04-26,695.3806727278468,708.2478069080503,692.0651925671144,706.0634765625,10124190
2022-04-27,692.3578210609251,692.3578210609251,652.264461833301,654.7266845703125,39843570
2022-04-28,658.0323812324921,663.5907580456194,641.6498439294895,656.0479736328125,24990940
2022-04-29,663.1031983399257,665.4045422144205,648.5734132747672,650.6017456054688,13375170
2022-05-02,638.7243756703491,648.4612512959283,636.3352420561189,646.150146484375,12387410
2022-05-04,646.5158438332238,650.2117070268549,613.3704456493213,618.2218017578125,16491150
2022-05-05,624.0970812495169,633.5999297017474,613.3704126655408,615.26708984375,14860280
2022-05-06,604.691542441101,605.0865074465902,582.653137934991,585.1203002929688,30648650
2022-05-09,581.2879057410337,598.2799717628109,568.7621106980375,588.6942138671875,19356480
2022-05-10,585.091008375019,596.1150909822608,575.3394915687687,578.11376953125,11779330
2022-05-11,580.897968660717,584.7595318929334,559.4446279713529,566.2706909179688,18613390
2022-05-12,560.7121937289419,562.1505185923986,536.9087683537512,545.4413452148438,24940440
2022-05-13,555.8364823301525,560.6147495821601,536.3334478624279,537.8693237304688,21053150
2022-05-16,543.6470991217507,557.0018094432979,535.1632670165015,550.5121459960938,14149550
2022-05-17,551.9358602284105,570.3662510999892,551.1557507749045,569.2252807617188,14017700
2022-05-18,574.3595486381888,580.868675214336,564.6129108369516,567.0703125,16550940
2022-05-19,551.0582186068518,560.224668672795,547.1576116883293,556.5191040039062,10650250
2022-05-20,569.4885815621069,569.6787432820787,557.0066519521239,562.62353515625,10986100
2022-05-23,568.0258762084044,575.9489839237577,562.7795551997091,565.0029296875,9680210
2022-05-24,563.9302518522002,568.8060106603958,558.2743835384013,565.4710083007812,10840690
2022-05-25,569.3910969888549,573.1649292768876,565.7635017435578,568.2598876953125,8675980
2022-05-26,570.4638128202148,572.9455575287448,551.2923542903476,567.3238525390625,12595460
2022-05-27,575.3396288092874,592.5998295772758,571.5413930612971,584.457275390625,16258050
2022-05-30,593.6724549405336,597.475571094688,589.0989902248713,595.934814453125,8174840
2022-05-31,595.8177613736885,601.5906434766342,586.6952351534181,593.1019897460938,15489660
2022-06-01,590.941989005822,597.7680515850973,582.8725840779049,586.0808715820312,8876200
2022-06-02,585.773630530914,592.8922259453001,580.137225208787,590.7322387695312,7508090
2022-06-03,597.2804034950074,601.473543811755,586.4562436635731,587.8409423828125,10434650
2022-06-06,585.8906307632055,589.9667575824603,576.4121256256313,587.1387939453125,7376570
2022-06-07,583.1406763516952,584.1109474647443,568.8693226842366,573.2526245117188,8969820
2022-06-08,575.3395762913837,590.3569381918305,565.8074434021893,580.6346435546875,13341460
2022-06-09,575.82711204588,578.4209895292585,570.9513532647971,575.1981201171875,12376740
2022-06-10,568.0258758908387,569.0010276091062,551.194747710575,552.667236328125,21518910
2022-06-13,538.7762675999961,541.599351199043,519.2683504429968,522.5107421875,19327850
2022-06-14,521.4136020764989,532.5302952375872,515.2896211113336,524.2171630859375,18845410
2022-06-15,528.337196735611,536.3236918050865,526.2064925809577,534.8658447265625,16599430
2022-06-16,542.6719378635582,547.5428159944893,512.4275926665515,515.2604370117188,21796860
2022-06-17,509.0292327480567,533.8956033133353,509.0292327480567,528.4884033203125,19379390
2022-06-20,529.3122685091346,537.308523410971,521.9011402694985,533.4517822265625,11194560
2022-06-21,538.7713118200755,542.5744272403376,531.9452499508619,541.1262817382812,10023590
2022-06-22,539.4052510897586,539.4052510897586,527.0695568039508,530.443603515625,8983460
2022-06-23,531.028614266632,535.8458661079251,521.0235481717509,531.2772827148438,11018570
2022-06-24,537.3086132450461,547.7085852126704,531.9452786300774,544.8904418945312,13049330
2022-06-27,555.8364971454822,558.2743765189274,544.8904425661295,550.1026000976562,10490080
2022-06-28,546.7675853987374,547.9377793752006,538.7713293312003,543.7689819335938,7395000
2022-06-29,534.8707147073816,541.5992853360926,532.4328354243032,537.5816650390625,7559820
2022-06-30,539.5390240119594,541.7313075713556,526.2482302640612,528.5481567382812,11982750
2022-07-01,524.9759216389047,551.3959846446133,522.1425594513455,549.4826049804688,12218900
2022-07-04,549.3358260755626,552.8640887029217,542.2989537185742,551.038818359375,7898180
2022-07-05,553.9455797245671,563.2432528824884,550.6620521614465,554.05322265625,12284530
2022-07-06,555.9030365524951,581.2367610769703,552.565687211637,579.0689086914062,22229520
2022-07-07,580.859886581899,585.9393545338368,569.2133038835432,573.588134765625,13352470
2022-07-08,580.174670476745,580.174670476745,567.7451401984172,574.8114013671875,8032820
2022-07-11,572.5409112028325,577.8210298325401,568.9980132490815,573.6664428710938,7613370
2022-07-12,572.5212850297754,583.2625792267536,566.0814665374392,574.845703125,9754460
2022-07-13,580.3656415455632,585.1662056280949,574.1655401591437,575.369384765625,8869340
2022-07-14,579.8811482252403,580.0720023536459,567.1286278031637,570.6666870117188,6929200
2022-07-15,573.0303110035801,580.1993187287725,568.9050537023372,578.922119140625,5698590
2022-07-18,584.2755711355155,593.8864364461052,580.502692273324,593.0740966796875,9664320
2022-07-19,591.1361994805629,596.8273558434488,587.4220409133387,593.6759033203125,9785600
2022-07-20,601.8041321617709,601.8628519166055,591.3369027819243,594.5029907226562,8270920
2022-07-21,594.9532207429742,614.933408999213,590.7447525789681,613.343017578125,13254930
2022-07-22,613.7442085580432,619.0292250454162,608.5277681373959,612.4963989257812,9532950
2022-07-25,610.7103505997705,619.9101778522682,605.3274869326252,609.4380493164062,7240230
2022-07-26,616.5824288083946,624.7741620123152,608.0187839638337,613.1031494140625,15304060
2022-07-27,614.5272705920288,629.2469334165883,606.3061464076536,626.0123291015625,14449890
2022-07-28,638.3097051316591,695.8524949234042,638.3097051316591,692.5885009765625,64857820
2022-07-29,702.2189257334595,710.5378955853541,697.3254140558744,705.5562744140625,26067620
2022-08-01,709.6619381421207,715.4314075274061,703.8827319110862,710.6357421875,12270770
2022-08-02,704.8076092836476,719.9334108000954,702.9235595082451,718.553466796875,12491240
2022-08-03,716.9973391221758,721.9300373440043,706.4273653736548,714.0955200195312,12186210
2022-08-04,718.264761157869,722.7716662444248,705.1550244131456,716.0822143554688,9494810
2022-08-05,718.3626696109283,721.1030244079169,712.1087468836056,714.9127197265625,7580780
2022-08-08,714.4527293826987,724.0440006520189,710.9294247483369,718.5828247070312,9574820
2022-08-10,721.2058273305755,721.2058273305755,695.3680599017704,699.7135009765625,19065230
2022-08-11,708.9720037382682,716.8994688512604,706.3637237541396,716.307373046875,10270510
2022-08-12,714.6484505003529,718.6611061434601,711.7172418123595,715.3726806640625,10369410
2022-08-16,718.2696586749835,722.6738191280615,711.7221377453308,713.09228515625,8044640
2022-08-17,714.4527249803182,747.5328529022196,714.0612201410228,736.6790771484375,23444140
2022-08-18,733.0480920263345,742.7176764436331,729.3681614726739,732.8768310546875,8353540
2022-08-19,735.0055290829597,737.81440029411,711.6145169796924,714.619140625,11004270
2022-08-22,710.6357931272671,712.4757584294315,693.7874646591322,695.093994140625,10608620
2022-08-23,693.4106145804896,709.5592033463018,689.9851563574384,705.4193115234375,10886030
2022-08-24,701.2401880813867,708.2281367415042,698.7934323658201,702.4048461914062,9530960
2022-08-25,705.9184442558753,708.482639578025,687.5481824325043,689.7062377929688,13542960
2022-08-26,696.8360989045892,698.9403329288097,687.6069425718782,691.16943359375,7591390
2022-08-29,673.4450338256581,686.6085918071951,671.5219172433624,681.6025390625,9967350
2022-08-30,685.0916331399701,717.8781612973829,685.0916331399701,715.0643920898438,17313810
2022-09-01,707.464814604808,717.7656814347577,698.9892779596322,702.8355712890625,14625790
2022-09-02,706.3393291441811,715.7250516889787,702.0672429994255,703.7212524414062,9063700
2022-09-05,703.755487875431,709.9506903174016,700.5551121579949,704.2937622070312,7070250
2022-09-06,707.4794671247237,710.048560814784,695.3680254430104,696.7724609375,7919050
2022-09-07,692.7255330513543,705.4437657086096,691.9425830939139,701.3870849609375,7919940
2022-09-08,706.6230936947426,712.4414863089771,702.2189331384734,710.3079223632812,7722510
2022-09-09,714.4527673040811,716.801677008498,701.2402846210605,702.7964477539062,6496070
2022-09-12,706.3148392055599,716.4003602700573,703.4765783512536,713.170654296875,8347160
2022-09-13,717.3889126228831,728.5461447078471,715.6663867129686,724.5774536132812,13827000
2022-09-14,711.7271160068148,739.8990392536133,711.7271160068148,732.4070434570312,14933880
2022-09-15,733.0431661406051,737.2417777419358,721.274246419021,722.89892578125,7174200
2022-09-16,722.7716819720949,732.0840491236728,704.1127193703653,711.9178466796875,11870360
2022-09-19,712.0059851680684,736.4197233328863,703.7799629482911,733.6450805664062,16481170
2022-09-20,740.8728516144552,755.0689353396155,740.3883986836281,747.2784423828125,16134500
2022-09-21,747.7286001567734,757.0262725409217,742.4484818296529,752.6857299804688,12392620
2022-09-22,750.6646734733265,761.234646498261,743.8137572877812,755.51416015625,12810390
2022-09-23,755.0492714414521,756.6837473787502,731.5800081546605,734.7265625,14123310
2022-09-26,727.8609811360469,730.1119846913961,697.716959398788,710.489013671875,18752050
2022-09-27,716.8995024726788,722.2774673403942,705.6493232502384,708.8594360351562,11428290
2022-09-28,702.6104736551979,714.2080731482938,700.7607117911587,704.910400390625,8690690
2022-09-29,715.6760704208147,716.1067018303753,693.7090897133094,695.343505859375,9696320
2022-09-30,693.0191205395838,720.5206928283927,687.7145704488598,717.9515991210938,16186650
2022-10-03,718.0739440594593,724.0440046493243,699.243719933247,701.90576171875,8201980
2022-10-04,717.8781270054834,734.5160658726861,715.0741545128561,732.9207763671875,11914950
2022-10-06,738.920331442881,743.7159972231688,719.0428875652649,724.6459350585938,15100600
2022-10-07,722.8157828702656,724.9983299496969,711.7368639885599,718.8716430664062,9911960
2022-10-10,711.0272826736701,718.1717981368299,706.7209682857435,713.8068237304688,6531130
2022-10-11,715.1378819940672,719.590966131201,701.98411886368,704.9398193359375,7322060
2022-10-12,705.1550751363709,710.3911090520953,699.282860770211,707.2299194335938,7407310
2022-10-13,706.6720917430339,707.2103661432293,696.3174031010327,699.9337158203125,6086550
2022-10-14,714.4527229946394,718.8568836158393,706.7209504544325,711.7612915039062,8390120
2022-10-17,710.0436487305852,721.5287063435292,706.3294900795495,719.8551635742188,6174010
2022-10-18,724.2397466690771,727.1758537501679,716.5079741281039,723.3001708984375,9069750
2022-10-19,725.9034949388042,728.1544982416956,719.3461776984492,722.3214111328125,6271770
2022-10-20,721.2987748555535,729.0354460470946,710.6357930280196,727.4107666015625,10260540
2022-10-21,733.0480810467761,733.0480810467761,700.0706972552199,703.9561767578125,23869600
2022-10-24,715.4313635066269,715.4313635066269,703.6869361987206,705.3018188476562,2278840
2022-10-25,708.8301425188862,708.8301425188862,693.9000319745207,695.1625366210938,9098990
2022-10-27,703.2954876215127,705.6443971649834,678.3385775969537,682.26318359375,16414580
2022-10-28,685.0916152345687,693.8999360018704,683.1342106196129,685.7620239257812,8396690
2022-10-31,694.2914536747905,699.733036215717,689.5936347237107,699.1947021484375,8189860
2022-11-01,704.3672437064422,708.1890455853996,700.7509311046479,705.5955200195312,7627420
2022-11-02,705.3507919231655,708.580497714316,698.7983725557679,700.3789672851562,5859140
2022-11-03,695.3680560787087,704.1763776898395,694.1055514858048,696.99267578125,6323130
2022-11-04,696.9926414241617,707.1026534564521,696.9926414241617,705.8401489257812,9219250
2022-11-07,709.3733160859133,709.6228899879677,695.9552840732302,703.6919555664062,7224940
2022-11-09,708.0911652383268,708.0911652383268,696.3125084898497,699.1849975585938,6896340
2022-11-10,700.5551696052132,701.2402732358162,681.6222002519708,682.6547241210938,10081820
2022-11-11,699.6743212253087,700.5404226117472,684.6022814144364,690.1270751953125,12333420
2022-11-14,690.4648192893006,695.5638808346647,685.1944967529622,687.6168212890625,8550600
2022-11-15,688.5317990058749,691.198739019046,683.2320875430663,687.61181640625,7195210
2022-11-16,686.1681538103054,688.5023683370292,670.6655429390689,674.8201293945312,13362040
2022-11-17,672.3684753714531,680.19809371639,668.6494186046576,674.8201293945312,7339440
2022-11-18,676.2735324413579,678.0449813189969,660.6240913028029,664.6857299804688,13276890
2022-11-21,660.3305474190596,660.3305474190596,646.9565403620172,653.6851196289062,10717480
2022-11-22,653.7976980155535,658.4465344394551,651.8451914963351,654.2674560546875,9587690
2022-11-23,657.5411825756853,666.0069822172954,654.7519046339024,663.5651245117188,8936670
2022-11-24,666.8829046011837,669.41771022723,659.3811128836599,662.713623046875,7546110
2022-11-25,662.5814747649592,663.3644246787838,653.2838026670757,660.37939453125,8590580
2022-11-28,658.5688237796204,668.7277587751319,658.5247391652549,663.3106079101562,6040540
2022-11-29,663.0708355059365,666.3886507757769,657.7858189745936,659.0728149414062,6818600
2022-11-30,659.1559891728762,661.0350808348495,653.5773741994193,657.7808837890625,14828310
2022-12-01,661.0744005104997,662.5815808292585,656.4157671349155,660.4039916992188,9816160
2022-12-02,658.686341811528,659.8363052428726,650.5435302618037,653.3572998046875,14386020
2022-12-05,653.2397448729329,655.6326791078853,649.0753619064214,651.8597412109375,10292500
2022-12-06,653.225078450212,659.1560121163702,649.0753901735928,655.588623046875,8409800
2022-12-07,658.1723823841751,658.1723823841751,646.0413485566897,648.4098510742188,9610270
2022-12-08,653.773171349387,653.773171349387,642.0287431215537,644.177001953125,11377840
2022-12-09,646.1882484297432,647.7052251764694,635.1778466200732,637.8643798828125,11312920
2022-12-12,636.9493517561303,639.9735686702577,625.586630422228,636.7927856445312,11000480
2022-12-13,636.8417051602293,650.6413860061074,636.8417051602293,647.9108276367188,9586360
2022-12-14,651.6200138969613,654.6099424135516,648.5468741757757,651.3460083007812,6782830
2022-12-15,649.0754814679337,657.100853562861,646.3351265352227,648.4295043945312,8577060
2022-12-16,644.9648297276525,655.2705938437165,642.0287227637937,645.64013671875,8802330
2022-12-19,645.9533866628036,656.2199653778151,645.6499913053576,654.4583129882812,6595590
2022-12-20,651.8157076971916,655.6179755497311,644.4754407186196,650.13720703125,6077160
2022-12-21,655.1335878609282,655.1335878609282,636.6458859225061,638.7696533203125,6223900
2022-12-22,643.0075177626019,643.4968689937759,627.0546795733819,635.2415161132812,8497060
2022-12-23,631.2629999870741,632.8288998138725,620.502172696347,623.8836059570312,9943030
2022-12-26,623.88851830901,633.2106223289388,616.5824790005174,629.667724609375,5305350
2022-12-27,632.8289426358828,639.092661837426,629.3056379195481,636.6165161132812,7810350
2022-12-28,633.7097398958498,643.0074117553255,632.6380895491765,633.8173828125,7559340
2022-12-29,630.2843621897212,638.1629047700416,626.604431511221,637.223388671875,5218800
2022-12-30,641.050069304122,657.6782134525532,637.6246109185274,643.5164184570312,15202660
2023-01-02,642.5181545073491,646.9223155054955,634.6640434998856,641.4171142578125,5793400
2023-01-03,642.5181502963871,651.8158234537607,639.0926917647233,646.5552978515625,7420810
2023-01-04,645.454195161661,649.6626032892054,641.0500346184806,643.1052856445312,6712530
2023-01-05,635.1778622902084,635.1778622902084,589.6730986450176,597.0133666992188,51023000
2023-01-06,599.9445710255272,600.9183751344237,581.5057915313778,585.3031616210938,29319220
2023-01-09,589.1788380371516,594.8552999449439,582.8172725101724,586.5706176757812,14005480
2023-01-10,587.1236141588697,588.6895141594558,574.9876800809316,577.840576171875,11203750
2023-01-11,580.3704761182066,582.230034421454,574.0627324936836,577.0184326171875,11088910
2023-01-12,578.075476851971,583.7861669486476,573.2259898842042,577.27783203125,14769490
2023-01-13,579.3918383733435,585.753404166294,574.694078657908,585.0487670898438,11084900
2023-01-16,587.2213961878947,594.2875983157693,584.7306154916009,588.2882080078125,9083390
2023-01-17,589.1739324392914,589.1739324392914,581.3492117169716,585.7484741210938,8170050
2023-01-18,587.6079742795472,592.0170328279937,585.7533143444142,587.0892333984375,7962810
2023-01-19,585.5575948275483,590.1232794488881,583.3702094462393,588.4398803710938,5481420
2023-01-20,588.4448003833496,589.1543357080062,571.2881191520584,573.5587158203125,8330900
2023-01-23,575.5748236559415,580.8598401988603,571.6600142864462,573.8131713867188,8560640
2023-01-24,576.6856971042962,579.4896699361568,571.8215748257971,573.03515625,6081450
2023-01-25,572.5458068183732,573.0351580222429,565.3963928980679,567.2461547851562,8278370
2023-01-27,569.1154947839825,573.6713835226324,555.9030112421359,563.8011474609375,16213520
2023-01-30,564.716218965719,593.7004828253706,564.716218965719,589.3550415039062,24481600
2023-01-31,592.1149504400433,592.1149504400433,574.8898121395254,576.1033935546875,19967880
2023-02-01,581.7407489043322,585.3031803545238,558.7314451929387,569.3307495117188,26348660
2023-02-02,569.5069886365111,569.5069886365111,552.4775418406758,559.5878295898438,20250440
2023-02-03,564.7112942924149,590.1575571201494,562.4651889725304,588.6160888671875,14868920
2023-02-06,587.2213724841446,599.3573047429156,582.875931938352,597.41943359375,10738200
2023-02-07,599.254639300885,605.0339063210741,597.0085337563141,602.9345703125,14721930
2023-02-08,603.3699934742979,624.1184950590691,603.1547076321096,621.637451171875,19032080
2023-02-09,623.9129045453301,634.9624914750399,620.0323834716351,631.7523193359375,18381540
2023-02-10,631.6496701403319,638.8578039364504,628.3269562951095,629.8439331054688,12912820
2023-02-13,629.7900834564427,633.5287337175622,616.29379913628,621.0355834960938,7365570
2023-02-14,621.8479235354482,633.4504211453709,617.5612023284212,632.114501953125,10340900
2023-02-15,631.2630622354613,635.7650694828835,626.1052813558682,635.1729736328125,6189790
2023-02-16,636.645914968912,638.5788283262533,628.3269445196642,630.0200805664062,5290480
2023-02-17,627.3482533873623,633.7881320590823,623.1887680879921,628.0039672851562,6160440
2023-02-20,628.8162904458325,630.6317642780641,620.790918838617,623.178955078125,4657320
2023-02-21,625.8801522288632,627.1769447884282,621.6717440749218,624.3386840820312,4485090
2023-02-22,619.6165038413894,622.4547648709101,605.3274718123552,606.6633911132812,9347000
2023-02-23,608.1656781546596,612.9074624764158,599.2252224243927,607.0254516601562,8097680
2023-02-24,612.0559296492322,615.212220563239,606.7954049690569,610.3432006835938,6077610
2023-02-27,608.2635300833998,610.8081323811198,600.4339110316424,606.2572021484375,5950040
2023-02-28,608.7528648955245,611.3561868766797,596.029734278737,598.1926879882812,9778520
2023-03-01,597.0182155721344,607.1820487875185,597.0182155721344,602.3765869140625,5448040
2023-03-02,603.3895685598275,607.7350092148797,594.0772017239115,595.3446044921875,5822980
2023-03-03,599.1420324878862,601.0211243838905,594.365959961799,597.0133666992188,7120370
2023-03-06,600.9232965800174,605.1317051139013,598.9707899961717,600.4192504882812,6084770
2023-03-08,599.846725485788,599.846725485788,585.7533870168451,586.9131469726562,13427950
2023-03-09,587.2214333068906,591.1362428622699,576.4655036111266,577.5616455078125,9408580
2023-03-10,574.0089278004931,576.2012115050406,565.7878041731888,574.9044189453125,7708610
2023-03-13,574.4004511522413,582.0832409469738,568.723929555729,570.930908203125,7933560
2023-03-14,571.5621795988573,572.540881961184,559.4409412837994,560.9481811523438,13725650
2023-03-15,567.6473296618852,569.6047342469262,557.9581530718334,559.6953735351562,6794730
2023-03-16,560.7670630170454,563.243208662889,554.4348874153372,559.3381958007812,8849630
2023-03-17,561.7801092658659,569.2867403939596,556.695742827576,561.0264892578125,10471510
2023-03-20,561.6773030883677,561.8191743092808,536.8867558136374,543.2581176757812,17127560
2023-03-21,548.2494531685928,559.3283704925099,546.7177816631361,558.8488159179688,11301140
2023-03-22,562.7341964816726,573.2259155874086,561.2857362775248,570.9944458007812,12425340
2023-03-23,568.5771331255447,577.434377304952,564.9559225411585,570.8819580078125,10544190
2023-03-24,568.0290912770071,570.5589987103803,550.735377133492,552.8934326171875,12780420
2023-03-27,557.6646041400056,560.3071125128811,546.5612543125625,547.3931274414062,11187430
2023-03-28,550.1334955169115,550.4613823268427,540.5079956070775,541.657958984375,9481360
2023-03-29,544.3689616154563,552.5753307590757,543.6691631417632,550.5396728515625,11096120
2023-03-31,557.2731581992663,557.2731581992663,546.7227178863561,549.712646484375,12678280
2023-04-03,553.45613997615,561.1879118911356,551.2246701022668,559.333251953125,7453860
2023-04-05,570.7792351829762,582.0392107493982,562.0834550518599,563.8598022460938,24333290
2023-04-06,563.8303756628243,583.2087291466088,558.4034880916219,580.5857543945312,17405020
2023-04-10,581.8335588635872,584.2754160706346,568.7238237961319,570.4659423828125,9282570
2023-04-11,573.3237551224588,575.4769119782698,568.7385375584363,571.3419189453125,8116200
2023-04-12,571.2686237902651,575.1589420789222,566.2772055259481,573.2211303710938,10230690
2023-04-13,573.2210977757868,581.0556151086043,572.5800190437939,577.8699340820312,8330060
2023-04-17,587.0256734871151,587.0256734871151,577.434402144311,583.4485473632812,6728570
2023-04-18,584.7746605750335,586.6342189546447,574.5227772398061,578.966064453125,6408890
2023-04-19,578.9660709327779,583.3066135620722,575.4769945880847,582.1077270507812,5549280
2023-04-20,583.3065497253743,583.8888488999172,576.0788239433695,578.6773071289062,4367310
2023-04-21,578.7066565595426,581.8385158585642,570.3876870308667,581.1436157226562,6431010
2023-04-24,581.3492989404492,583.7666655004916,575.1834849896483,580.7376098632812,5448920
2023-04-25,583.296816343106,596.2940124986391,580.2432697254089,594.586181640625,14944750
2023-04-26,597.0084784744471,598.9462901581479,588.5231451865916,592.697265625,9740070
2023-04-27,594.5617361684132,612.1245587367134,593.6808800725795,606.8004150390625,28271360
2023-04-28,611.0919291955227,616.1909298291615,598.0849377010162,614.6348266601562,14896680
2023-05-02,619.5186659669621,619.9737889008306,609.2226968264465,611.6058349609375,9912540
2023-05-03,610.5194173962602,612.1783250616598,602.4842495306485,604.862548828125,6682510
2023-05-04,606.501907831074,626.2717088645496,605.0485490589541,625.4153442382812,12451410
2023-05-05,624.4071928765726,631.0672551133457,619.6800438617731,625.3760986328125,11600400
2023-05-08,625.8263879784973,655.2510791825214,625.195105790359,651.6151733398438,22247350
2023-05-09,650.8371036382534,659.6307304689949,640.2671295412546,641.270263671875,21307700
2023-05-10,645.0577986495492,652.3051182461194,638.6032853047155,649.0264892578125,8353210
2023-05-11,651.7179723682623,653.7732235782232,648.3903602104384,652.1534423828125,5674940
2023-05-12,650.8370472052536,659.0238826098272,646.4034969927252,657.139892578125,9120780
2023-05-15,657.1399362139612,660.6241143386928,654.3408617104092,656.9343872070312,7390760
2023-05-16,657.687937689914,670.3132211021674,655.7305331134559,664.0103759765625,12651330
2023-05-17,664.0496361403349,666.5404172390417,652.011607520657,656.2249145507812,7407850
2023-05-18,661.5831831672591,668.5173106930913,660.1494177028418,664.4801635742188,11067180
2023-05-19,665.5176189289059,667.4750236904615,656.9050499251118,663.9712524414062,5928340
2023-05-22,663.9711802381552,667.2791987042755,661.7886932816351,664.8373413085938,4197920
2023-05-23,666.5012588473884,672.755181765282,661.3190461618857,663.6140747070312,7901960
2023-05-24,662.483669112259,670.2692035850905,658.6422144582251,664.1425170898438,5539360
2023-05-25,663.3644748638987,670.215391664838,660.2424118180605,669.5449829101562,5302600
2023-05-26,670.0783312595356,677.2620328627172,669.5498534900269,675.7450561523438,6940730
2023-05-29,679.2389899794796,682.3414595474338,675.4807468605501,678.4413452148438,6407280
2023-05-30,680.0024340939708,686.9267657096175,678.2456799639937,685.6593627929688,8819230
2023-05-31,685.5712184576615,687.6362661365221,677.9764784550487,684.0982666015625,21476270
2023-06-01,687.4405358941551,690.6995716219058,680.305757725554,689.0553588867188,5900260
2023-06-02,692.5054171218882,694.8787586816011,685.5810851499458,687.4308471679688,6642090
2023-06-05,691.9426174906381,694.0565884543388,686.368899987741,689.3197021484375,5771620
2023-06-06,687.5384415214934,698.0105692326439,687.5384415214934,696.2440185546875,6905860
2023-06-07,696.8360896188638,698.8913407081893,691.159627802165,692.9163818359375,5344830
2023-06-08,692.9213206252,695.9552742649087,684.6170448408919,686.0802001953125,4553600
2023-06-09,686.339502978795,693.1659278624438,686.2709866472042,688.7275390625,4473610
2023-06-12,689.9998301449061,695.857349190876,689.1629990417326,694.653564453125,5132550
2023-06-13,694.8786122776497,704.6656349857857,694.8786122776497,701.4114379882812,8001340
2023-06-14,702.904100133321,702.904100133321,693.1219740830942,694.5704345703125,4015200
2023-06-15,694.3892607034417,698.9597835793841,690.5722979555823,697.48193359375,4370180
2023-06-16,701.7296436291548,706.486123111435,697.9126802508772,704.9789428710938,14148580
2023-06-19,705.8352828246547,724.1272330257087,704.8859104366247,722.88916015625,11845900
2023-06-20,721.9055326960362,721.9055326960362,704.7635465008512,709.4417724609375,8638260
2023-06-21,712.0059533025549,713.0727651380922,702.4146823047734,705.267578125,5468040
2023-06-22,704.6755079856595,705.0718513859931,687.0490686191433,688.0277709960938,8271940
2023-06-23,687.1419575362006,690.47446751584,680.7950875043535,684.0786743164062,8152260
2023-06-26,684.1129502287936,688.5171108525841,679.7087896050031,684.9644165039062,5635390
2023-06-27,688.0277028355425,688.0277028355425,680.5895894016893,686.9755859375,7097890
2023-06-28,690.4108862530687,697.3254207088762,689.0064507776124,693.9195556640625,7097820
2023-06-30,697.8314005874738,707.1685812995597,696.9664779960698,703.7875366210938,8879080
2023-07-03,703.7874797566218,722.8943009327068,703.7285104932944,720.7319946289062,12092270
2023-07-04,751.88870402524,778.4259524026015,748.2177323970838,772.572998046875,41622080
2023-07-05,774.4896295244681,786.2790436476844,764.6659376058942,770.4402465820312,19786660
2023-07-06,764.2727797525566,768.9905611002923,760.2430731728709,763.3145141601562,10459840
2023-07-07,758.7687959554335,761.609279031973,747.5248621753906,749.171142578125,10949150
2023-07-10,749.171083989112,749.9180679912869,730.4918047866388,740.413818359375,14515180
2023-07-11,743.7310255470632,754.8373442656555,725.4497726221799,731.641845703125,16750430
2023-07-12,734.1873995536492,737.932097925005,727.1353831967821,730.4574584960938,11317550
2023-07-13,734.192296237057,739.3965287777767,728.8897415964187,734.6493530273438,7470520
2023-07-14,734.5904211395624,739.0034579464153,727.3073866855796,735.4110717773438,7266000
2023-07-17,739.1115029002253,741.2738091884404,731.4451987775332,738.2219848632812,5067440
2023-07-18,739.1115084337096,742.5515221032813,724.6732772324294,729.2828979492188,13097090
2023-07-19,731.4402757615952,746.8761251263186,730.2657496250837,745.4705810546875,9759430
2023-07-20,742.1583537720356,750.6257520962055,737.3423706275382,746.6401977539062,6494360
2023-07-21,746.6401983233461,752.6455249263269,740.3990546558612,745.1806640625,6733940
2023-07-24,745.1708126589731,751.3775824750228,743.0773138618871,745.1658935546875,5843420
2023-07-25,751.8297086730216,751.8297086730216,741.1803879587583,747.6083374023438,8508690
2023-07-26,750.4144267101467,760.144775295733,720.5354261958662,730.5753784179688,22288660
2023-07-27,744.8022433034414,744.8022433034414,714.3139347417299,715.92578125,21471720
2023-07-28,719.3560678910707,726.7864954571442,708.6428578338721,725.5087280273438,10070500
2023-07-31,721.9114878237364,724.3588023979559,715.6260718067635,717.5181274414062,7493150
2023-08-01,717.5181105728204,720.4371792163602,711.9845978351018,714.510498046875,7527650
2023-08-02,716.5056529616852,716.5056529616852,702.2541687806914,707.9989624023438,8985360
2023-08-03,705.2027857123293,710.0482833687785,689.7767747202533,698.6520385742188,10818980
2023-08-04,701.664512483502,708.1513712782062,695.0105241217602,702.6178588867188,7313490
2023-08-07,703.9251098152594,705.9645585318285,695.0400073559689,700.0084228515625,7184090
2023-08-08,701.2714170135076,708.1514449309492,696.371868672538,705.0652465820312,8073620
2023-08-09,707.6599601530661,709.0359896267727,696.8484885396165,700.3228759765625,5115720
2023-08-10,697.8362382806704,705.1045146677521,697.0450423639552,702.1411743164062,6161300
2023-08-11,702.1411924463758,703.6302413167834,691.0544911395605,693.9588623046875,6303960
2023-08-14,691.9341816446553,693.7918034330971,682.1596212691817,689.7767944335938,6937850
2023-08-16,687.413024522798,687.413024522798,680.1398289459536,686.1844482421875,5987950
2023-08-17,689.9684582272515,689.9684582272515,678.4689719256485,680.4592895507812,7101180
2023-08-18,677.5352347573648,679.7270556718191,672.7683827031633,674.4490966796875,7455330
2023-08-21,668.4438155557407,694.194788583179,668.4438155557407,692.7401733398438,12308310
2023-08-22,693.0201859305546,703.0895920723901,692.9170047220998,694.8778076171875,12487800
2023-08-23,697.8314163994761,702.6474600294158,688.2976512480326,699.4482421875,8032480
2023-08-24,702.7456413965523,706.2789980295165,699.8953203938586,701.5121459960938,9103600
2023-08-25,699.3055896826172,715.3360499221596,697.9295603102405,708.7902221679688,13032760
2023-08-28,710.1121861340539,713.6553810059013,701.5760403550764,711.158935546875,7036260
2023-08-29,712.5742975080391,718.5648071178479,711.1982679723912,716.8350219726562,14183050
2023-08-30,720.0440156397239,720.5256679680635,713.3605721781892,714.353271484375,4602680
2023-08-31,715.5228630473491,716.0142935851563,701.271377450939,704.0233764648438,14129800
2023-09-01,704.5688856090431,720.3782282446496,703.2371279943231,719.5133056640625,6760760
2023-09-04,724.3686519955626,724.3686519955626,713.3999481922915,714.5646362304688,5813630
2023-09-05,715.8176760568741,723.2333457303056,715.5228297457282,721.9212646484375,12213530
2023-09-06,718.9923605354162,727.0223183811021,716.57450079726,726.1181030273438,6051570
2023-09-07,725.3515168892362,726.1181773685131,717.8522816377182,723.7003173828125,5496220
2023-09-08,726.3343420958458,732.2265895035728,724.3686199250857,728.3639526367188,6246420
2023-09-11,729.7743231295806,731.6417831035902,723.5823105675087,726.4964599609375,4068490
2023-09-12,729.3811180360108,733.1160377961965,718.0290855782732,730.3934936523438,9635170
2023-09-13,730.1969942965935,737.9567019251258,725.4153846140603,734.7771606445312,5798460
2023-09-14,734.7771404974575,738.2957399683924,729.9758545279457,736.5855712890625,6503720
2023-09-15,737.0476098067231,743.5492267988689,732.7770468610333,736.3792114257812,7874940
2023-09-18,736.0548581655213,743.0429861377711,733.7058057564102,741.9274291992188,7066180
2023-09-20,736.0302646964345,751.5938917400225,735.4749457779039,740.97900390625,8441900
2023-09-21,740.0943547820837,745.3673946040252,729.7743139783495,735.5928344726562,6757250
2023-09-22,736.5512317949251,744.7138862374657,732.5853535625845,734.3299560546875,5263040
2023-09-25,744.5172422553719,771.5360828084068,738.128645457141,768.5825805664062,23475330
2023-09-26,768.5875295240287,776.4553373010369,764.1744928548624,773.5755615234375,12468200
2023-09-27,772.0373533549691,772.0373533549691,761.0047620846428,770.322265625,7441100
2023-09-28,767.0984326663341,769.4819186375499,758.5770443967978,760.6361694335938,7775050
2023-09-29,760.6361556744989,771.3493046342775,759.260126272033,767.6881713867188,5730050
2023-10-03,764.7445331288019,783.8808087410229,762.2087348542022,783.1043701171875,9445550
2023-10-04,788.7460120300813,790.5151499657908,768.5973600093752,771.9440307617188,11763840
2023-10-05,777.9197549651649,777.9197549651649,769.2755089251057,771.6343994140625,7950610
2023-10-06,771.5459008326166,805.1597597202094,771.0544703225321,802.8549194335938,21450340
2023-10-09,796.3189833524876,799.5574938354318,788.0580071260307,789.0114135742188,7478000
2023-10-10,791.6945859574439,799.5574744585731,788.3528343488326,794.5055541992188,9650240
2023-10-11,800.0291845534672,803.2922903005848,795.6701983800541,796.30908203125,7123720
2023-10-12,798.5745532449359,798.7711374404726,786.5836371860895,787.6942749023438,7640920
2023-10-13,786.2446277347174,794.4367361901758,781.9691461754835,791.3652954101562,6622820
2023-10-16,790.6428788414705,793.0705767420528,784.5835622820268,789.8270874023438,4382460
2023-10-17,794.1516750428804,801.9163008118252,791.9451569330072,795.4293823242188,8382830
2023-10-18,791.203165040366,794.6038859544963,771.5459435486799,773.172607421875,15446420
2023-10-19,770.8874427916575,778.7208167548939,759.8498721405794,770.7154541015625,10614530
2023-10-20,767.6145212485104,769.8112014157794,759.0144865994394,763.6044311523438,7711530
2023-10-23,766.6316598942002,774.9761410555649,762.8329113315672,766.5235595703125,8822300
2023-10-25,766.5234979119886,772.2289989539518,754.4440975417849,756.2575073242188,7087740
2023-10-26,749.4413589794999,752.4783659091361,727.4350865492486,729.4597778320312,13246300
2023-10-27,738.1237043298709,741.9618053942811,728.9486751442469,737.8533935546875,9119440
2023-10-30,737.7158674263693,739.7847707505482,722.6485906569407,737.445556640625,7992760
2023-10-31,744.0061403048553,744.9791631485516,733.2634762000098,736.4234008789062,7494100
2023-11-01,739.1115315593637,741.9618526846792,732.9834071279228,734.3839721679688,4627780
2023-11-02,740.0943160389049,748.4486343474451,728.4179228273725,732.1429443359375,8550300
2023-11-03,739.8977433019043,740.8756851905084,724.6093477592448,728.4474487304688,11387550
2023-11-06,732.8211637315899,744.2174686272203,731.5041635385168,743.2444458007812,6340430
2023-11-07,750.9058958824395,750.9058958824395,731.8383661536662,736.71337890625,15630070
2023-11-08,739.7995116452654,740.684050581649,727.9707455174951,733.2094116210938,9167170
2023-11-09,735.6714895653901,735.6714895653901,724.0442266474618,726.0099487304688,7717910
2023-11-10,724.368555842316,732.6246122247511,722.0539373875191,731.7203369140625,4962610
2023-11-13,732.0152833652941,732.231484002054,719.3560282118773,723.4692993164062,7322400
2023-11-15,731.1896917795068,734.8066134419056,699.7135409424723,710.04833984375,19234400
2023-11-16,682.5527843702537,725.4202592853391,681.2455623823744,723.6265258789062,45570430
2023-11-17,701.8119185583575,713.5571200669164,698.6225392602149,709.7239379882812,20800340
2023-11-20,702.8438822889896,711.4931071440515,692.9268483197171,694.7451171875,19029400
2023-11-21,696.3570958980997,700.6669514603798,690.9513597972675,698.1409912109375,16662250
2023-11-22,696.4995468604337,705.4828507354637,694.4404218879104,700.6177368164062,10414040
2023-11-23,701.2713784187505,703.7285311111779,693.5067519150485,695.2415161132812,6061580
2023-11-24,698.6176389050581,699.4825614486899,689.0838744962155,690.047119140625,7264990
2023-11-28,691.4427398345815,701.2713502089182,690.941471107238,700.5391235351562,7281580
2023-11-29,701.1731251441041,704.5737861202738,699.21232206996,700.789794921875,6824300
2023-11-30,700.9765860811989,704.0824009284353,696.4210150403256,699.98388671875,12719340
2023-12-01,703.7285030863769,715.5080782273926,701.959365216098,713.4932250976562,9004770
2023-12-04,721.4200827671852,729.2829719526586,718.9678490015924,728.0691528320312,11014260
2023-12-05,730.2657433470698,731.2486043744548,719.4591911500976,722.3831787109375,15222420
2023-12-06,726.3342769946257,733.1160418715315,723.8820436055222,729.980712890625,7018000
2023-12-07,726.3343319783361,731.2486373367823,720.0439971238934,726.4522705078125,6688620
2023-12-08,726.3883501011073,727.1304149766302,714.9331360101247,718.2355346679688,11443880
2023-12-11,719.9457651047727,722.6683095836545,714.5449480892224,716.7760620117188,5900550
2023-12-12,715.522838440311,722.7960341453627,715.522838440311,718.9186401367188,6333120
2023-12-13,717.4738671299993,717.9309239503553,708.3480279389415,713.360595703125,6829550
2023-12-14,724.2211970807112,738.2515636574188,717.4984605691999,734.6100463867188,17295670
2023-12-15,739.9813530514695,739.9862721558578,731.7400535286531,738.625,11739380
2023-12-18,741.8634641134005,747.957214256273,739.7011579350814,745.755615234375,10827980
2023-12-19,751.0041222830682,751.0630915479164,740.5858188993592,750.1834716796875,7914080
2023-12-20,751.8887366664908,756.3116115880583,733.2291332003232,736.5512084960938,8745460
2023-12-21,729.9316186248815,734.8852771009756,718.0291847670798,724.0885620117188,9130820
2023-12-22,729.1797400171289,731.2486433936659,711.8862681231952,717.0266723632812,11294850
2023-12-26,719.9457592142014,721.8132193088195,702.2788548523249,703.95458984375,12258440
2023-12-27,709.615859879276,719.7885080267596,706.7655987474382,710.8837890625,16052790
2023-12-28,715.0313647459943,716.5056562196975,707.6599073774789,713.4243774414062,18560640
2023-12-29,710.7707237178988,721.7148916328167,708.1661778039236,720.216064453125,9128020
2024-01-01,721.1201629597688,721.1201629597688,714.8347480660185,717.3951416015625,3314890
2024-01-02,719.847468512748,731.7499016209704,715.5277749325007,730.2706909179688,11129900
2024-01-03,731.735166070884,735.7550943443438,724.1917191651114,725.8232421875,5534050
2024-01-04,743.042974950916,760.1398625988384,743.042974950916,757.3485107421875,29118790
2024-01-05,760.2380787694465,765.5504713696421,754.159085769076,757.8988647460938,10526010
2024-01-08,754.542464206798,769.5802267547648,750.050781866002,760.34130859375,11212090
2024-01-09,764.0761521539359,767.6144276969866,756.6063726899448,759.3043212890625,12470830
2024-01-10,758.3755218266102,760.2675772384347,752.8715242351424,754.8912963867188,5590720
2024-01-11,754.8372905618107,765.9731231166501,751.9918886098676,753.829833984375,6517410
2024-01-12,755.2305019230544,758.6655967079419,748.6453204794888,752.9747924804688,8086380
2024-01-15,756.6015456598244,756.6015456598244,732.624689855081,734.9835205078125,9972200
2024-01-16,734.6886424421757,748.3995662287116,730.0593452529267,732.8850708007812,11947230
2024-01-17,717.812919206714,735.0031491757079,717.704758900756,723.272705078125,13802710
2024-01-18,717.0953338949138,722.5747957559954,711.0016439216413,714.1025390625,16869960
2024-01-19,723.3857730398738,726.2164178204606,713.6800196312206,719.3658447265625,8308100
2024-01-23,722.6879103266891,722.8943327519598,692.1897618537189,694.9515991210938,25332970
2024-01-24,698.2245168155032,698.2245168155032,687.6882151214234,693.43798828125,20636750
2024-01-25,693.4380501444454,700.3672091960742,691.541075350445,696.40625,11683490
2024-01-29,696.4062332627536,710.1122387539544,696.3669404140974,706.8392944335938,18603610
2024-01-30,686.8724254416657,686.8724254416657,668.8369490478365,670.0360107421875,41531470
2024-01-31,670.3111968641541,680.2380688924657,669.5249200679934,674.5276489257812,18105120
2024-02-01,674.8225910845564,676.2034796580575,661.7603294073136,662.772705078125,19111370
2024-02-02,663.9226627202323,679.1570095332058,663.7260785054747,673.0927734375,13675080
2024-02-05,677.5843853371985,677.6826474398199,648.6882484558101,649.4942016601562,17712220
2024-02-06,653.4060791870774,658.4187070352854,642.2997602125877,648.5065307617188,24395330
2024-02-07,652.7179623627051,662.2124331621604,651.1700042878384,659.4210815429688,15382370
2024-02-08,661.6473291083109,662.2026480141866,642.4667808690072,646.2950439453125,21932090
2024-02-09,646.7225947842619,656.3251667939016,645.9363179130393,654.044921875,12098740
2024-02-12,655.5143147613855,655.7501918311712,643.9214846853449,645.6561889648438,5447840
2024-02-13,648.688262402236,652.521444312061,644.0786418956026,649.0469970703125,9480140
2024-02-14,645.1353054431241,654.1923370643339,643.7740331945284,653.2586669921875,6361260
2024-02-15,653.2094769598568,656.2956752768878,647.2779364903729,650.5950927734375,8808590
2024-02-16,653.6075263952281,654.585468354379,648.8848861833428,650.5753784179688,10294310
2024-02-19,653.4945276218444,669.0237209195608,651.1749898358404,659.7750244140625,13158810
2024-02-20,659.686508485121,667.5592350692423,656.6740369767329,664.7678833007812,11067090
2024-02-21,667.3626872331514,667.3626872331514,655.0818425816473,657.4161376953125,8549440
2024-02-22,657.637262592259,659.1901999401261,644.8551490812519,656.0548706054688,10223740
2024-02-23,655.9615296677557,660.3844046685416,651.892470269653,658.3056030273438,12803110
2024-02-26,657.5340111413677,659.3031489493143,651.0667689433652,652.9391479492188,8920560
2024-02-27,651.7351066254229,652.8162897213911,637.9848908015839,644.3882446289062,11503060
2024-02-28,645.936322201085,648.3688794101897,636.402557602886,638.73193359375,5353210
2024-02-29,638.7615046823597,642.6929494011579,625.7090794211889,638.4027099609375,16990980
2024-03-01,640.0145513455743,649.5433967085272,639.0661239978897,645.8822631835938,9190800
2024-03-04,647.5088357587824,652.614806017726,644.5062025052913,648.9290771484375,3971180
2024-03-05,648.9290775869724,652.2511526758622,616.4504515657954,621.5858764648438,17175580
2024-03-06,622.3967461891045,623.7138063622585,608.174775903946,620.3081665039062,21047920
2024-03-07,624.1167670191805,635.7734846798294,621.6989072390697,631.0999755859375,14694210
2024-03-11,643.774089142492,643.970673381269,629.4243395480805,632.3483276367188,12039710
2024-03-12,629.5225760998951,637.3854654188633,623.2666743837445,632.5743408203125,10946770
2024-03-13,632.8887671723605,640.3290322556142,628.2005609227426,634.5498046875,11321830
2024-03-14,634.5498462808503,635.9111184742914,618.9862794790538,628.7804565429688,12198650
2024-03-15,626.5788334485237,646.5259815011747,625.0996227810242,640.2700805664062,19705000
2024-03-18,640.2700578079827,644.2653902017028,634.5448804433868,639.3167114257812,6764250
2024-03-19,639.8130714358628,655.2931340019293,639.3511555064282,648.3197631835938,14080870
2024-03-20,649.6710929813381,661.5636865728109,649.2779246026646,653.5534057617188,14908310
2024-03-21,659.2540690179163,665.5591012462978,654.3053898782546,660.06494140625,18060920
2024-03-22,659.0083437309488,668.6403701649948,657.1703983395056,664.5025634765625,11252380
2024-03-26,663.8735535348625,682.5970458175714,662.9398234758127,679.1668701171875,18503210
2024-03-27,682.670787796321,692.8188410569524,678.6656166560375,690.2388305664062,15512750
2024-03-28,691.1576770837584,722.333997931457,691.1576770837584,712.1073608398438,35745180
2024-04-01,713.6800393347417,721.7591290434511,709.6306562708155,712.6676635742188,11252380
2024-04-02,712.667547365814,713.0656348540437,701.2713031955343,708.38720703125,9676150
2024-04-03,707.3651738222953,719.7836339133266,706.2987478902805,718.3977661132812,9589430
2024-04-04,721.9114534393051,722.4028839726197,713.0657038396403,715.8570556640625,10405890
2024-04-05,711.0754063057691,713.4588924510552,703.3353751870386,705.2667236328125,12004940
2024-04-08,709.1343058305621,710.3088320804891,702.0380772613624,705.5517578125,5182100
2024-04-09,709.625651260301,711.1343165197956,700.2393405856287,707.0308837890625,7102810
2024-04-10,711.1885587210163,712.9675350849926,703.7286158532951,710.6332397460938,5679860
2024-04-12,710.0188503676675,713.9502945889966,703.364861826563,710.5643310546875,10925880
2024-04-15,702.2591593281959,707.5420376223908,694.2389793379149,695.4970703125,7584480
2024-04-16,688.9806465210651,691.3739106725683,681.2209396774696,683.506103515625,9632930
2024-04-18,680.9359738676322,687.5113168096638,674.8323850415595,677.5057983398438,13851330
2024-04-19,672.2818660245838,702.7456389590752,669.3332829240562,699.7479248046875,12183750
2024-04-22,704.4459986079967,718.0782769098266,704.4459986079967,716.721923828125,11652720
2024-04-23,718.3732451662133,721.4102525538791,711.2769564033417,713.54736328125,10815670
2024-04-24,715.8176825643206,729.2288406353281,712.5742531340775,720.3535766601562,8869290
2024-04-25,720.4371566045547,723.8624129994909,700.2983430939023,716.9873046875,11733540
2024-04-26,688.0028087488319,688.0028087488319,657.6815661017492,661.58349609375,58147230
2024-04-29,667.3577357399369,672.2376672622329,659.7995318444197,670.9598999023438,16810300
2024-04-30,671.289204142982,685.545609026597,670.5029272702299,680.48876953125,17986750
2024-05-02,681.8941876677851,685.0491930515414,674.7340717286108,676.4737548828125,11395720
2024-05-03,720.338931773245,727.3172216611177,678.8572618138596,681.2702026367188,68186010
2024-05-06,688.7841369948202,689.9635823284196,672.7684319529418,674.2279663085938,12299880
2024-05-07,677.1863037802098,682.4102123475957,667.1660287770138,675.4761352539062,12981260
2024-05-08,675.3730349929926,676.164230986987,666.8712624051645,668.29150390625,7259250
2024-05-09,668.3357151225395,671.5595283510169,647.2140395132897,649.1945190429688,13811150
2024-05-10,652.5116351640613,658.320317559075,648.8062298188113,656.9590454101562,8249080
2024-05-13,656.9443231962115,662.8709438932441,650.6539887354651,660.3597412109375,5122560
2024-05-14,659.4998074965621,662.6302177451009,654.3496248574351,656.1286010742188,7558400
2024-05-15,657.7306538025854,661.6571790602583,653.1161137837024,656.5512084960938,5950590
2024-05-16,658.5512805195903,664.6204955248128,650.9537837617775,663.151123046875,10598510
2024-05-17,663.1363902724429,666.3798198757921,658.6201123637711,661.2099609375,4801580
2024-05-21,659.0084125029362,666.8713018392874,659.0084125029362,662.728515625,7616240
2024-05-22,666.1292214515237,666.1292214515237,661.1952393105787,662.8956298828125,4160460
2024-05-23,664.369823800349,673.6037620992813,661.4703718536321,670.9647827148438,7093170
2024-05-24,670.3111915402626,679.1569404022309,667.6574548838573,671.9722290039062,7420430
2024-05-27,674.1444654679577,684.0271268200833,669.3284219895805,677.7318725585938,6554710
2024-05-28,679.5452578153254,682.5970222821547,673.9380185387291,675.5253295898438,7528670
2024-05-29,676.0117708803292,678.9603538239675,666.9055494920152,669.0039672851562,7213310
2024-05-30,666.3700122607348,668.2423915203118,648.1035764339965,650.30517578125,11555750
2024-05-31,655.0719994789935,665.5886251735003,652.8556429148168,658.2908935546875,28417330
2024-06-03,682.9753976459507,686.8920844600966,671.5840118927728,679.7024536132812,11482120
2024-06-04,679.7418326843971,679.7418326843971,626.6427947018768,639.7984008789062,32993870
2024-06-05,649.0814756336619,674.4392792813052,642.3537604047218,671.9476928710938,12185170
2024-06-06,673.2597965970729,689.2755000710065,670.5372523836725,680.7098999023438,14657160
2024-06-07,687.5112921911428,717.3902915729219,682.2038186203412,706.814697265625,29840520
2024-06-10,712.5742700509335,712.5742700509335,695.398796985682,696.7354736328125,8723180
2024-06-11,696.1604757738193,704.6131168708044,693.0153083886406,701.5760498046875,12052130
2024-06-12,702.5490493660336,715.227980596686,699.3056199781456,709.404541015625,12685080
2024-06-13,712.7905540426879,719.9458122065461,710.8199725726137,716.9923095703125,13454950
2024-06-14,717.100321897187,724.3685986061649,712.2794196096036,721.5723876953125,11874880
2024-06-18,723.8771455547112,730.2116920651453,717.4885488865434,720.8990478515625,9469040
2024-06-19,720.8991037845706,722.2997288463706,705.4878489018611,710.996826171875,5204000
2024-06-20,709.625718351442,714.0387551180061,698.9125083031354,708.3578491210938,9001580
2024-06-21,715.0945048282623,717.6331454889764,698.8650384493473,704.7177124023438,14998180
2024-06-24,698.9638051600815,702.0210624177417,693.4864980824194,699.5416870117188,6356540
2024-06-25,701.4332946884508,705.2857197950198,691.2590169511345,698.8107299804688,15608110
2024-06-26,698.3711360722783,709.1627854874854,694.9138532204354,707.08349609375,9125520
2024-06-27,706.2734948202619,715.0648953054446,699.660199406663,707.9280395507812,11376060
2024-06-28,707.7552599617932,713.7807865585632,701.8581515640897,702.87060546875,8295840
2024-07-01,698.8650681621814,721.4856011982937,698.8650681621814,718.7938232421875,7727450
2024-07-02,718.6209958774693,718.7148074805743,703.5077416304641,707.8145141601562,12810270
2024-07-03,710.2197726643374,719.5742241333493,708.24912615328,717.020751953125,8363930
2024-07-04,721.1941339011956,723.5599224969773,701.3345323861486,702.0309448242188,18979770
2024-07-05,704.6930528972721,706.2636133536423,699.0626087337416,705.088134765625,9310790
2024-07-08,705.7746684515739,706.0413924264733,696.0992321460046,701.1616821289062,6777050
2024-07-09,702.3075042300012,705.5227821931134,695.6053408178624,698.1785278320312,9735030
2024-07-10,698.1736480442297,704.2337813532699,693.5309984614504,696.8845825195312,8097140
2024-07-11,700.1393130682804,700.1393130682804,684.5420491224842,686.5473022460938,9718010
2024-07-12,691.1553936638887,695.901742529635,683.0653482837658,691.8814086914062,10688330
2024-07-15,693.4371242895946,699.8528488286088,690.9874116627859,697.7537841796875,5333730
2024-07-16,699.3589519428645,700.3467470727272,691.9702636643643,697.29443359375,5582000
2024-07-18,696.1091170922163,703.1026630964072,688.606781843992,702.3223266601562,8646050
2024-07-19,702.3223655294826,702.3223655294826,682.5664621390612,684.7692260742188,9385980
2024-07-22,684.7396343081177,687.367142972546,676.5804364334842,680.0228881835938,5751930
2024-07-23,684.9371788205336,686.0088979689281,653.9203870988464,664.4996948242188,19322120
2024-07-24,654.908208519878,657.348033690738,646.1217510448248,652.651123046875,31006260
2024-07-25,647.9936333019148,658.4642380166149,647.1490877221169,656.6615600585938,9509650
2024-07-26,659.3581902337322,672.5304599400265,658.5729099900292,670.6881713867188,11101840
2024-07-29,674.0566429995353,677.133615427579,668.3175552497527,672.9305419921875,7485650
2024-07-30,672.9304784445294,681.4798741060647,670.0214145953803,674.0318603515625,11794130
2024-07-31,674.3628584874658,677.1336168181738,671.009274454842,672.3872680664062,8896590
2024-08-01,674.8122682376168,676.04701215206,666.7617137993547,668.9002685546875,8395230
2024-08-02,664.292236328125,666.7617241955157,659.1655771038124,664.292236328125,6222180
2024-08-05,656.8838006878773,656.8838006878773,645.2870948154039,651.6188354492188,9440410
2024-08-06,654.5130198768088,661.5264013759534,643.2028140285233,645.8550415039062,8918280
2024-08-07,651.9448163455381,657.8073783051573,650.0778689927109,655.614501953125,4642840
2024-08-08,654.4191981724056,659.6545001493494,649.1147433035685,650.1864624023438,6903890
2024-08-09,661.8227721020037,661.8227721020037,651.0557804994747,653.7426147460938,6994900
2024-08-12,653.8314847185177,656.389900776712,648.3937276892558,652.7498779296875,6748870
2024-08-13,656.3849268793009,656.3849268793009,637.3451514354092,638.614501953125,10723270
2024-08-14,640.3382619802703,641.0741646081509,635.2461485974422,637.967529296875,7742760
2024-08-16,642.5607120079574,651.9447654500414,634.6583512146235,651.0458984375,7534190
2024-08-19,655.6983691199149,657.4763882250516,651.3125565057898,653.559814453125,5287300
2024-08-20,656.6219927918777,669.1225693206712,653.559851951242,664.015625,9571590
2024-08-21,663.9909634660577,666.4949976261717,661.3288483205148,665.3145751953125,6331110
2024-08-22,666.7617199612553,668.2434126722802,664.1835891137271,666.1295166015625,7282600
2024-08-23,667.2556196678566,667.9470883265949,662.3117001496897,665.364013671875,6180450
2024-08-26,669.3299561128887,673.5775234049675,667.3593096513421,669.5621337890625,8983430
2024-08-27,669.5621151500945,678.946168625842,664.7861041240081,677.9830322265625,20359020
2024-08-28,679.2079417679081,683.2579381807396,676.8372695096431,681.5786743164062,8489860
2024-08-29,680.4970320266902,707.0637410137804,679.7561856802193,697.7340087890625,26391590
2024-08-30,698.4748865110748,712.6991611183636,698.4748865110748,711.2273559570312,20443670
2024-09-02,718.5222408127387,735.907411931538,714.0771624856354,734.924560546875,22963780
2024-09-03,736.8951645794576,736.8951645794576,711.8150318408045,726.40478515625,18986560
2024-09-04,716.6404324170142,728.6964890180799,715.6823000676559,721.0410766601562,8867460
2024-09-05,723.0660563684515,723.7229184446853,710.5210457914444,715.647705078125,6734470
2024-09-06,716.6996940860888,730.4745045197369,716.6996940860888,722.7845458984375,18428270
2024-09-09,723.4612370588418,728.7903512278202,717.4159351873451,725.777587890625,8789380
2024-09-10,728.0000891351112,728.0000891351112,710.5210465437442,715.346435546875,13089320
2024-09-11,716.1515287684227,734.1294136865873,711.8348685147892,725.5899047851562,11048900
2024-09-12,732.9439681617731,734.9195583724518,720.7545500341854,733.7638549804688,14467640
2024-09-13,733.7638786030753,756.6510750493478,726.2269968834776,750.5761108398438,22084380
2024-09-16,758.6267230907938,758.6267230907938,723.2636665464314,725.6096801757812,26795550
2024-09-17,724.7947323564229,736.401326026185,719.7223943274977,727.560546875,15677860
2024-09-18,729.7089318400728,757.8858119833055,728.8446111030438,753.7963256835938,29749930
2024-09-19,758.1327695118755,765.3436619716622,746.7731254084403,749.7710571289062,17206440
2024-09-20,754.1816524090713,756.1572428541507,739.5869538799527,748.9907836914062,16450040
2024-09-23,753.2678899217586,754.275399965835,743.9776477033498,750.2402954101562,5734970
2024-09-24,750.428048874669,751.0651358011555,739.25608722626,746.2002563476562,10695400
2024-09-25,745.2914259933434,754.6754797334848,740.6537206206248,753.0851440429688,12720380
2024-09-26,754.6755091847756,768.4453762534998,749.494528346117,767.3588256835938,16681650
2024-09-27,768.5045824372041,771.467967716525,761.688772178675,766.1338500976562,11781310
2024-09-30,765.1460664763093,772.8509165502438,758.2463321171649,760.8985595703125,9619520
2024-10-01,756.6609402618316,771.9273305359507,755.7620129510991,760.8985595703125,7882880
2024-10-03,751.7120738578051,760.6022297904203,729.0915418687258,734.3120727539062,10406620
2024-10-04,732.9440157642659,733.9318109337596,706.767443772685,712.3336791992188,17681110
2024-10-07,712.3336058894837,723.461131798297,710.2543165645639,718.0677490234375,9362270
2024-10-08,717.618302941095,720.6360097123239,707.2662296698204,709.9234008789062,9038050
2024-10-09,712.7928901556166,733.6156268717573,711.814982694058,721.1348266601562,10543750
2024-10-10,723.0661007841838,727.8075057804592,718.4234511937793,723.0364379882812,5594270
2024-10-11,723.5599416713886,724.0538392424954,713.7856894463122,721.2880249023438,3615870
2024-10-14,720.3693413114017,722.4585182708441,711.2124615757413,712.0817260742188,4451810
2024-10-15,715.6476937732767,716.7589633095673,689.382254673613,693.1259765625,14855670
2024-10-16,692.4444088609181,697.3191755758832,683.5542523990803,687.1448974609375,11256980
2024-10-17,689.5748476231796,691.3380957829829,678.7140444363072,681.529296875,6897550
2024-10-18,680.8872059400413,685.3964933511593,673.7454660770677,681.5342407226562,7449290
2024-10-21,682.4726228748415,686.5917116835217,663.5266592359529,669.8140258789062,22099660
2024-10-22,671.7007101041571,674.9604220804397,656.2565231011339,659.6397094726562,17006190
2024-10-23,652.5127933907359,701.2209698346917,652.0435545202597,691.041748046875,26373910
2024-10-24,692.6913393865416,703.5916321887945,690.52806562626,695.4967041015625,8951250
2024-10-25,695.4966706377589,697.3783889311043,680.9168054798616,682.5812377929688,10223240
2024-10-28,683.5542011714341,695.9016397764094,679.109123273643,682.6997680664062,7149810
2024-10-29,682.477514750229,697.383369964567,671.917982274992,693.6791381835938,14097500
2024-10-30,691.3578584764198,693.4766381030124,684.7396188284117,687.0115356445312,5660440
2024-10-31,686.4188968009918,688.572283065161,679.5783669263487,680.566162109375,7301530
2024-11-01,684.5419933626162,685.979252091416,681.776179184853,683.9097900390625,450110
2024-11-04,688.9870885899387,688.9870885899387,667.0481375125781,676.017333984375,7162390
2024-11-05,676.1457335892629,692.9333061836481,663.0080710574805,684.5765380859375,12234300
2024-11-06,685.0359341414089,693.8371623695832,680.8180295727112,692.0690307617188,6962620
2024-11-07,692.069053447962,695.3041067750942,678.6152879339744,682.023193359375,4590470
2024-11-08,682.0231336334226,686.6707264246178,675.7505986222902,681.1785278320312,4248400
2024-11-11,677.6275207794866,681.9935587697154,666.9741758616995,669.6066284179688,7623160
2024-11-12,673.577554339216,675.3407421999111,653.4265086414368,655.7182006835938,10572330
2024-11-13,655.4020530252933,662.0449509990211,644.6943275453784,648.5862426757812,8673470
2024-11-14,649.2086233112618,655.8416946407648,645.0302688868454,646.921875,5277030
2024-11-18,655.2045432549749,657.575275848004,647.4997527629816,648.7789306640625,5965350
2024-11-19,651.3867189263092,656.370128780279,648.0924002620611,651.4805908203125,8040460
2024-11-21,653.3277296958628,653.3277296958628,637.2266206820782,638.6737670898438,11010800
2024-11-22,639.1035280482557,664.0354705624637,637.7255343788306,660.2374267578125,9698550
2024-11-25,670.7029636843931,677.9237432210431,658.5925865022996,660.3804931640625,11327510
2024-11-26,663.9959333145356,665.7541773873521,652.7794780269845,653.7178955078125,6632780
2024-11-27,656.8837167070218,665.1120664607204,653.1547662291734,662.3363647460938,6420100
2024-11-28,663.2056712979346,664.4156962104363,641.5729339359649,642.995361328125,15768820
2024-11-29,643.9437129378866,652.8338697094714,643.0892194488209,649.5642700195312,7096430
2024-12-02,651.4509155066913,658.3654817061558,641.1778216085368,656.947998046875,9202490
2024-12-03,661.4424482999739,664.0354106023556,654.987233438699,659.397705078125,13136660
2024-12-04,661.9955973046382,668.1841483396045,658.5482019051158,665.77392578125,11304410
2024-12-05,667.7495523533025,680.581002300163,660.3855222874306,676.67919921875,13482430
2024-12-06,679.2029480959052,685.0359071458076,669.5917209914767,676.6693115234375,8332070
2024-12-09,676.6495323888263,684.04810805551,674.4565959117224,678.4522705078125,8409100
2024-12-10,680.0771983445102,687.3918505068708,676.05198126489,685.1544799804688,12045630
2024-12-11,687.4955113857335,707.7551988096811,680.8970472625028,702.8261108398438,19931040
2024-12-12,703.4929192804703,706.1155444652702,698.8651011986301,703.8831176757812,9667960
2024-12-13,701.2358213850275,712.9164511394662,689.5402999430213,709.5135498046875,12504360
2024-12-16,709.513483319545,715.9538662829843,706.8760270309309,712.042236328125,7960740
2024-12-17,711.2124738078229,716.8824080497986,702.3223178852251,706.5501098632812,10318560
2024-12-18,706.1747595242988,709.1183697061999,697.422848889461,698.8107299804688,7275140
2024-12-19,686.5176458569614,693.8717881614369,680.3784723235021,683.4110107421875,9076750
2024-12-20,682.8973526743346,693.8273079556544,672.1649081824262,676.466796875,27000190
2024-12-23,681.2822937029399,689.1747669191143,677.2273538130918,678.2892456054688,5829280
2024-12-24,679.8006139646213,682.5664282438878,671.1080289625424,672.5106811523438,6014270
2024-12-26,674.703555812157,677.4298799847502,671.705624156204,673.2564697265625,3290960
2024-12-27,676.3285391188027,689.1550450370221,674.7035967579224,682.34423828125,5554180
2024-12-30,681.5786770684942,690.9627313179881,678.121393923944,680.4180297851562,4908760
2024-12-31,678.6103005167183,679.3067129543762,670.9104544730343,673.9725952148438,6153980
2025-01-01,673.9726320429301,686.3151278617189,672.2933681968553,685.0656127929688,4187210
2025-01-02,689.4809910242172,733.9317712478415,688.5919513036531,729.9015502929688,31716510
2025-01-03,729.9559287245287,740.8463948448415,726.9431654435398,731.6845703125,15059280
2025-01-06,740.8464082616522,750.7144727732598,722.7450489617455,725.9652709960938,19059760
2025-01-07,726.5183720958249,735.6011555232448,721.2336922825674,726.4196166992188,10425380
2025-01-08,727.2000134135191,729.8275221413492,716.8133323228351,726.5628662109375,8444660
2025-01-09,724.8885023686057,726.5628223814273,714.7685458876665,718.8629760742188,6681410
2025-01-10,718.8629737364873,727.7136399495483,715.6625271097332,719.9100341796875,8089630
2025-01-13,715.1637156887145,716.6552960681491,704.6931108182054,706.3673706054688,6642740
2025-01-14,714.1758806037512,729.7830316349712,710.3382868685931,724.5477294921875,9980110
2025-01-15,725.0909770841355,726.0293944819878,701.8481898606851,708.9800415039062,6817500
2025-01-16,711.2125110577488,720.0039120466387,710.6248018802831,717.1145629882812,8608490
2025-01-17,713.2868743970815,719.6038438575115,706.8958685304382,709.4443969726562,6652740
2025-01-20,709.4444007088368,737.883002347853,709.4444007088368,734.9295043945312,10679710
2025-01-21,735.907382821227,739.3646658277696,718.8778041725794,720.265625,10032060
2025-01-22,724.9428586460236,732.9686939513183,717.173799426706,730.6868896484375,7273680
2025-01-23,725.1404197011007,743.2171197816112,723.5599715244443,735.2406616210938,10302950
2025-01-24,735.240662323378,741.3402855259882,724.8737566914398,734.7813110351562,6796870
2025-01-27,729.002703629846,738.327492197745,717.1392743078752,720.6409912109375,6928100
2025-01-28,729.9806046112333,761.2739472466138,725.5355265046696,751.376220703125,24789330
2025-01-29,756.3794336352531,769.1961121605289,747.657245679247,766.4945068359375,15149200
2025-01-30,775.4191780157412,814.9951923600901,775.4191780157412,780.5211181640625,56488830
2025-01-31,782.8276454863043,788.3247278312023,769.5911665443239,778.8863525390625,18335460
2025-02-01,778.3826029398437,801.09694831282,768.9392834173096,790.2460327148438,16153780
2025-02-03,782.5509811875085,833.6298859467698,782.4373944009279,832.29638671875,43369260
2025-02-04,832.2174566954532,838.6381255008187,820.1663431873357,837.1909790039062,19663000
2025-02-05,839.6258525480382,848.3875904449388,834.2423570824784,840.559326171875,18674930
2025-02-06,843.0091001420255,855.707248339586,835.8723039919615,840.3469848632812,17094730
2025-02-07,848.0221185056897,848.0221185056897,828.1575729250835,837.082275390625,9665400
2025-02-10,837.5317181052883,838.4404727202495,811.9675759752106,818.5660400390625,12438380
2025-02-11,819.7712021351498,825.3127183423073,804.0010263640768,809.1227416992188,9630590
2025-02-12,805.0185403586128,818.289566436961,792.7056466833607,811.3799438476562,14837310
2025-02-13,809.700697020402,839.4283652023549,809.700697020402,830.6370239257812,18003130
2025-02-14,830.592471806726,835.2400648701193,818.0919555306888,828.9873046875,8633150
2025-02-17,811.992384689552,838.4405653632614,811.992384689552,832.37548828125,8627990
2025-02-18,832.7113570489839,837.6503330694405,825.8659435194592,836.257568359375,8689770
2025-02-19,835.5907028741462,842.4904977370978,829.7479163344409,833.644775390625,8961980
2025-02-20,825.3868311363984,835.240063629847,824.3792607917218,829.693603515625,7900700
2025-02-21,825.796744718911,831.7531784078093,818.6846075867305,829.4219360351562,6086470
2025-02-24,822.6357365676507,829.6491178609544,820.9614166600082,825.2978515625,3552600
2025-02-25,825.2978838441362,842.25830927362,823.6285076698499,838.51953125,10985410
2025-02-27,843.8338875734571,863.2341986302015,843.8338875734571,859.9151611328125,18382830
2025-02-28,855.9245297524822,856.4184273461074,840.6186481492557,842.6189575195312,17545800
2025-03-03,843.1819256317436,854.5218550816613,833.5114327063873,852.2548217773438,8749960
2025-03-04,841.8187725751311,851.4102854001063,840.9742269959129,848.115966796875,7655060
2025-03-05,835.1807583739746,839.6258363310212,812.066328881241,819.7415161132812,16300920
2025-03-06,826.2906396991598,835.6549183911609,817.4548048826118,830.8197021484375,8814220
2025-03-07,830.7258315228701,836.6624900063057,826.4338905459149,830.1924438476562,4729460
2025-03-10,833.4768883821185,853.2475627633547,822.443172994423,824.0780029296875,10164530
2025-03-11,820.36388361121,827.2784497584448,811.1033039497349,823.8656005859375,8135670
2025-03-12,823.9297789001807,842.0459680567951,817.158462597569,838.08984375,20882230
2025-03-13,839.6258715800483,845.5526424382605,829.056451491524,831.7679443359375,12173510
2025-03-17,829.6688455074964,852.4622295528987,828.3649487375309,847.562744140625,11020850
2025-03-18,847.562744140625,847.562744140625,847.562744140625,847.562744140625,0
2025-03-19,859.3817677282159,877.0633247665322,857.6630138391963,862.503173828125,12898200
2025-03-20,861.8512675396124,866.1037184214129,843.6906440780284,857.3716430664062,7924330
2025-03-21,892.9618800357553,897.8070442304975,872.3218808932932,880.72802734375,27448010
2025-03-24,898.4935319979464,900.3753107639236,881.8047733514692,897.9107666015625,14332170
2025-03-25,901.3631106730027,914.7032895341817,886.7486977214932,895.6585693359375,17482600
2025-03-26,899.0961208716863,901.5507774029766,874.1937828960345,875.7841186523438,8862110
2025-03-27,875.2853078152061,894.4880490291454,871.4576013924166,889.39599609375,20920440
2025-03-28,888.7785142673646,891.8703177029499,875.2851996598098,883.6419677734375,9770990
2025-04-01,867.6101258150749,881.6071661259728,856.5171453492644,859.2039794921875,11834240
2025-04-02,862.345105454572,865.293659300819,850.6891355603105,856.34423828125,6464950
2025-04-03,854.4428225247317,865.8024669860432,835.6944894805895,848.970458984375,13966330
2025-04-04,855.0354482029139,868.9633958369621,847.9035962386396,861.2437744140625,18496580
2025-04-07,823.821177532594,849.5532298327297,820.5762969041879,846.3428955078125,13981240
2025-04-08,854.4427728243368,876.4705917882363,854.4427728243368,871.45751953125,14775630
2025-04-09,870.741349818885,873.4084085524958,851.9732435834242,862.9180297851562,10487740
2025-04-11,871.7341706295462,886.3979608089876,870.3166869895953,881.221923828125,10097220
2025-04-15,914.2537474566216,917.6616526272227,896.4734355650285,902.9434814453125,12633610
2025-04-16,903.783162298271,905.9563236328113,885.459574774967,894.5966796875,7198220
2025-04-17,892.9667707622783,907.7836972682895,884.2741859367974,905.0672607421875,11415130
2025-04-21,905.8081437295533,920.1311732650805,902.9929516955591,916.0317993164062,7824150
2025-04-22,918.1555247049528,927.8359044081861,911.7348567000231,914.7476196289062,11293580
2025-04-23,916.8715115726395,923.4403134417787,903.8326029474815,920.9214477539062,10818710
2025-04-24,950.2589188698975,954.210099405739,915.9824156634257,918.7482299804688,18496710
2025-04-25,919.6866896864188,923.0452174123409,888.0278662459314,900.0789794921875,10893540
2025-04-28,896.918026756798,901.3631050832358,889.0650429887111,898.2021484375,9946560
2025-04-29,901.8570026750623,903.4374508528135,885.0644845529637,898.2021484375,11768180
2025-04-30,873.2109216488716,877.9523263599593,845.1575149820685,852.9117431640625,39690570
2025-05-02,847.0837366024972,880.6193947068681,846.1453191322561,876.026123046875,18933030
2025-05-05,876.9151493635896,892.2753519747675,875.7791608185833,882.2986450195312,8930610
2025-05-06,880.2242686600637,886.4474265819485,864.3207902358181,869.0128173828125,12040870
2025-05-07,864.3207496704923,888.7686794468863,861.6536907277487,887.68212890625,11635570
2025-05-08,886.7436831494186,896.3746854810895,866.7902098503728,872.4700317382812,12018090
2025-05-09,855.6052761471834,868.5629735214347,851.1541504331229,854.7150268554688,12151340
2025-05-12,875.2891347417517,893.1925266870196,872.9646218431894,892.0549926757812,10638220
2025-05-13,890.6208003889055,906.3975195067259,889.3348713613016,894.3795166015625,13363000
2025-05-14,894.6762452523169,901.1550937709037,891.412098554703,898.2371215820312,7594000
2025-05-15,900.0670603030197,911.4916038712305,892.9946921848513,908.870361328125,10385000
2025-05-16,908.8703259586581,918.514430995986,903.430061578627,906.7437133789062,6251920
2025-05-19,906.7437633385294,918.8607164889439,906.7437633385294,915.4976196289062,7162740
2025-05-20,919.701414140777,920.8883929945976,897.0501676578166,898.039306640625,8106160
2025-05-21,900.1165146035777,917.9210170902419,893.0441464113619,909.7606201171875,7321500
2025-05-22,909.7605598698166,909.908954862947,897.1984829838995,903.97412109375,6159740
2025-05-23,903.9741536872501,918.563953895906,901.2045161972959,914.3106079101562,4251690
2025-05-26,915.4481216652316,923.5096284630482,914.9535521775681,916.8823852539062,5476790
2025-05-27,916.9319051022092,918.9101832146195,904.3698270139519,907.139404296875,7150000
2025-05-28,914.4590075574926,919.3552576929596,904.1719377854458,916.6845703125,6507400
2025-05-29,914.9535797277344,917.8715518672628,906.0513286817348,910.403564453125,7081750
2025-05-30,911.3974672853087,914.7269757525836,906.5273802181192,912.4410400390625,15041740
2025-06-02,907.4218677688716,910.9004839103733,898.4768548335816,906.2788696289062,6619630
2025-06-03,905.0365436982427,907.2231146375449,891.5196589753353,892.4141845703125,9080270
2025-06-04,892.0166089717943,898.4272140043767,890.973036213526,893.2092895507812,5544930
2025-06-05,893.2092570386384,893.2092570386384,881.5310455913839,887.941650390625,7853320
2025-06-06,889.0349292177171,937.6361922067621,882.1770614518629,931.4243774414062,19783860
2025-06-09,949.1652576010766,972.8198351344962,934.5550577338245,954.880126953125,23496010
2025-06-10,964.0736055386697,964.0736055386697,942.7546461497201,943.9473266601562,9044040
2025-06-11,943.2019253434805,951.1530480018029,934.6544927506848,936.7416381835938,11860810
2025-06-12,939.1270255972054,947.4756682253494,929.7844319466296,931.1261596679688,12388330
2025-06-13,909.409657042722,930.8279816417149,909.1115020745027,927.3990478515625,10182020
2025-06-16,950.1591916602812,950.1591916602812,919.3485902570712,932.2691650390625,7016290
2025-06-17,935.7477499981485,937.7355306672895,911.8943819684558,917.3607788085938,6110175
2025-06-18,921.3363768999933,926.8027739581917,909.4096924093784,913.38525390625,5002923
2025-06-19,913.385200835148,916.86381694279,888.5379429234192,894.9982299804688,6585940
2025-06-20,891.5196413830498,901.9554900280019,880.5868475645286,899.4707641601562,14320241
2025-06-23,893.5074254217726,912.3913420880837,885.0593574394755,909.9066162109375,5870597
2025-06-24,914.3791289467403,930.2813746675532,908.9127319802109,910.9005126953125,11555634
2025-06-25,912.3913575534164,924.3180419658793,910.4035768180058,922.3302612304688,6623799
2025-06-26,924.3180034916086,947.6744261604825,922.827168002106,945.6866455078125,11677790
2025-06-27,944.1958434478533,953.6378018823319,930.2813783865166,941.2141723632812,21637194
2025-06-30,950.1591822944474,950.1591822944474,928.2935944173786,930.7783203125,6086081
2025-07-01,926.8027599436833,936.0459281516897,922.3302533273331,930.9274291992188,5381327
2025-07-02,927.299682154299,934.1078066812064,908.415765797459,917.3607788085938,9394493
2025-07-03,916.3668704010717,918.8515961884932,899.6695252420488,904.5892944335938,7606558
2025-07-04,916.3669024938135,934.9526641670823,913.3852314444845,919.646728515625,10613046
2025-07-07,919.348569777971,923.6222861320559,912.4907021276991,919.000732421875,3383973
2025-07-08,913.1864557424574,923.8210947863812,913.1864557424574,921.982421875,3851432
2025-07-09,920.8393812062847,940.2202424405239,918.3546554070233,934.8532104492188,5341529
2025-07-10,937.2386150259385,945.8854733415554,936.4931972515277,941.8602294921875,5409906
2025-07-11,932.9648727512993,941.3632582428945,925.858532567122,927.796630859375,4278038
2025-07-14,926.3058276901469,926.3058276901469,905.7322848353934,913.2361450195312,6657978
2025-07-15,913.3852504906677,924.9143545235808,912.3913601201664,922.7278442382812,3892075
2025-07-16,918.3546614371439,921.336332415836,913.7827902013834,916.118408203125,3952491
2025-07-17,920.2927692034689,920.5909241719648,910.4035482229633,917.658935546875,4583882
2025-07-18,914.876047867372,939.1269961604789,914.3791027028597,936.2446899414062,7893820
2025-07-21,933.1636935624069,945.189742786162,931.6231149576104,942.6553344726562,4660232
2025-07-22,949.165268057785,956.1225003890987,934.2569130621131,946.730224609375,6237382
2025-07-23,948.1714130436221,965.0178669487034,947.8235756790004,962.384033203125,9694991
2025-07-24,964.0736630264946,964.0736630264946,948.1714170384288,953.0911865234375,5189112
2025-07-25,900.8622276357114,919.2491989092772,892.5135245222726,908.1672973632812,24415481
2025-07-28,903.69476891972,908.1672753372495,873.6295868907714,875.1204223632812,14011284
2025-07-29,869.7037447809487,888.5379791789943,868.163226860013,881.1334838867188,11323854
2025-07-30,885.5066151591211,887.1464978312954,869.6540520212546,879.44384765625,5054496
2025-07-31,866.6723590329987,882.425496339971,862.6967977530308,875.816162109375,6999179
2025-08-01,879.3941695635544,890.3766457988038,867.6662755657916,870.2503662109375,5300299
2025-08-04,868.6601644770973,881.3322664188398,868.3620095050362,879.89111328125,3969985
2025-08-05,883.5684994549333,888.1403706877749,877.0088475708995,886.4508056640625,4446791
2025-08-06,882.5746376427153,890.0288153255085,869.2564825845568,871.2940063476562,4212648
2025-08-07,865.678516138179,876.6113102570308,861.951427234025,873.72900390625,5998002
2025-08-08,871.6418467707626,882.8727957198508,870.6479564095645,871.7909545898438,3736916
2025-08-11,871.7909583433857,882.8727995211062,867.4178164703837,872.4369506835938,5367926
2025-08-12,871.840610285568,879.493577964962,846.2976166522797,847.7884521484375,8257312
2025-08-13,849.3289521825652,858.7212277434593,843.8128730951354,854.7456665039062,10117225
2025-08-14,854.7456755162978,861.6035429917359,850.2234866910745,856.1868286132812,5379250
2025-08-18,869.6540550045962,914.0312833334461,869.6540550045962,899.6695556640625,16277779
2025-08-19,900.4149554099347,904.340834340714,885.0593376992107,896.7872314453125,5764382
2025-08-20,895.0479566542332,896.4891098168773,880.6365463522989,882.3758544921875,5561646
2025-08-21,882.5746314276544,895.7933609596045,878.5990700248271,890.128173828125,6697533
2025-08-22,889.5318572810404,898.3775056015852,886.5501862510481,889.034912109375,6424895
2025-08-25,896.5884320002725,902.4524091439717,892.6626137722333,895.29638671875,5837876
2025-08-26,894.4516368796031,896.3897352037943,868.1632248643122,870.8964233398438,6712926
2025-08-28,864.8834023279845,879.0960223258443,864.386457148603,871.4927368164062,8349342
2025-08-29,865.5294007405946,882.5746447779533,865.5294007405946,872.4866333007812,5672446
2025-09-01,872.4866425092836,889.3330965188461,872.4866425092836,883.9163818359375,4101526
2025-09-02,889.531829961714,894.054018752533,880.7359249582778,884.6617431640625,6103185
2025-09-03,887.2459325590307,893.358321848498,874.673195296038,890.8239135742188,5493809
2025-09-04,909.4096671199059,942.2080485570173,906.6764686668133,929.0390014648438,21738706
2025-09-05,936.2447239024901,936.5925612653656,926.3058202517205,931.87158203125,5467260
2025-09-08,931.8715622116007,943.8479893858586,929.9335245707231,938.5306396484375,5657331
2025-09-09,938.2325099594004,943.5995422261885,934.2569484765216,942.6056518554688,5417393
2025-09-10,945.2394223633869,963.7258196057238,941.9099138954552,962.0361938476562,6836239
2025-09-11,962.0858293005991,969.9375870897502,959.7004682688378,964.3220825195312,5982627
2025-09-12,966.3098828648202,998.4622110922587,964.9184121242076,997.1204833984375,11412561
2025-09-15,992.8964290458812,1019.4332520431325,992.001903493552,1003.6801147460938,9989753
2025-09-16,999.7045740170013,1009.096849860506,993.8903397941067,997.1204833984375,7602155
2025-09-17,1003.8292693713166,1005.6182598971513,994.2382030772733,1001.3445434570312,6995023
2025-09-18,1000.8475919379939,1003.630472811925,983.9514558278192,990.4117431640625,9738376
2025-09-19,984.9453214918962,989.9147731644083,982.5599604241896,986.386474609375,6736440
2025-09-22,983.9017736531472,1004.7237888199518,982.9575656790432,1000.3506469726562,4250045
2025-09-23,992.8964637224411,1022.5144448037238,992.8964637224411,1019.2345581054688,10230040
2025-09-24,1015.2589619880337,1029.6703716295672,1014.1657069008178,1023.4585571289062,6433184
2025-09-25,1013.7681439092971,1024.8003023869387,1001.8414598633053,1006.5624389648438,16731453
2025-09-26,1001.891155536227,1004.3261990270311,975.0561160768209,979.0813598632812,9109737
2025-09-29,983.9514219414285,991.7037543454866,975.1057737823071,984.8956298828125,5804877
2025-09-30,983.951470544565,996.1763100158497,983.4048429711578,992.797119140625,7182200
2025-10-01,985.4422986048428,993.8903667219796,971.7763060624155,981.66552734375,6932272
2025-10-03,969.0430597091871,986.137985305225,966.0613887562358,983.7029418945312,7692197
2025-10-06,986.933141732111,1016.7498529626885,986.038616130292,1002.7360229492188,9299635
2025-10-07,1002.7360085412411,1023.2101256938167,1002.7360085412411,1010.3392333984375,7991437
2025-10-08,1005.8667066083218,1021.7192696660381,1005.8667066083218,1016.89892578125,4448915
2025-10-09,1016.7498234980768,1022.7131655713794,1008.7490183488464,1017.8430786132812,4444154
2025-10-10,1011.8797350138916,1021.2223285128763,1010.786479900336,1017.5946044921875,3714548
2025-10-13,1017.5945623126523,1033.645914968652,1015.2589443658443,1030.415771484375,7684523
2025-10-14,1033.6459286680113,1035.7330740667676,1005.1709468489393,1012.92333984375,7668358
2025-10-15,1019.7315303152786,1056.5054743909757,1012.1779876889561,1053.4244384765625,10205158
2025-10-16,1055.5115586239883,1074.4948401686147,1052.3807797360498,1059.2386474609375,9901992
2025-10-17,1049.6475471792012,1069.873191012859,1049.6475471792012,1063.56201171875,5761670
2025-10-20,1074.8924530057527,1079.8619049382805,1065.6492238814471,1074.3955078125,5700858
2025-10-21,1078.271616183115,1082.3465421688047,1074.3954197286298,1079.86181640625,911624
2025-10-23,1083.3404189115208,1095.764047568763,1077.2777123916862,1087.465087890625,11143407
2025-10-24,1086.819129938597,1091.8879466089368,1080.7564228887977,1083.092041015625,6440277
2025-10-27,1084.2845668288383,1087.3159807528757,1069.1774829021078,1077.774658203125,7366175
2025-10-28,1071.4138474332178,1085.7258934078031,1056.5552345352612,1066.1959228515625,12324341
2025-10-29,1065.4504445842445,1072.5567847808404,1054.766123428199,1056.4556884765625,5386803
2025-10-30,1056.5054276799265,1060.282259488358,1038.6154016232579,1045.870849609375,4271927
2025-10-31,1045.5726982056322,1062.9160371127934,1035.0374842566753,1036.428955078125,5315632
2025-11-03,1030.6643436131337,1041.5971380005442,1024.701001220001,1036.72705078125,4135617
2025-11-04,1033.6459780776963,1053.9213657587372,1028.6765262600152,1050.5421142578125,6202540
2025-11-06,1030.6643366417718,1046.3678533672753,1028.6765558575062,1035.534423828125,5776277
2025-11-07,1032.6520258968524,1070.3204926848425,1027.8813039076636,1060.0833740234375,6940923
2025-11-10,1060.0833659595746,1081.3526425691243,1056.406020392402,1078.3709716796875,5692236
2025-11-11,1037.3233116315946,1037.3233116315946,990.9086807328857,999.05859375,23762890
2025-11-12,1004.8231337094597,1012.1779464901371,1002.6365628290757,1007.0097045898438,11131278
2025-11-13,1006.3139824958898,1013.1718501970593,997.3689693181485,999.2573852539062,8503994
2025-11-14,998.7604589574643,1013.6688145355203,996.474462572359,1012.27734375,4381122
2025-11-17,1014.7620597331335,1026.6887440786747,1010.7864982846197,1020.5266723632812,6011603
2025-11-18,1014.9608295603725,1017.8430751553253,1005.5188713097211,1007.4072265625,4562185
2025-11-19,1002.8353671911749,1009.89196443971,998.462225368651,999.4561157226562,5158832
2025-11-20,1008.7987279931348,1025.3966486825288,1001.1457599931499,1022.3156127929688,5459073
2025-11-21,1013.768151744064,1021.3216941000011,995.3811803643922,997.9652709960938,6304584
2025-11-24,998.8597957373146,1003.1335120841381,983.9514405770561,987.927001953125,9574900
2025-11-25,988.9209056300073,990.809321574001,978.4850568771278,980.1746826171875,6376983
2025-11-26,980.174650422007,1006.6121087960257,975.3045635657265,1004.5249633789062,9772235
2025-11-27,1009.3950096533575,1038.5160452782807,1004.7237735638056,1027.48388671875,12076038
2025-11-28,1031.6582000658886,1037.1245970797252,1024.700967502824,1031.1612548828125,4983147
2025-12-01,1035.534356502259,1035.6337212701098,1012.5754535393232,1014.8613891601562,6459837
2025-12-02,1008.3017642106271,1029.6704068232723,1007.7054542630824,1019.2345581054688,6706145
2025-12-03,1014.7620265368471,1020.0296938136075,1008.0035844279158,1015.1596069335938,5895670
2025-12-04,1011.7803417565528,1025.9930218061163,1009.7925611244182,1022.8125,5404918
2025-12-05,1022.6137652237765,1054.5176199410707,1020.228404212544,1041.5970458984375,13123572
2025-12-08,1041.597096857867,1043.3861480349447,1016.7498378679369,1020.1290893554688,5189635
2025-12-09,1018.737620150018,1019.7315105111398,1007.5066712017904,1010.4883422851562,5968501
2025-12-10,1009.7925673399986,1015.4577543089035,1001.1457094045386,1004.1273803710938,4990527
2025-12-11,1005.7176787137419,1014.2651115377427,993.9897239456782,1000.2512817382812,4670539
2025-12-12,993.8903645868176,1014.5632720377727,993.8903645868176,1011.0846557617188,4381711
2025-12-15,1008.7986919901589,1010.2895274955631,1001.8414596316061,1006.5127563476562,3958977
2025-12-16,1001.3445490117061,1004.4255848976097,990.4117549282037,992.3001708984375,3861617
2025-12-17,993.8903172081899,1005.0219008933718,989.2190205848613,993.4927368164062,4695550
2025-12-18,995.9774670089271,1003.5310698504261,988.9208699904783,994.1884765625,3103997
2025-12-19,997.0708318128779,1007.8048356817715,996.3750964210808,1002.1396484375,5126009
2025-12-22,1002.1396453790434,1009.1963033853727,998.8598192988709,1001.6427001953125,3921237
2025-12-23,1007.3078485512267,1011.780355032214,999.5555161166326,1005.220703125,4712043
2025-12-24,1004.8231244992292,1031.0618534988278,999.8536728449303,1005.5188598632812,5984816
2025-12-26,1005.5188486986123,1005.5188486986123,991.9025391845703,993.8903198242188,5211460
2025-12-29,996.8720397337644,997.766565330431,983.5538845292492,991.902587890625,6715489
2025-12-30,988.0263376479772,991.5049537496724,981.0691054445871,983.2556762695312,7473887
2025-12-31,983.9514573813728,988.125809029987,972.4223534587753,980.77099609375,9895270
2026-01-01,982.1624435784461,982.9575437159378,963.079736967385,967.1546630859375,7118751
2026-01-02,966.9559186204996,988.1257703484403,954.7310191290646,984.398681640625,6206869
2026-01-05,973.7144106235808,993.0455905121329,969.0431137377275,972.7702026367188,10564157
2026-01-06,972.0247761461352,980.9697894235536,967.3534793021437,971.3787231445312,8380183
2026-01-07,967.1050155315073,970.4842670653649,959.1538925457289,962.8809814453125,7048491
2026-01-08,962.582784977722,972.372580467112,959.4023237880401,966.01171875,4410256
2026-01-09,964.1729698848583,976.9941792075174,947.8732051235074,953.7371215820312,7598970
2026-01-12,952.9420353889222,955.5261866418798,934.1078015204165,946.084228515625,5640136
2026-01-13,944.195855706459,950.0100901319603,933.2630615877528,943.2019653320312,6765116
2026-01-14,941.214166001815,948.0720337148815,937.3877124007109,940.1705932617188,4452202
2026-01-15,940.1705932617188,940.1705932617188,940.1705932617188,940.1705932617188,0
2026-01-16,934.4556893365371,957.1163764598338,931.0764379896394,944.4442749023438,10710080
2026-01-19,944.6927439465522,966.9559112565895,943.0528006627021,963.5269775390625,7000442
2026-01-20,969.7388134208337,969.7388134208337,922.2308674702824,927.4984741210938,9001207
2026-01-21,919.3485796817632,941.5123224973162,915.3730182561123,930.5298461914062,5375254
2026-01-22,941.2141466917889,941.2141466917889,928.542044927987,937.0894775390625,5518756
2026-01-23,937.0895078420846,945.5873190059384,920.6406344080395,922.18115234375,6535035
2026-01-27,924.3180213853252,926.2561196916482,902.1542788114394,909.1115112304688,15312488
2026-01-28,909.1115146957117,931.1758925840434,909.1115146957117,929.4365844726562,6046468
2026-01-29,929.4365844726562,934.0581381998472,918.0565278399878,929.4365844726562,6430445
2026-01-30,922.6780488062319,932.2691146019519,919.4976483309938,924.1688842773438,10151379
2026-02-02,881.5807301538995,903.8438979987861,881.5807301538995,898.1787109375,11874989
2026-02-03,954.1347317497356,966.8565160406149,936.1453407597718,958.5078735351562,15261370
2026-02-04,959.1041764888621,969.7388152414482,938.3815871995736,957.41455078125,17489015
2026-02-05,958.1102951298911,962.5828016942942,947.1775013057949,958.855712890625,6020258
2026-02-06,967.9994983851784,980.4728098858425,960.1974229025727,975.7021484375,13742927
2026-02-09,981.9636544236286,981.9636544236286,965.6638286075663,977.143310546875,4852548
2026-02-10,977.1433247113504,979.1311054171357,955.4267841032932,959.7005004882812,6166752
2026-02-11,959.4023662008532,968.546169777069,955.5262301383489,963.0300903320312,3597342
2026-02-12,962.3840381852973,995.8781559623915,959.1042120795487,992.995849609375,10346853
2026-02-13,988.9208978418898,1025.6948407767138,986.7343269403416,1018.4891357421875,21613987
2026-02-16,1016.7994973052029,1023.0113725747423,997.1701631461748,1006.5624389648438,4460636
2026-02-17,1006.5624477080115,1010.1404286879872,997.8659071822697,1007.9539184570312,2913899
2026-02-18,1008.3514361946241,1019.4332771309149,1000.8972586159408,1017.544921875,4929647
2026-02-19,1017.7437317964992,1018.2406769780405,1000.8475956240964,1010.836181640625,9866245
2026-02-20,1009.6932029015758,1030.2666840477068,1002.5868628307375,1023.90576171875,6922705
2026-02-23,1026.142020179564,1039.6092826480663,1022.7628901253963,1024.700927734375,9452225
2026-02-24,1020.0297068575513,1022.4646896664448,1004.1274007181052,1017.2964477539062,6610984
2026-02-25,1021.7192564500571,1027.6825984137733,1007.2084819365814,1014.8117065429688,3182612
2026-02-26,1014.5135629762356,1024.8996684832712,999.9033628685212,1006.76123046875,4336261
2026-02-27,1002.7856866993056,1008.6993464492525,987.0324881612286,989.8154296875,8145772
2026-03-02,965.0675492124609,984.3490466542129,962.0858781026386,972.2732543945312,8493269
2026-03-04,961.0919675381565,961.0919675381565,935.5489734349401,939.3257446289062,8964293
2026-03-05,952.146938837118,962.3343147484754,940.1208900749527,956.5200805664062,6181254
2026-03-06,954.1347052689937,955.6255407459765,940.816550743047,944.3945922851562,6560051
2026-03-09,916.168129174755,935.3502011464798,903.496026981582,932.31884765625,9182152
2026-03-10,944.1957988094701,946.3326872506235,926.1566653357364,934.05810546875,8474956
2026-03-11,926.5045848959302,935.499280319272,884.5624005143713,888.1901245117188,11172537
2026-03-12,874.7228568335765,882.7734049192558,853.1057421149175,857.8267211914062,15508258
2026-03-13,855.7395874221821,863.0446571962509,843.6141130753871,849.825927734375,6668639
2026-03-16,844.9061777172205,876.5119399548598,844.9061777172205,872.7848510742188,8982957
2026-03-17,872.7848534268901,875.6670991050029,854.2984561317264,863.2931518554688,7941385
2026-03-18,870.7472781073361,888.488256574478,852.9566779192932,874.7228393554688,12375517
2026-03-19,862.8955912055036,864.5852168883157,821.6491427701986,827.1155395507812,11585591
2026-03-20,831.5880356170413,836.8059597514911,814.2446375519916,825.4755859375,14881843
2026-03-23,813.1016506942655,813.7973860542813,783.0862114062364,807.63525390625,15835828
2026-03-24,824.9290101463579,848.7823791144452,812.6047452479443,843.8129272460938,18828248
2026-03-25,856.7831474745351,883.3697138215995,848.0866070806355,877.356689453125,15995501
2026-03-27,869.6540439335951,869.8031517488845,836.1102450961564,838.6446533203125,11282824
2026-03-30,825.9228529471898,829.7990494461383,794.1183628216662,796.6527709960938,20377282
2026-04-01,827.711880179218,836.9053660148123,809.8218536883318,812.3065795898438,15094026
2026-04-02,804.0572991582707,824.9786790496539,787.6084258753081,821.7982177734375,9113618
2026-04-06,823.8357064074843,847.7884387352203,809.2751890271433,845.6515502929688,12504591
2026-04-07,842.8190131619239,857.5285781459786,839.2907145671045,849.8756103515625,11569047
2026-04-08,884.5624095069836,920.3424620263672,875.6173963771378,909.4593505859375,13826150
2026-04-09,896.4890823934403,907.8194564801651,885.9538691047153,897.7314453125,9457820
2026-04-10,910.1550832505548,921.6345046005437,906.7261494285443,918.9013061523438,9491544
2026-04-13,890.6748827576488,900.365313902328,875.7167841019559,893.457763671875,10723313
2026-04-15,919.3485600943784,919.3485600943784,905.533460169681,907.5709838867188,5975197
2026-04-16,913.3852347747978,926.9021193161395,898.4768794737946,900.3652954101562,11805227
2026-04-17,896.6382207477712,904.887498678844,890.3269805066387,902.700927734375,6035241
2026-04-20,902.7009248247721,915.2736622182542,892.5135485743411,912.1428833007812,6184179
2026-04-21,913.8821981797305,940.1706106839638,913.3852529931185,933.1139526367188,6713975
2026-04-22,932.2691450912259,940.5681052202607,924.4671301354808,929.0390014648438,5759028
2026-04-23,920.4418471427572,924.1689360292474,903.7941834497668,912.7391967773438,9143598
2026-04-24,914.3790988282084,919.050395487281,904.2414053826628,915.9196166992188,3982355
2026-04-27,917.4104537284172,923.2744309195722,902.7505714127813,916.1680908203125,7813458
2026-04-28,916.1681024128881,924.2186505566239,908.7636072544419,918.0068359375,7119135
2026-04-29,919.3485415879115,931.2752253706736,910.9998386750779,924.3179931640625,5438997
2026-04-30,939.2263914452292,969.0431022847603,928.194232699504,931.2752685546875,27364272
2026-05-01,931.2752685546875,931.2752685546875,931.2752685546875,931.2752685546875,0
2026-05-04,932.3684830401445,960.0980471769249,932.3684830401445,944.3945922851562,7503756
2026-05-05,944.3946434071306,955.2280120622871,927.4488247005652,952.7432861328125,7290077
2026-05-06,959.1041619784364,977.988078121017,959.1041619784364,974.7579345703125,7771237
2026-05-07,986.1876852701698,986.1876852701698,963.079734972834,966.8068237304688,7873561
2026-05-08,965.0675308165735,966.0117387824698,945.1897237966647,949.5131225585938,5555386
2026-05-11,940.2202758524367,950.1591794026738,927.8463287999407,930.3310546875,5581022
2026-05-12,922.330237181858,926.9518515360861,896.2406157098496,898.6756591796875,7174645
2026-05-13,896.4891000333595,901.8561322142032,884.612098160999,890.6748657226562,7422952
2026-05-14,897.3836018637576,909.4096505736561,883.5685020327653,906.5770874023438,6815238
2026-05-15,907.4218593475697,915.9692918081777,901.8063547920738,904.887451171875,5012279
2026-05-18,894.5012895507624,919.3485475938392,885.2581216911881,915.4723510742188,6387223
2026-05-19,921.9326534050346,924.3180144815005,914.4784758688934,917.9074096679688,8313548
2026-05-20,904.4402049183851,920.6406052476597,902.8996870314689,917.4601440429688,5864990
2026-05-21,927.2997107512654,929.1881267100869,897.7314723859383,902.1046142578125,9713326
2026-05-22,902.5518096566084,918.354690610588,902.5518096566084,910.9501953125,4811990
2026-05-25,920.4418089864607,938.232470132043,918.8019263417376,936.1453247070312,7065528
2026-05-26,938.1827765217242,942.605600563208,922.4295786056811,924.5167846679688,8489543
2026-05-27,926.3057810448138,930.2316599531514,917.3607681377288,925.4609985351562,5349669
2026-05-28,925.4609985351562,925.4609985351562,925.4609985351562,925.4609985351562,0
2026-05-29,909.509052497803,932.0703760088064,889.8300353220891,902.700927734375,46752428
2026-06-01,905.8813937458372,912.3913635647469,882.5746523371408,883.6182250976562,6887616
2026-06-02,868.6601444858543,878.9966281359411,855.1929427077972,876.6112670898438,15697997
2026-06-03,876.6112961958627,876.6112961958627,858.2243245636365,871.4430541992188,14747769
2026-06-04,864.8833876892113,873.7787183820307,862.6968168044914,869.0577392578125,9676279
2026-06-05,868.660189418972,907.4219141184456,868.660189418972,883.9661254882812,13274646
2026-06-08,867.6662479009749,874.027170203179,861.2059608318382,865.77783203125,6203084
2026-06-09,880.5868586887179,883.3200571778759,866.7717584240726,881.4813842773438,9183355
2026-06-10,884.6617673327235,889.2336992938868,874.7228639331322,878.6984252929688,6939714
2026-06-11,874.6234767765276,881.5310265948833,863.1937381595617,865.231201171875,5191085
2026-06-12,875.8162057173853,915.3730302902005,875.716780283085,912.6895141601562,11729668
2026-06-15,936.2446917128663,953.1408273382576,933.26302072015,936.5428466796875,11989428
2026-06-16,940.2202381671683,958.010899073921,940.2202381671683,953.786865234375,9335988
2026-06-17,949.2646689105351,955.9237465275168,945.7363702265553,952.5445556640625,5682977
2026-06-18,952.4948150672145,955.0789664353642,942.2080739675965,952.9917602539062,5750456
2026-06-19,948.2210560069122,965.7632445741657,947.4259558763664,955.9237060546875,12941776
2026-06-22,960.147779870475,967.0056476888367,955.6752732051749,962.384033203125,5680845
2026-06-23,962.3839971326659,971.7265905260309,954.6316646691564,956.5200805664062,8202516
2026-06-24,946.5811699790587,987.8276184745832,946.5811699790587,984.8956298828125,9873777
2026-06-25,990.1135501580862,999.4560827804515,972.9192597329742,974.4100952148438,12807092
2026-06-26,974.4100952148438,974.4100952148438,974.4100952148438,974.4100952148438,0
2026-06-29,969.3412280561971,986.2373636895479,969.3412280561971,976.0499877929688,19875760
2026-06-30,986.9000244140625,1010.9500122070312,977.7000122070312,1004.75,12445420
2026-07-01,1000.4000244140625,1025.4000244140625,998.9000244140625,1014.9000244140625,6834299
2026-07-02,994.7000122070312,1025.699951171875,993.4000244140625,1018.4000244140625,8168339
2026-07-03,1035.0,1040.0,1017.5999755859375,1031.4000244140625,9399193
2026-07-06,1040.0,1040.199951171875,1024.800048828125,1029.0999755859375,4819952
2026-07-07,1024.0,1052.9000244140625,1024.0,1042.5,9101171
2026-07-08,1025.0,1034.699951171875,1004.0999755859375,1010.4000244140625,8313859
2026-07-09,1000.0,1013.5,994.0999755859375,1003.7999877929688,11712515
2026-07-10,1010.0999755859375,1023.9000244140625,1004.2000122070312,1020.5,7039305
2026-07-13,1014.0,1028.0,1003.7000122070312,1022.5999755859375,4874070
2026-07-14,1007.0,1022.0,995.2000122070312,1006.5999755859375,6458393
2026-07-15,1006.5999755859375,1037.300048828125,1006.5999755859375,1021.2999877929688,5538356
2026-07-16,1024.0,1042.4000244140625,1021.2000122070312,1037.5999755859375,9079076
2026-07-17,1044.9000244140625,1058.5,1037.5999755859375,1056.300048828125,12882360
2026-07-20,1057.0,1067.699951171875,1038.199951171875,1064.0,9348760
2026-07-21,1064.0,1074.4000244140625,1060.9000244140625,1069.199951171875,6970658
2026-07-22,1064.0,1070.5999755859375,1056.0999755859375,1060.300048828125,6757716
2026-07-23,1053.300048828125,1061.199951171875,1036.5,1039.800048828125,8016651
2026-07-24,1027.300048828125,1030.199951171875,1001.2999877929688,1012.7999877929688,18416962
2026-07-27,1026.699951171875,1050.0,1026.5999755859375,1048.300048828125,7610916
2026-07-28,1049.0,1055.0,1042.4000244140625,1048.4000244140625,4726447
2026-07-29,1056.0,1065.9000244140625,1048.4000244140625,1054.4000244140625,6444368
2026-07-30,1046.0,1068.0,1035.0999755859375,1053.5,9866564
2026-07-31,1095.0,1151.5,1083.5999755859375,1141.199951171875,40811849
