date,open,high,low,close,volume
2021-08-02,133.92944031056783,134.14700879243682,132.6180702965275,133.66925048828125,21634000
2021-08-03,133.94725240636728,134.53900531485272,132.14771857757245,134.4379119873047,20762000
2021-08-04,134.15986590683238,134.45723212121203,133.30494371224364,133.93783569335938,19676000
2021-08-05,134.48797455260816,135.15159999068044,133.6608059857469,135.053955078125,17870000
2021-08-06,134.84627027355822,135.27298265571096,134.0215823867946,134.54542541503906,20488000
2021-08-09,134.7476505132301,135.97823930808275,134.1499385485314,135.70960998535156,17760000
2021-08-10,136.13485470912244,136.56158228756237,135.16595290851137,135.6045684814453,19414000
2021-08-11,135.97578664479468,136.47237514518056,135.07378119338873,135.0812225341797,15352000
2021-08-12,134.7803631501877,136.0932302954075,134.23520937229634,135.9881591796875,16506000
2021-08-13,136.04368651541876,136.6448621761121,135.82859848405317,136.51698303222656,15948000
2021-08-16,136.31625185991177,137.14639993489493,134.10981879520125,137.09385681152344,22384000
2021-08-17,136.53927624045247,137.0502482689052,134.8859374907993,135.46034240722656,21716000
2021-08-18,135.3002411007768,135.89943526363484,134.13210212068796,134.25848388671875,19258000
2021-08-19,133.25390393778633,135.1540470600647,133.07003326839052,134.48745727539062,21782000
2021-08-20,134.80463305716486,136.34497507893207,134.0612251542761,136.22157287597656,31194000
2021-08-23,136.75684366705852,139.63630956779562,136.39802587425726,138.81063842773438,28454000
2021-08-24,139.37561670216243,140.83121539533298,139.10502114709683,140.01991271972656,19268000
2021-08-25,140.38024143327524,140.93977888826373,140.13343694103298,140.8302459716797,15848000
2021-08-26,140.50411569948363,141.1657446019955,140.1145645733413,140.1973419189453,20610000
2021-08-27,140.40746320935864,143.2423262781944,140.25332765406952,142.73829650878906,28780000
2021-08-30,143.13080955855443,144.6875166286591,142.89589312218945,143.31964111328125,24434000
2021-08-31,143.8712627569478,143.89553786032653,143.01287695186656,143.4257049560547,22448000
2021-09-01,143.72554217822025,144.96851813744988,143.61006529217806,143.93914794921875,21936000
2021-09-02,143.93964934296415,144.24047911372418,141.92649470207718,142.02760314941406,32342000
2021-09-03,141.82291558838094,142.8879648593255,141.14888450599227,142.4761199951172,19850000
2021-09-07,142.57031097305716,143.29438972638894,142.3567051696293,143.01239013671875,20124000
2021-09-08,142.8334564312198,143.1308075175627,141.7431186990499,142.42803955078125,18344000
2021-09-09,142.5762555754694,143.04212585693128,141.91908838731538,142.27938842773438,15314000
2021-09-10,142.94494785456573,143.44651225924972,139.50099932298838,139.63778686523438,36840000
2021-09-13,140.7018679540071,141.6935778474216,140.00852254788668,141.08151245117188,22094000
2021-09-14,141.73866598781828,142.10294377890315,140.50411441226078,141.2916259765625,19674000
2021-09-15,141.51663270038054,143.18087624925593,140.10515271027106,143.16006469726562,27408000
2021-09-16,142.68527016924585,143.03170083482422,141.14988885441545,142.34776306152344,26190000
2021-09-17,141.7733797216764,142.18918733159688,139.23538335972722,139.56248474121094,53384000
2021-09-20,136.94716512358414,137.77829631791283,135.12384006043985,137.50025939941406,46518000
2021-09-21,138.5211988911411,138.78090469038185,137.06263570579478,137.81100463867188,25332000
2021-09-22,138.07960825207437,139.64868731901853,137.33371982330885,139.0504913330078,25056000
2021-09-23,139.74833097489636,140.45109904539308,139.16748291766282,139.97482299804688,20952000
2021-09-24,139.30327875954345,141.07953591694633,139.00839293774456,140.9650421142578,22984000
2021-09-27,139.56692635866548,140.69096191409616,138.83640458295432,139.8320770263672,21882000
2021-09-28,137.4363214393238,137.87393879510293,134.17028392552325,134.6361541748047,45772000
2021-09-29,135.77604845611555,135.94555070244238,132.68843655514806,133.17263793945312,30848000
2021-09-30,133.08146275860062,134.3511945610618,132.38215816879713,132.5010986328125,37996000
2021-10-01,133.26579353336834,135.70715804170354,132.8945886396275,135.34288024902344,35360000
2021-10-04,134.76551219994235,134.76551219994235,129.89817950948486,132.4847412109375,51202000
2021-10-05,132.8628642127643,136.0183854264284,132.8628642127643,134.8274383544922,32404000
2021-10-06,133.56565053252967,136.53928282638935,133.3674114045409,136.3559112548828,24364000
2021-10-07,137.67123135730094,138.81113270818318,137.4323522466048,138.00131225585938,25110000
2021-10-08,138.35022132641475,139.0975920679396,137.9938839590629,138.55690002441406,26526000
2021-10-11,138.0677224984153,139.47523981927662,137.6385144893524,137.6930389404297,17954000
2021-10-12,138.25407591116456,138.28084658816041,134.56677058487705,135.24972534179688,36332000
2021-10-13,136.19479979624697,136.787051711659,135.3190661491181,136.3727264404297,19654000
2021-10-14,138.24812282051505,140.09523891303556,137.6048250070832,139.91038513183594,31894000
2021-10-15,140.3698121513104,140.47240282360914,139.51786944318084,140.12547302246094,30274000
2021-10-18,139.8365491009501,141.54093366501112,139.82960687486855,141.52308654785156,20396000
2021-10-19,142.12724781743668,142.39983988575156,141.34667831992454,141.9780731201172,20164000
2021-10-20,142.0781590742051,142.28433864697428,140.1338971977449,140.52294921875,23288000
2021-10-21,140.52294001353957,140.9065471263321,139.26509648022758,140.638916015625,26292000
2021-10-22,137.92698514135645,139.34738897299374,134.86018454789837,136.35740661621094,50588000
2021-10-25,136.34104419991752,136.787086020702,134.23372308873442,136.23895263671875,34412000
2021-10-26,138.03947326185792,138.85175904468622,137.08890257767035,138.08407592773438,49236000
2021-10-27,138.17971995180935,147.34345760422508,138.17971995180935,144.93234252929688,85782000
2021-10-28,145.84130142868378,145.86459342888665,143.3558332615814,144.5670928955078,36206000
2021-10-29,143.8028808506359,146.93907321937613,143.37814969215017,146.7447967529297,43320000
2021-11-01,146.7448081412298,146.7448081412298,141.9666654231716,142.23577880859375,46924000
2021-11-02,143.3087514833836,145.3204089612238,143.0668927959046,144.1542510986328,33482000
2021-11-03,144.61814533980774,145.37989965427468,143.32016075699752,145.3095245361328,27494000
2021-11-04,145.83136586908142,148.41744313308732,145.0220445618424,146.96432495117188,38412000
2021-11-05,147.85841557801552,149.00624241473633,146.89447456017774,147.54371643066406,38354000
2021-11-08,148.50811216846992,149.2911769439949,147.12586838133296,147.72109985351562,23052000
2021-11-09,147.92135382889896,148.5175685400609,145.9508203469495,147.609619140625,19530000
2021-11-10,146.20359249121142,146.76858990508995,143.2671365563009,144.6112060546875,29970000
2021-11-11,145.20195824365715,146.2387698135398,144.32076445094071,144.4853057861328,16518000
2021-11-12,145.32685883285086,147.5417315550425,144.1329471350042,147.37123107910156,22360000
2021-11-15,147.59177639922783,148.2350742445268,146.2779260424359,147.147216796875,23508000
2021-11-16,146.84737335766715,147.45497691847146,146.01772444610071,146.57627868652344,18904000
2021-11-17,146.72642872326313,147.2537504824228,145.9458594225756,146.74575805664062,19594000
2021-11-18,146.9385815884133,149.25702820435575,146.58472464481926,148.52154541015625,35608000
2021-11-19,148.65729911523493,149.6396012782101,147.59026853190187,147.61752319335938,33682000
2021-11-22,148.0199952541973,148.51262110699628,144.86299118596366,145.01612854003906,30594000
2021-11-23,144.8684433179545,145.37099098397414,142.8483611146585,144.50070190429688,27218000
2021-11-24,144.1949064284518,144.9640870123925,143.1040844590682,144.83572387695312,18040000
2021-11-26,143.07979835205043,143.28696106170008,140.5958271690256,140.93333435058594,30470000
2021-11-29,142.73435339938078,145.0116607886392,142.62878315864714,144.25140380859375,32596000
2021-11-30,143.73397863340372,144.71676490782465,140.3569260142656,140.65032958984375,42068000
2021-12-01,142.73435417388086,144.66771130937158,139.67349778643103,139.811767578125,34020000
2021-12-02,140.00850599610223,142.60002820764856,138.98210021683846,141.7094268798828,29194000
2021-12-03,142.4181454494306,143.13082014038355,139.06784841754663,140.75340270996094,41230000
2021-12-06,141.78326347810582,142.5881230149532,138.9181661975633,141.89675903320312,30618000
2021-12-07,144.31681320908484,146.23431960919498,143.95105317379645,145.97511291503906,32240000
2021-12-08,146.29922253666786,147.0887305485921,145.11919542765767,146.884033203125,24270000
2021-12-09,146.29378297525568,147.78952259539568,145.82196873525865,146.3408660888672,23270000
2021-12-10,147.39303059375538,147.66808793780228,145.41457182465953,146.70066833496094,24458000
2021-12-13,146.48261894599256,146.6694692071858,144.23852522703294,144.54481506347656,27070000
2021-12-14,142.70263459263393,143.2101279735769,139.9738254109234,142.6421661376953,38446000
2021-12-15,142.148536251989,145.43142268224105,140.43274769467823,145.1538848876953,36370000
2021-12-16,145.8769849184342,146.37903341060957,142.34479835563232,143.17544555664062,33650000
2021-12-17,141.2475218263389,142.5702956240414,140.05807203589413,140.47933959960938,50416000
2021-12-20,138.7694803949331,140.5283891248186,138.096447568036,140.3623504638672,27192000
2021-12-21,140.80495248159482,142.60450151263055,139.26758970259098,142.21148681640625,28756000
2021-12-22,141.81003144963466,145.2123570924687,141.81003144963466,145.1280975341797,26322000
2021-12-23,145.21238570176314,146.94056153124288,145.1648034683037,145.62522888183594,26384000
2021-12-27,145.96172629853862,147.0401610488901,145.87598451208166,146.60650634765625,15976000
2021-12-28,146.93307087735056,146.99552064722243,144.77075704845709,145.39768981933594,18200000
2021-12-29,145.35560679623677,146.12132376201117,144.3673755989165,145.3660125732422,17788000
2021-12-30,145.40464374216947,146.00532013112664,144.71129848162374,144.9154815673828,15688000
2021-12-31,144.7663412906992,145.40914004664086,143.57887268066406,143.57887268066406,18136000
2022-01-03,143.78008160886833,144.56909064299023,142.44988137611608,143.71714782714844,28646000
2022-01-04,144.11807263912576,145.19750561007717,142.45334497286012,143.13034057617188,28400000
2022-01-05,143.15067212571708,143.22947169597063,136.47784586832228,136.56407165527344,54618000
2022-01-06,135.79439434447366,138.71003866950787,135.3582591822802,136.53680419921875,37348000
2022-01-07,136.93128920152486,137.23163499485634,134.57320114440378,135.81271362304688,29760000
2022-01-10,133.89077354018556,137.59938954533916,131.9940937569273,137.45069885253906,44408000
2022-01-11,136.79400536234317,138.98358922014876,135.49106011440765,138.50779724121094,28730000
2022-01-12,139.9093868006954,141.35457977142337,139.45790011942026,140.1874237060547,26108000
2022-01-13,140.2959756507741,141.59447455601426,137.1924977773982,137.3689422607422,31436000
2022-01-14,135.87416542111617,139.50497974939202,135.79438276109653,138.2545623779297,29662000
2022-01-18,134.97813484766374,135.92622520287958,134.24811208025204,134.8026885986328,34872000
2022-01-19,135.32354033179294,136.74692336638395,133.82879908705206,133.9289093017578,28648000
2022-01-20,135.05246087078947,136.41637384209355,131.79583090485298,132.1358184814453,29908000
2022-01-21,131.42810942176132,133.6801282847316,128.943140301046,129.205810546875,55652000
2022-01-24,124.87072578658847,130.0498072200361,123.4057196661227,129.65431213378906,76622000
2022-01-25,127.6084637559973,128.26166818247938,125.38864558275658,125.81932067871094,46960000
2022-01-26,129.96654697196033,131.8310108586025,126.0244974232128,128.0971221923828,49130000
2022-01-27,130.1499289030449,131.48657203766555,127.79926707176217,127.87113952636719,31950000
2022-01-28,128.51938847818633,132.18439982716436,127.3557110756648,132.17893981933594,34362000
2022-01-31,132.9828112703711,134.28229308420728,131.04747300112987,134.11427307128906,39986000
2022-02-01,136.38515490873857,136.58191182952572,133.18751085954932,136.43421936035156,68644000
2022-02-02,149.92062310914736,150.21451067811546,144.24347030048295,146.69918823242188,123200000
2022-02-03,144.42487252128518,148.35948154682154,141.41158317819725,141.8323516845703,71518000
2022-02-04,142.18372697506842,143.6016501301799,139.27997087416557,142.03355407714844,57998000
2022-02-07,142.98217422912157,142.98217422912157,137.67918979362946,137.97755432128906,54974000
2022-02-08,137.80455878303823,138.76949792204235,135.80975027534387,138.1737823486328,54284000
2022-02-09,139.72453341095786,141.27181794404441,138.95485380934457,140.34750366210938,40144000
2022-02-10,138.4756300439531,140.24096723376755,136.74447462445005,137.40164184570312,39330000
2022-02-11,137.38182183921865,137.93341878729322,132.22751362039665,133.10226440429688,39958000
2022-02-14,132.08525517352243,135.10200740871497,132.08525517352243,134.33480834960938,34302000
2022-02-15,136.36132612458775,136.89460695737134,134.6277058966936,135.4077911376953,26680000
2022-02-16,135.44546098409901,136.87230757588372,133.73809706927898,136.52737426757812,25022000
2022-02-17,135.04550824241358,135.90835577846806,131.3140998808297,131.3740692138672,38950000
2022-02-18,132.293916239701,132.89162828166567,129.05216896587058,129.25685119628906,45620000
2022-02-22,128.69679096846758,131.01870043792354,127.09647962293029,128.67251586914062,44990000
2022-02-23,130.49141097359714,130.8903696827922,126.40662916955034,126.46659851074219,32786000
2022-02-24,123.85524617381691,131.8310242930199,123.85524617381691,131.5247344970703,54456000
2022-02-25,132.37818496175834,134.0825696110589,130.5935034058996,133.2777099609375,36406000
2022-02-28,131.88058572904305,134.5583337933557,131.427102602085,133.8699493408203,38864000
2022-03-01,133.69299913792386,135.0578951055112,132.04760096390638,132.8831787109375,26496000
2022-03-02,133.44470905944584,134.07362324299785,131.90188646501582,133.38870239257812,23520000
2022-03-03,134.8145494526599,135.2402787650286,131.8562842947509,132.7226104736328,24604000
2022-03-04,131.75916874799498,132.6750434625872,129.19192148220066,130.74713134765625,30430000
2022-03-07,130.3323188037654,130.57714191731998,125.18495329978524,125.2677230834961,45112000
2022-03-08,125.1403534553541,130.09640705754634,124.56991120175218,125.98734283447266,40428000
2022-03-09,130.0964193195806,132.56007791135033,128.75877778532615,132.24734497070312,37026000
2022-03-10,130.11227705245972,132.10064255507427,129.76188368845354,131.2655487060547,27102000
2022-03-11,132.31523116771578,132.61953964393146,128.49213662745805,128.72903442382812,31526000
2022-03-14,129.10518948279775,129.26278859105312,124.17391792288964,124.8439712524414,38812000
2022-03-15,125.85998364963604,128.71319344700177,124.61551767245045,128.0624542236328,30920000
2022-03-16,129.58395977320907,132.16109871004574,127.60302044405091,132.10906982421875,35576000
2022-03-17,131.9787056808196,132.90202164574634,131.02317416057818,132.6626434326172,28264000
2022-03-18,132.2517827162383,135.0465048489617,131.0960307543159,134.92904663085938,44566000
2022-03-21,134.96670973028958,135.84542305630865,132.9139133143383,134.90525817871094,26832000
2022-03-22,134.90526665885673,139.81027445788428,134.90526665885673,138.63865661621094,35496000
2022-03-23,137.48339904374487,138.3616132811459,136.6235310367747,137.06015014648438,25154000
2022-03-24,137.97653660408002,140.37428175630868,136.53978312219112,140.32769775390625,26396000
2022-03-25,140.6686405705943,140.7865978961549,138.50929099112452,140.4277801513672,24126000
2022-03-28,139.66208940065627,140.75440862104264,138.5826564041628,140.21221923828125,35050000
2022-03-29,141.39374081978931,142.52966445696305,140.79008476675781,141.2529754638672,34318000
2022-03-30,141.2078644355121,141.4660728529996,140.35542274045525,140.69094848632812,19884000
2022-03-31,140.80447930729167,140.85900377297975,137.80260875876402,137.84523010253906,37524000
2022-04-01,138.27387545627863,139.23633402944955,137.09185200361182,138.9186553955078,25942000
2022-04-04,139.12486433293225,142.4488900673313,139.07728210128434,141.7148895263672,25942000
2022-04-05,141.61330967162542,141.7337323550577,139.14866782551803,139.35533142089844,21418000
2022-04-06,137.53049665262756,138.13563495181108,134.32591048530927,135.3478546142578,32468000
2022-04-07,134.8145449616096,135.95890797707733,133.04771090037798,134.69412231445312,26234000
2022-04-08,134.39180707525873,134.4775488545769,131.7968213100517,132.11599731445312,25142000
2022-04-11,130.66485501072566,130.9314878851211,127.5375867080851,127.69122314453125,36884000
2022-04-12,130.44334266181815,130.44334266181815,125.67462307577014,126.59198760986328,32710000
2022-04-13,126.87496906105243,129.18845446203287,126.61824282890016,128.7523193359375,27928000
2022-04-14,129.3326910511807,129.3326910511807,125.48827070120589,125.61614227294922,31598000
2022-04-18,125.88376118192888,127.0855981275949,125.07295002814799,126.55431365966797,20808000
2022-04-19,126.56918205499946,129.18745998099084,125.88326290264443,128.86631774902344,26490000
2022-04-20,129.7415575029072,130.24410511069215,126.3793722886123,126.91461944580078,31696000
2022-04-21,128.11398446155997,128.95502227336507,123.43199758034922,123.71746826171875,36446000
2022-04-22,123.9013440203295,124.2998111661898,117.87974172587664,118.58399200439453,56884000
2022-04-25,118.05418408752932,122.19397402288331,117.46937340165847,121.99226379394531,46128000
2022-04-26,121.21962308439458,121.43322887611035,117.46937661496328,117.6071548461914,73054000
2022-04-27,113.46338194294866,116.2115124836764,111.74561980420044,113.28992462158203,91820000
2022-04-28,115.39179161420873,118.59785963790864,113.11200403723606,117.48076629638672,48884000
2022-04-29,115.7084801576087,116.88356150708636,112.8141467885434,113.10655212402344,42676000
2022-05-02,112.40825746611199,115.71939696071765,111.61033248451041,115.5583267211914,35534000
2022-05-03,115.40714926550513,117.40097459460361,115.01463371515267,116.3027114868164,24968000
2022-05-04,116.00287299219873,121.77469077330238,114.10420454212863,121.18640899658203,49916000
2022-05-05,119.14750092797412,119.97516100768799,113.99469020299561,115.48150634765625,45840000
2022-05-06,114.17210723502704,116.53812813658617,113.01338323041298,114.72916412353516,39710000
2022-05-09,112.25461312851758,114.06555854767906,111.0160988528587,111.52210998535156,40802000
2022-05-10,114.4922665247754,115.22824075207245,111.90817806145773,113.38954162597656,39900000
2022-05-11,112.24123109079025,115.34173644656327,112.24123109079025,112.60401153564453,37534000
2022-05-12,110.3985706744424,113.29042361789074,108.85921908657511,111.85218048095703,53836000
2022-05-13,113.52633065893913,116.83895961506994,112.60649331317624,115.0304946899414,35038000
2022-05-16,113.94511327209501,115.1489390261491,112.8884884094621,113.43910217285156,25990000
2022-05-17,115.81355000837539,115.87252867662438,113.8603722292567,115.44927978515625,23054000
2022-05-18,113.98922818748704,114.38571397191099,110.57499924968252,110.91597747802734,35126000
2022-05-19,110.4521046016662,112.01672963021842,109.03318313781098,109.41381072998047,34144000
2022-05-20,110.96702866649967,111.19749090818948,104.86662695851531,107.95077514648438,48962000
2022-05-23,108.62431643799094,111.16181369829215,107.78525231071643,110.50811004638672,37184000
2022-05-24,104.8423469431348,105.5228136697581,100.98901060230938,105.03860473632812,76780000
2022-05-25,104.0627524475445,105.56394457254443,102.94367769195411,104.87505340576172,40258000
2022-05-26,104.74816998923528,107.6945397193801,104.30013932618309,106.84507751464844,37948000
2022-05-27,108.52072351941294,111.33080496604357,108.17924616749293,111.32931518554688,37914000
2022-05-31,111.75552296118306,114.71775829120182,111.093395012744,112.76210021972656,50012000
2022-06-01,113.84551695037166,116.0722700821291,112.25462032822502,112.89097595214844,36606000
2022-06-02,112.99801816382626,116.863242236052,111.95378036843927,116.58867645263672,37992000
2022-06-03,115.04239803816901,115.29912428517936,112.5207591526129,113.53427124023438,26136000
2022-06-06,115.6787463489471,118.29802241385896,115.14300011660191,115.79373168945312,33542000
2022-06-07,114.46551304706918,116.65658702589174,114.0407818998257,116.11984252929688,31590000
2022-06-08,115.73525430628604,117.52836028330441,115.57517473426661,116.16395568847656,26108000
2022-06-09,115.30507039819871,117.25924660830835,113.76720845942926,113.82618713378906,25798000
2022-06-10,111.45669077399432,112.28336016383942,109.39596129686058,110.1844711303711,41452000
2022-06-13,105.84791642014875,107.83529107558937,105.18628753798215,105.45738220214844,47252000
2022-06-14,105.5986399557648,106.97592316690826,104.87009945591228,105.77754974365234,33706000
2022-06-15,107.59097210374202,110.44417420422363,106.72317112084933,108.79975891113281,39698000
2022-06-16,106.27859459413291,107.69354563728278,104.21390269036812,105.10153198242188,51684000
2022-06-17,105.10153777233351,107.74410579485648,104.12271420584322,106.2017822265625,51376000
2022-06-21,107.97208392269314,111.50079919576064,107.64548168742688,110.56360626220703,47416000
2022-06-22,109.58479714760662,112.35026855081978,109.4123229035937,110.50761413574219,30774000
2022-06-23,111.2450568706106,111.75156708607098,109.52927601369151,111.25546264648438,28362000
2022-06-24,112.00185482451673,117.0411696178319,111.95972504269348,116.93807983398438,41164000
2022-06-27,117.233464181198,117.53726596134602,114.16714811318771,114.8154067993164,36420000
2022-06-28,114.78467596630205,116.27843425509606,110.86493491306922,111.02303314208984,35792000
2022-06-29,110.57155017231149,112.16591040015909,109.89801807125794,110.71973419189453,24716000
2022-06-30,109.03315978618677,109.91335523281388,105.81172551977672,108.0052719116211,43170000
2022-07-01,106.98434306481707,108.28976888662308,105.79241280402681,107.78177642822266,35476000
2022-07-05,106.15916719622534,112.38049828174634,104.80219643466671,112.26750183105469,39342000
2022-07-06,112.30616050739741,114.57355354870796,110.49620571439615,113.56499481201172,37432000
2022-07-07,114.06852703009027,118.14190442135235,113.82419547258564,117.73897552490234,40936000
2022-07-08,116.21945418412874,118.63304981056329,115.87401417090683,118.3044662475586,38238000
2022-07-11,116.96087291799587,116.96087291799587,114.31681523707087,114.65977478027344,31196000
2022-07-12,115.19354915850505,115.94588075015933,112.69074816289236,113.01834106445312,29960000
2022-07-13,110.71922817942544,113.19230171782554,110.22412191978457,110.37478637695312,43722000
2022-07-14,109.24183551851672,110.11657870733588,107.4204842436842,109.39745330810547,37004000
2022-07-15,111.01609870201857,112.14607830712104,109.92526931854086,110.79505157470703,46770000
2022-07-18,111.6499722698316,112.68083230186653,107.41750592240679,108.07170104980469,43164600
2022-07-19,109.87571691828899,113.01785337509594,108.5970540642529,112.80970001220703,36530900
2022-07-20,112.17532331814631,114.38572670784276,111.49139301526064,112.89891052246094,35600400
2022-07-21,113.27555175366626,113.54318286379541,110.13341581141034,113.33502197265625,32676200
2022-07-22,110.02438111222146,111.35259974077154,105.56393322929357,106.95162963867188,48901200
2022-07-25,107.45715461067633,108.90432131164432,105.36569944827403,106.5650634765625,34690900
2022-07-26,105.66306147231995,106.25778639316266,103.1552995551691,104.0969467163086,47991000
2022-07-27,108.29968789382276,112.9088193610781,107.06067446511638,112.0662841796875,59858500
2022-07-28,111.38235656496596,113.33503542279847,110.4803511374403,113.21609497070312,32816600
2022-07-29,112.08610228723958,115.68419422976437,112.06627383930068,115.29762268066406,37223400
2022-08-01,114.28659900379381,115.69411641077537,113.33503005804593,113.8504638671875,26034300
2022-08-02,112.99801481996504,115.32735834983899,112.72047704617064,114.11808013916016,20236000
2022-08-03,114.69298797756183,117.57741471400418,114.46501375387983,117.04216003417969,28499000
2022-08-04,116.44744820910513,117.73601771278302,115.86262990419868,117.15120697021484,21602900
2022-08-05,115.20842372972953,117.07189713527843,114.98044193983411,116.4375228881836,19159500
2022-08-08,117.34944383201373,119.0939769251346,115.85271343429999,116.26902770996094,19138300
2022-08-09,116.11042376218631,116.28884199524232,114.69299212244628,115.60490417480469,19086500
2022-08-10,117.73599152342602,119.85718156037778,117.36924844859372,118.64790344238281,30930400
2022-08-11,120.21403540752571,120.42218875210386,117.51794102802992,117.79547882080078,24293700
2022-08-12,119.20299447658569,120.61051177978516,118.4100229343774,120.61051177978516,19096300
2022-08-15,120.06535665403284,121.2250789907804,119.54993038618566,121.00701141357422,19494800
2022-08-16,120.45192234559127,121.35392772306473,119.57965964182924,120.63034057617188,19041200
2022-08-17,119.06424216404282,120.22395696701935,118.3307407385834,118.49925231933594,22847000
2022-08-18,118.38028342687184,119.75806556945993,117.67652480141825,119.11377716064453,17987700
2022-08-19,118.0135479212006,118.10276081994165,115.73376776362055,116.1798095703125,21809500
2022-08-22,114.18746987498629,114.61369077944998,112.84933693940785,113.23590850830078,21456600
2022-08-23,112.48259557937843,113.99914676758455,112.43303201855512,112.8592529296875,15870400
2022-08-24,112.5024176637424,113.77116618601146,111.8779576273456,112.69075012207031,17734600
2022-08-25,113.23591148601406,115.69411741968042,113.10705681377382,115.6247329711914,16956800
2022-08-26,113.71170945594355,114.10819530678634,109.22152553382008,109.37020111083984,37245700
2022-08-29,109.02325697837799,109.97481829229946,107.84372145048772,108.45826721191406,21191200
2022-08-30,109.2016831186449,109.52878447093995,106.85251855405113,107.98249816894531,27513300
2022-08-31,109.67747958870974,109.87571872929853,107.17962406819578,107.26883697509766,28627000
2022-09-01,107.32829258582089,109.47921797382328,106.4163805635808,108.77545928955078,28360900
2022-09-02,109.61798420619859,109.76666731895013,106.31725842726799,106.90206909179688,24160700
2022-09-06,106.35690685927537,107.08048640627771,104.85026242093507,105.87120819091797,25068300
2022-09-07,106.11902111929638,109.01336227424459,105.96043133074927,108.4880142211914,23167000
2022-09-08,107.09041353468496,108.63669993090151,106.21815077108502,107.42742156982422,24238300
2022-09-09,108.11134507795128,110.01446770720469,108.06178152061504,109.67745971679688,23197700
2022-09-12,110.01447478728238,110.6389423756241,108.96379385270278,109.8856201171875,22966800
2022-09-13,106.85253136255602,107.34813678156168,103.17513249867609,103.40311431884766,38172900
2022-09-14,103.65090463743046,104.35466334080722,102.74890681508529,104.0771255493164,26395100
2022-09-15,103.11565198138281,104.34475118044541,101.45041763715635,102.00550079345703,34188300
2022-09-16,101.17286678380967,102.2235476117455,100.05280151558253,101.89645385742188,42797200
2022-09-19,100.85569511319773,102.4218099333564,100.65745598557626,102.16409301757812,23036800
2022-09-20,101.18278566442122,101.4702376623831,99.63649189737326,100.25104522705078,26517100
2022-09-21,100.7763951258115,101.97575922569139,98.39748781362077,98.40740203857422,31487300
2022-09-22,97.95142899989769,100.35015678331564,97.92169389253625,99.25982666015625,34298600
2022-09-23,98.75432356236846,98.7840662370101,96.6133122907774,97.87214660644531,31625400
2022-09-26,97.23777497245881,99.00212893213987,96.94041627902087,97.30715942382812,27072700
2022-09-27,98.55608825728369,99.12107809995993,96.01859107787291,96.64305114746094,30072800
2022-09-28,96.79173171420844,99.81491997880579,96.25647699916067,99.17063903808594,32466300
2022-09-29,97.77302956785141,97.77302956785141,95.11658440664736,96.56375122070312,31047200
2022-09-30,96.19700749257774,98.03074589010642,94.72009801207578,94.80931091308594,32941500
2022-10-03,95.90954458427032,98.4173063180856,95.67164858345502,97.77301788330078,27982000
2022-10-04,99.55720093087983,100.94488980250854,99.49772314899776,100.74665069580078,28850800
2022-10-05,98.95257739339199,101.03411859067795,97.93163146477268,100.53851318359375,22176900
2022-10-06,99.79509354103838,102.02531761520133,99.70588064565636,100.5285873413086,22324000
2022-10-07,98.97238249935859,99.64640604800172,97.43601051980215,97.81266784667969,27502800
2022-10-10,98.12984978372467,98.22896933164492,96.15734279946571,96.99987030029297,18225100
2022-10-11,96.57365410336944,98.37765718707726,95.46349545095802,96.32585144042969,26507100
2022-10-12,96.44480530818547,97.88205781573463,95.88972216704339,96.7025146484375,21876400
2022-10-13,94.31370108960836,98.90300397980121,93.55046460378601,98.1893310546875,34574500
2022-10-14,99.11114884737647,99.80500082627663,95.52297120409693,95.71129608154297,25410700
2022-10-17,97.99110967182449,100.0429159217116,97.96137455495263,99.09135437011719,28419200
2022-10-18,102.22355811984305,102.56057369471353,99.09133619885397,99.8843002319336,24060700
2022-10-19,99.13099079757089,100.13210822606936,98.05056713051532,98.75432586669922,23811100
2022-10-20,99.12108948698905,101.42069846059363,98.51645023613129,99.09135437011719,25323200
2022-10-21,96.98995739909645,100.41954522778374,96.86110274127708,100.24112701416016,32458700
2022-10-24,100.90524643291671,101.8468935183707,99.1012433660337,101.61891174316406,27176400
2022-10-25,101.99557665364006,103.89869927280016,101.81715843544772,103.56169128417969,40611400
2022-10-26,95.58245054848182,97.44592398970775,93.85774600381856,94.09563446044922,88114100
2022-10-27,93.68922665802769,94.59123197316706,90.99314006116907,91.4094467163086,60710900
2022-10-28,91.45900853564996,95.70139671064247,91.32023964176592,95.44367980957031,43697300
2022-10-31,94.58132675716521,95.18596591202643,93.15398843755676,93.67932891845703,31675000
2022-11-01,94.61106036439496,95.18596439796062,89.57571564537245,89.67483520507812,47161400
2022-11-02,90.14069668694522,90.37858511956873,86.1163764057392,86.2055892944336,57038300
2022-11-03,85.56131487965403,85.75955401223071,82.60750340529754,82.69671630859375,61288000
2022-11-04,84.64940174408115,85.87850098830332,82.97425311346052,85.81903076171875,51124900
2022-11-07,86.51287043332725,88.11863452220038,86.08664952122535,87.71223449707031,34078900
2022-11-08,88.11863708496094,89.52615453336252,86.8201458615817,88.11863708496094,30429000
2022-11-09,87.67258615584599,88.6538902246859,86.51287141522182,86.55252075195312,31769100
2022-11-10,91.43919312210994,93.56038355540274,90.80481883714413,93.11434173583984,51620100
2022-11-11,93.85774604143894,96.07805594966968,93.09450954770053,95.56262969970703,33090500
2022-11-14,94.25422468031444,95.93928745861939,93.67932820432442,94.8588638305664,30179500
2022-11-15,97.39636509743826,99.25983848330503,95.85998549384487,97.57478332519531,41640800
2022-11-16,97.03953112343324,98.76423566096419,96.78181421845211,97.9811782836914,29105200
2022-11-17,96.11769363228491,98.40738771120833,95.93927542078849,97.49547576904297,26052600
2022-11-18,97.9018805535472,98.03074278844717,95.5229808495008,96.57366180419922,28342300
2022-11-21,96.43489902752911,97.53514361353429,94.52186189317523,94.75975036621094,21647400
2022-11-22,95.10666080878029,96.36550259521411,93.22336658471515,96.1969985961914,23438500
2022-11-23,96.23664311244816,97.89197072674976,96.23664311244816,97.5946044921875,18868100
2022-11-25,97.37653668783366,97.77302247882432,96.543923332857,96.6033935546875,9701400
2022-11-28,96.18708410227205,96.72233877031711,94.76965254495012,95.2057876586914,26237500
2022-11-29,94.8886024571373,95.27517402033777,93.28283842068635,94.35334777832031,20061700
2022-11-30,93.98660272217356,100.15193477810236,93.59011691093076,100.10237121582031,43647500
2022-12-01,100.1321063282544,101.35129887441687,99.36887738054075,100.10237121582031,28687100
2022-12-02,98.17943045499304,99.88430663851699,98.03074732602357,99.55721282958984,21480700
2022-12-05,98.52634555474117,100.48893851504042,98.1298597604134,98.60564422607422,24405100
2022-12-06,98.42723321260276,98.90301015080603,95.57254133403083,96.12762451171875,24910700
2022-12-07,95.56263371133674,96.02849641963317,93.88748509454602,94.10555267333984,31045400
2022-12-08,94.54166480545987,94.73991146391016,92.62862803485098,92.88634490966797,32213300
2022-12-09,92.94582441131696,93.43152310128887,91.93479282039716,92.01409149169922,28225400
2022-12-12,91.89513567511982,92.73766318967445,90.80480550555872,92.48986053466797,29420000
2022-12-13,96.90076587228482,98.6552055874712,94.19475717404306,94.78948211669922,40593700
2022-12-14,94.36324491273335,96.01857234136871,92.7773094850718,94.23439025878906,28733600
2022-12-15,92.31144624282094,92.81696579796765,89.21887381683445,90.0614013671875,40107000
2022-12-16,89.9622954697807,90.52728533047387,88.73318861726283,89.46669006347656,58011800
2022-12-19,89.4666848509379,89.76404353999254,87.43469977854382,87.66268157958984,29493000
2022-12-20,87.33557392675367,88.39616905558795,86.67146458378042,88.2375717163086,23453800
2022-12-21,88.29705818373395,89.42703786905226,87.54373587274237,88.79266357421875,24745600
2022-12-22,87.38514855581442,87.76180594081181,85.56131673474557,86.98866271972656,27658300
2022-12-23,86.34436275710375,88.76291923113465,86.30471342250716,88.44573211669922,23003000
2022-12-27,88.01950543021509,88.15827431100223,86.24523752605165,86.62189483642578,20097300
2022-12-28,86.21550780630535,87.26618870145985,85.18464779721495,85.2639389038086,19523200
2022-12-29,85.85867467640674,88.06907033133078,85.84876045182291,87.6725845336914,23333500
2022-12-30,86.21551535680346,87.52391325940049,85.80911531469404,87.45452880859375,23986300
2023-01-03,88.80257078642089,90.24974519044535,87.74197554671677,88.33670806884766,28131200
2023-01-04,89.55589230728985,89.85325856571626,86.50296129515269,87.30584716796875,34854800
2023-01-05,86.7011940154015,86.8003135647901,85.14499364675605,85.44235229492188,27194400
2023-01-06,86.02718813373873,86.9192793858496,84.11415094512147,86.57234954833984,41381500
2023-01-09,87.58336868376195,89.25851700743456,87.08776338680192,87.24635314941406,29003900
2023-01-10,85.2242962744404,87.89064781997227,85.07561316227476,87.6428451538086,30467800
2023-01-11,88.3961696743914,90.7948977302534,88.22766567198052,90.7155990600586,26862000
2023-01-12,90.67594739282139,91.06251891491691,88.96114975807878,90.32901763916016,30258100
2023-01-13,90.05149141638756,91.37971769910212,89.33781849580512,91.31033325195312,26329200
2023-01-17,91.25086172242439,91.43919419002684,89.2585335052812,90.48763275146484,32602400
2023-01-18,91.33016162262862,91.9843643742161,89.84334543702602,90.31912994384766,29116700
2023-01-19,89.92263963407981,92.78723807060146,89.83342673497357,92.23216247558594,37000400
2023-01-20,94.2641293027765,97.43600785288929,94.18483063749785,97.15846252441406,63191100
2023-01-23,97.08909393274908,99.16072841791184,96.64305210182975,98.91292572021484,40005100
2023-01-24,97.23776385107986,98.73449405924738,96.34567274812117,96.84127807617188,33078500
2023-01-25,94.73000940210903,95.31482766669704,92.9359203962401,94.38308715820312,42330000
2023-01-26,95.65182554315432,96.71242061196835,94.54166691803599,96.66285705566406,30114000
2023-01-27,96.45471331121503,99.43825971343786,96.45471331121503,98.49661254882812,33879800
2023-01-30,96.62322160019781,97.42609984090785,95.5527122376928,96.08796691894531,27226200
2023-01-31,96.01858885911187,98.01091703799966,95.96902529627194,97.97126770019531,29870700
2023-02-01,97.84241093913148,100.30061689425332,96.72234552879351,99.54729461669922,35531100
2023-02-02,104.8700863300786,106.90206355804081,104.68175389285314,106.79302978515625,69883800
2023-02-03,102.02531630709647,106.86242173682118,101.67839407914221,103.85905456542969,65309300
2023-02-06,101.49997723038128,103.44274929562647,100.98454343127975,101.9955825805664,31999600
2023-02-07,102.31276695764967,107.229170992123,102.21364740273903,106.69391632080078,49010200
2023-02-08,101.15305759656383,102.23347365780366,97.17830046850436,98.49661254882812,94743500
2023-02-09,99.12107385512309,99.15080896730558,92.80705872811015,94.17493438720703,119455000
2023-02-10,94.61106278381658,95.89963977995525,93.42161291225615,93.73880004882812,54980700
2023-02-13,93.90729704786835,94.36325304999363,93.01520592965052,93.7784423828125,50076100
2023-02-14,93.60003665412482,94.01634337742144,91.44911102142065,93.84783935546875,54726100
2023-02-15,93.6594961857254,96.26638514602948,93.32248818030943,96.08796691894531,50169000
2023-02-16,94.53177095740106,96.8214653459122,93.90730335156145,94.67053985595703,42462600
2023-02-17,94.01633442041258,94.72009311770113,92.39074945945416,93.5207290649414,34284100
2023-02-21,92.18261008408292,92.2817296577271,90.91386139182458,90.98324584960938,33629300
2023-02-22,90.89403079696496,91.30043087036597,89.81361461373729,90.84447479248047,30884000
2023-02-23,91.11208656749149,91.13191501658295,88.97107536820448,90.09114074707031,41206400
2023-02-24,88.65388384050988,89.09992561252551,87.8014420680175,88.34660339355469,36585100
2023-02-27,89.08010864257812,89.36756065406263,88.55476061737971,89.08010864257812,27502300
2023-02-28,88.54485304599933,90.42815487570596,88.534938821612,89.2684326171875,30142000
2023-03-01,89.18913856984402,90.2299052260907,88.88185812266312,89.5657958984375,31111200
2023-03-02,88.8719465448015,91.46891349206841,88.80255454255308,91.19137573242188,32204400
2023-03-03,91.66717426570082,92.90618771372029,91.63743159058448,92.82688903808594,35160100
2023-03-06,93.19363210202732,95.12649761674808,93.17381121430402,94.29387664794922,32639300
2023-03-07,94.14520057401873,94.8291308506661,92.70794044588578,93.03504180908203,27835500
2023-03-08,93.2927533033278,95.11657735157019,93.17380529752776,93.4216079711914,34103300
2023-03-09,93.22337335130082,94.69036101520102,91.09226874258992,91.50857543945312,28813500
2023-03-10,91.35988513059155,91.97443846501345,89.60544558188205,89.83341979980469,35941000
2023-03-13,89.29816499049838,91.75637076191212,88.6340556613181,90.3092041015625,37335600
2023-03-14,91.74645521251553,93.5306374048924,91.62751477458181,93.1440658569336,36050200
2023-03-15,92.40066793697098,96.07805893634688,91.82576388320213,95.26526641845703,50622100
2023-03-16,95.35446457801073,100.30061132579071,94.66062012558537,99.4382553100586,65492000
2023-03-17,99.3787824324158,101.93610017608884,99.2201850976227,100.7268295288086,61028500
2023-03-20,99.2400149300755,100.85568559854943,98.9922122627572,100.3303451538086,32960400
2023-03-21,100.36007677823723,104.17623620992997,100.33034166916575,103.99781799316406,42110300
2023-03-22,103.3535553012225,105.65316424413483,102.4218222148709,102.46147155761719,43427400
2023-03-23,104.136589817013,105.36569648380548,103.54186493178221,104.67184448242188,40797800
2023-03-24,104.06721052991638,104.56281588589015,102.9273166987092,104.51325988769531,30393300
2023-03-27,103.70047479179102,103.8392436963596,101.03411536680986,101.55945587158203,31120900
2023-03-28,101.53962423516843,101.54953089706174,98.86335086819658,100.14201354980469,32057900
2023-03-29,101.38103253800085,101.58918588440255,99.7653617660232,100.49885559082031,28779600
2023-03-30,100.02307094070733,100.27087360474158,98.90299805937673,100.00324249267578,33086200
2023-03-31,100.40964837247186,102.9768804923042,100.1519314693277,102.81829071044922,36863400
2023-04-03,101.49006273887221,103.61125302709605,101.03410672538214,103.4427490234375,25035400
2023-04-04,103.41301187553275,104.65202522333027,103.12555987136325,103.7995834350586,24420100
2023-04-05,104.85027199347772,105.16745913119128,102.74891004200208,103.55178833007812,28290500
2023-04-06,104.33484197686876,108.21047194004801,103.41301570943838,107.4670639038086,48711500
2023-04-10,106.03973318637243,106.64436480832546,104.19608051990066,105.50447845458984,27067400
2023-04-11,105.61350679636178,105.79192503108294,103.75994000022175,104.4240493774414,26311800
2023-04-12,105.64324239155782,105.81174640224904,103.42292489102086,103.72029113769531,24370300
2023-04-13,104.90973463774462,106.54523377059805,104.90973463774462,106.48576354980469,24843600
2023-04-14,105.95050087264322,107.98248563608612,105.90093731750099,107.91310119628906,26578000
2023-04-17,103.74012106946371,105.22693719940173,103.60134460665196,105.03860473632812,37571200
2023-04-18,105.55402729287576,105.60359085373453,103.15529916912894,103.5815200805664,26596400
2023-04-19,102.66961069827711,104.05730725261225,102.16409110128505,103.26433563232422,20905700
2023-04-20,102.99671016764434,105.31613963654112,102.95706083112417,104.36457824707031,27820800
2023-04-21,104.54300599562588,105.06834651824295,103.85906811249279,104.48353576660156,25800100
2023-04-24,104.56282024731928,105.69279990108514,103.77976284473804,105.03860473632812,23542800
2023-04-25,104.89982577246494,105.75226754350551,102.92731111776044,102.93722534179688,46664100
2023-04-26,103.99782596670221,105.41525758570141,101.72795253139088,102.7984619140625,53347600
2023-04-27,103.53194736861123,107.41749878896674,102.62994962694194,106.64434814453125,50089200
2023-04-28,106.09919436658583,106.40646726401752,104.16632896179492,106.39655303955078,36139800
2023-05-01,105.90094553226093,107.040839327923,105.88112464606859,106.25778198242188,26681700
2023-05-02,106.19831315828286,106.25778337997941,102.79846017510972,104.3943099975586,30997200
2023-05-03,104.60247622465018,106.54524851694086,104.0374863619041,104.48353576660156,21795400
2023-05-04,104.5628157154331,104.67184949855658,103.05617876315749,103.76985168457031,23419500
2023-05-05,103.89870471094449,104.94938562732777,103.19494602522195,104.6421127319336,26639300
2023-05-08,104.25553719362945,107.01110160979505,104.2357163079201,106.82276916503906,26511400
2023-05-09,107.43733132783537,109.18186434483572,106.24788146671654,106.4064712524414,36360100
2023-05-10,107.02101664654327,111.94733485864512,106.98136731248631,110.76779174804688,63153400
2023-05-11,114.38571831983981,116.88356600068316,113.40442182690181,115.5454330444336,78900000
2023-05-12,115.65446614587465,116.99259909422787,115.08947634268829,116.4771728515625,41102300
2023-05-15,115.08947611768251,117.43864822230549,114.9903565591719,115.4859619140625,36266800
2023-05-16,115.46613413085095,119.68869389632489,115.40666390786913,118.4595947265625,45035600
2023-05-17,118.55870818399895,120.60059973288946,117.84503529559602,119.77789306640625,33323600
2023-05-18,119.88694605831367,122.22620420638853,119.7680055994092,121.75042724609375,35234200
2023-05-19,122.46408765080419,124.8628157815704,121.07639112841179,121.6810302734375,41353400
2023-05-22,121.85944960031794,125.31877293153339,121.66120291685972,123.9509048461914,35253000
2023-05-23,123.06872361968306,123.53458629434267,121.13585822548262,121.48278045654297,34046300
2023-05-24,120.05543938411122,120.83849672292195,118.80651181921867,119.83737182617188,34182600
2023-05-25,123.4255515574692,124.21852313290142,120.88805461582595,122.39469909667969,42317000
2023-05-26,122.08742462698592,124.15905899914881,121.37375168657263,123.5147705078125,35635900
2023-05-30,124.53571707323403,124.5555455229917,120.92771057579567,122.5830307006836,35076700
2023-05-31,121.67112156567815,122.96960524960811,121.42331887409836,121.79006958007812,37325800
2023-06-01,121.74050766273734,123.32644339782199,121.54226853172855,122.63259887695312,30772700
2023-06-02,122.9002256175581,125.04124458668227,122.67225136727477,123.57424926757812,26980100
2023-06-05,122.92003685811163,126.30997552224953,122.75152529744679,124.90245819091797,32305500
2023-06-06,124.90247058230369,127.16242235359813,124.25818207275529,126.1910400390625,26638300
2023-06-07,125.85402231319067,127.90582057329998,121.04665198703012,121.42330932617188,52539000
2023-06-08,121.15569544544086,122.14690621299393,120.17439134067995,121.06648254394531,29389200
2023-06-09,121.17550631108766,122.67223656375475,120.83849830791537,121.15568542480469,23778300
2023-06-12,121.7107637315462,122.95969134096524,120.59069835405128,122.55329132080078,28306400
2023-06-13,123.881524443717,124.05994268348793,122.09734204600761,122.74163055419922,22278300
2023-06-14,122.01804087999511,122.95969562270113,120.38254164252703,122.5830307006836,30592300
2023-06-15,122.05768927234496,124.35729787447553,121.32419544608322,123.99054718017578,35246300
2023-06-16,124.82316689591107,125.00158512889624,122.19645696231628,122.44425964355469,45535600
2023-06-20,121.84953188431368,123.47511683040602,121.06647452234982,122.01803588867188,26097500
2023-06-21,121.3241862052,121.58190309406054,119.0443986639801,119.49044799804688,30306300
2023-06-22,118.94529615772794,122.15681703653188,117.78558133515126,122.06761169433594,26952200
2023-06-23,120.31315570854476,121.71076646804086,119.99596857737609,121.26471710205078,34913600
2023-06-26,119.69860126412782,120.92770036348257,117.23048127903954,117.29986572265625,33969900
2023-06-27,116.05094940599243,118.03337078609204,115.07955960231514,117.28996276855469,39535900
2023-06-28,116.0608579876023,119.33185634380241,115.82296953551025,119.12370300292969,27091400
2023-06-29,118.19196866920258,119.00476118828789,117.26023569905081,118.0531997680664,24090900
2023-06-30,119.1137736251189,120.01577888315457,118.6379967814617,118.64790344238281,29532200
2023-07-03,118.19196580370979,119.13362053840451,117.77565911039436,118.8461685180664,14467900
2023-07-05,118.1919601816183,121.53234291871821,118.18205351963279,120.67990112304688,27584800
2023-07-06,118.74704077325545,119.24264610609485,117.35934432883768,119.05431365966797,24745200
2023-07-07,119.04440112824291,119.98605581142945,118.35055667733691,118.42985534667969,21709500
2023-07-10,117.26022900177597,117.27013566390707,115.11921025680768,115.42648315429688,35315200
2023-07-11,115.26789264862505,116.67541002080333,114.33615217521867,116.11042022705078,23078800
2023-07-12,117.75584228302935,119.27239354834892,117.36927068843174,117.88469696044922,30404400
2023-07-13,119.86711735011022,123.73284082144414,119.39133285851337,123.44538879394531,44297900
2023-07-14,123.703104019214,125.6656970596948,122.4046128006824,124.3176498413086,33283100
2023-07-17,124.83308323552517,125.98288376353565,123.10837110000271,123.5544204711914,25716200
2023-07-18,123.50485458843724,123.58415326124799,121.87926960750545,122.6722412109375,26193600
2023-07-19,123.50484670115512,124.07975069881186,120.72946139106028,120.95743560791016,37224000
2023-07-20,120.35279444013278,122.99932504158681,117.18092340794111,118.15230560302734,37906800
2023-07-21,119.55984327813516,119.92658641540363,117.68645556733492,118.9651107788086,72937900
2023-07-24,120.59070000224004,121.9189187390688,119.91667640915657,120.46183776855469,29686100
2023-07-25,120.29333663689901,122.06760477820553,119.95632105113091,121.1358642578125,52509600
2023-07-26,128.92679121548855,129.82878151515044,127.19217238007396,128.13381958007812,61682100
2023-07-27,130.51270190226427,132.0689098519843,127.65801044654415,128.2626495361328,44952100
2023-07-28,129.63053631303129,132.56452668916148,129.4223905323537,131.4147186279297,36591200
2023-07-31,131.5633887175357,132.35636028283042,130.62174160079337,131.55348205566406,28055500
2023-08-01,129.6305621890459,131.46430843075225,129.53143504772405,130.393798828125,23166800
2023-08-02,128.3122125664853,128.94658676241383,126.43882508751874,127.25162506103516,26273300
2023-08-03,126.84522229017263,128.25273953384962,126.30005343266693,127.32099914550781,20089500
2023-08-04,128.14371584341106,130.35411143081842,126.78576204807231,126.98400115966797,26147200
2023-08-07,128.02478253467217,130.45324581754625,127.8860136363558,130.3739471435547,22746300
2023-08-08,129.47197383031187,130.35415100067675,128.40146415312537,130.2451171875,23535200
2023-08-09,130.50280718461022,130.87945697389134,127.86618303626592,128.5203857421875,24912900
2023-08-10,130.16578804061726,130.88936757032903,128.31221386564667,128.55010986328125,20857800
2023-08-11,127.52916585454872,128.78799249024013,127.04346719118266,128.42124938964844,19591100
2023-08-14,128.2527687832776,130.2153619932151,127.82655538590826,130.17572021484375,24695600
2023-08-15,129.9477334332242,130.26491300365356,128.14372263533488,128.6393280029297,19770700
2023-08-16,127.56880950927734,129.13492417430865,126.7461104050344,127.56880950927734,25216100
2023-08-17,128.6591509873898,130.82990482519432,128.15362385412445,128.77809143066406,33446300
2023-08-18,127.38048074077112,128.1139820986366,125.26920468665479,126.33971405029297,30504800
2023-08-21,126.0621788706278,127.59855093945741,125.4476255056934,127.24171447753906,25248700
2023-08-22,127.38048298176062,129.1349301745341,127.19216565146276,127.94548034667969,22054900
2023-08-23,129.035789323442,132.23741046796198,128.7285164557817,131.20654296875,27819700
2023-08-24,132.77267495370916,133.07004119920114,128.43118221835817,128.6393280029297,28500700
2023-08-25,128.40141074890354,129.61068885584038,126.13154519552585,128.73843383789062,26762900
2023-08-28,130.1558408893686,131.3750254997159,128.99612648567177,129.8584747314453,20543300
2023-08-29,131.07768470304433,135.369628072662,131.07768470304433,133.38720703125,43075600
2023-08-30,133.5953920373494,135.08220825541576,132.89164083061692,134.68572998046875,28315800
2023-08-31,134.81454720656896,136.78706173002197,134.59647966630084,134.97314453125,30053800
2023-09-01,136.25183370752197,136.25183370752197,133.66477309520587,134.4676513671875,21543700
2023-09-05,134.24958930429057,135.22097162539615,133.39714743586188,134.57669067382812,19403100
2023-09-06,134.8244999600997,135.33001203337403,132.49514848342264,133.27821350097656,18684500
2023-09-07,132.41581663493795,134.38833111737597,131.7814424740778,134.07113647460938,18844300
2023-09-08,133.72425434486345,135.4588732667458,133.66478411606147,135.18133544921875,23558300
2023-09-11,135.33990308514734,136.27164356834132,134.59649505596173,135.71656799316406,20763400
2023-09-12,135.0623483209179,135.6669873803092,134.00176086408786,134.1504364013672,18405500
2023-09-13,133.9026662941698,135.69675546177504,132.9709257016799,135.50843811035156,20749500
2023-09-14,136.39060981836033,137.48093260507594,135.0425625482196,136.88621520996094,24751000
2023-09-15,136.76725635034862,137.30251863025583,135.28044021121335,136.19235229492188,38919600
2023-09-18,135.40931114975817,137.9369017736187,135.40931114975817,136.99525451660156,21861300
2023-09-19,136.21216019438876,137.19346414304988,135.41918868155213,136.8267059326172,20353700
2023-09-20,136.86639614180442,136.86639614180442,132.44558909081576,132.56454467773438,29927500
2023-09-21,130.284744080372,131.06779392210422,128.9267901856762,129.2935333251953,31503900
2023-09-22,129.61072142408077,130.86956340083478,128.46092836722917,129.10520935058594,26397300
2023-09-25,128.6888779459716,130.0170965606432,127.82652953751189,129.95762634277344,20094600
2023-09-26,128.62941408463055,129.2142247554818,126.10182382754034,127.4399642944336,25718700
2023-09-27,127.43995295168975,129.74946031913365,127.43995295168975,129.3926239013672,22746500
2023-09-28,128.6987879376221,132.12838346203904,128.64922437989011,131.14707946777344,22513100
2023-09-29,132.10855151732764,132.87178793711044,129.21421829354512,129.70982360839844,30859800
2023-10-02,130.0567776325655,133.23855587746678,130.01712073016435,132.99075317382812,22288000
2023-10-03,132.76277495232893,133.0799545386721,130.68122625412332,131.2660369873047,22989400
2023-10-04,131.6228674142173,134.37844718411898,131.36515806688755,134.0513458251953,26752300
2023-10-05,133.88284301757812,134.29914971685594,132.2770713207343,133.88284301757812,19832600
2023-10-06,132.832143768504,136.9456773507009,132.832143768504,136.3707733154297,27597600
2023-10-09,135.73638169070284,137.71880288642004,134.41806978059012,137.203369140625,19278100
2023-10-10,137.2826621647012,138.49194025439297,136.1229476278013,136.84652709960938,27786600
2023-10-11,137.36196541642576,139.86972699986873,137.36196541642576,139.3146514892578,25884300
2023-10-12,139.8102704594491,139.9787744613181,137.04478417224522,137.74855041503906,24765500
2023-10-13,138.15494443848604,138.76949019803877,135.41919338050468,136.15269470214844,23420500
2023-10-16,136.9555770964501,138.4027513362433,136.7771664348634,137.87741088867188,28501900
2023-10-17,137.41154259753543,138.6703692822643,135.97427499935674,138.49195861816406,23515800
2023-10-18,138.22433080496884,139.48317264449588,136.17253249534386,136.7474365234375,23375000
2023-10-19,137.28271484375,138.43252316117287,136.17256343364716,136.539306640625,26066000
2023-10-20,136.1229628278564,136.65820993362706,133.89273882524216,134.40817260742188,26335700
2023-10-23,133.85310324956066,136.45008589771163,132.77268707945487,135.30027770996094,26317900
2023-10-24,136.6185834917505,138.13513477372655,136.21218344241674,137.5899658203125,44814300
2023-10-25,127.03357963724113,127.18225520722929,123.97073433573493,124.50598907470703,84366200
2023-10-26,122.18655016094156,123.23723873561569,120.20412859059402,121.20525360107422,57061100
2023-10-27,121.79997301237394,122.22619393308011,119.15344215145646,121.0962142944336,44566500
2023-10-30,122.12706787862865,124.29782170383251,121.67111186993667,123.36608123779297,28940100
2023-10-31,123.96080791175726,124.268088371617,121.61164338905817,122.98942565917969,26292300
2023-11-01,122.97952122374261,125.37824949738864,122.63259896306457,125.3386001586914,30082400
2023-11-02,127.29127202345639,127.84634757695119,125.81437024728645,126.36944580078125,27124600
2023-11-03,126.89478462654999,128.39150718035043,126.7361873014037,127.96529388427734,26393100
2023-11-06,127.91575939110132,129.19441469449498,127.53909443947174,129.10520935058594,19052700
2023-11-07,129.56115358521535,130.75060336661838,128.73844691253734,129.81886291503906,29757300
2023-11-08,129.81888007898115,131.04798691958564,129.63054760646278,130.6812286376953,26425800
2023-11-09,130.80015934584054,131.38496997848083,128.92677188940007,129.09527587890625,23747800
2023-11-10,128.95651664701234,131.63278248151076,128.27257885187583,131.42462158203125,26913300
2023-11-13,130.62172799705198,131.42460614060172,130.09638760374972,130.9290008544922,18324800
2023-11-14,133.01056927107837,134.50729201715737,132.1482207824069,132.44557189941406,32395200
2023-11-15,133.68457023081038,133.8431675584507,132.39600853658533,133.436767578125,23861500
2023-11-16,134.00177404646607,136.01393051384863,133.1394255960663,135.72647094726562,28013200
2023-11-17,134.80466539372887,134.86413562027792,132.4753140227168,134.1207275390625,37240600
2023-11-20,132.5149627101394,135.45885973926121,132.44557070034907,135.05245971679688,27815500
2023-11-21,135.09211259340776,135.9742895959558,134.76502634077858,135.76614379882812,22635300
2023-11-22,136.26174217835015,138.19460010408307,136.26174217835015,137.2727813720703,17813900
2023-11-24,136.81680506938213,136.9159321844401,134.7947419943983,135.48858642578125,12514300
2023-11-27,134.83439465228903,137.2033876965765,134.80465954030564,135.2110595703125,23436500
2023-11-28,134.88394378751974,136.0436584048626,134.22974114450358,135.9940948486328,18730000
2023-11-29,136.36088416260156,137.0745420613024,133.6548676470105,133.80355834960938,23967200
2023-11-30,133.86302892814916,134.35863435541023,130.12615977169108,131.36517333984375,38988300
2023-12-01,130.70101928710938,130.9488219161897,129.5214763527395,130.70101928710938,31442300
2023-12-04,128.73845875055255,128.88713431514626,126.7758581121976,128.13381958007812,36669900
2023-12-05,127.8166059548372,130.9785702409771,127.12276154831913,129.83868408203125,27384800
2023-12-06,130.28474525326413,130.68122350903377,128.73845888121613,128.87722778320312,23576200
2023-12-07,133.85308336988615,137.34214919311776,133.51607536911783,135.72647094726562,56767100
2023-12-08,133.02049330674961,135.20115415610408,132.85198927687938,133.80355834960938,32260100
2023-12-11,131.21647898449544,132.16803279885028,130.20543982265264,132.11846923828125,31138000
2023-12-12,130.65148882726206,131.83103206038206,130.10631988027265,131.35525512695312,29032800
2023-12-13,132.20769395702044,132.32663440647838,130.41360492921032,131.40481567382812,30104800
2023-12-14,132.20768021650815,132.5446882047304,128.55011052905618,130.78033447265625,38722400
2023-12-15,130.46314245666346,132.33653000234125,130.0270073455555,131.43453979492188,50847100
2023-12-18,131.46427872099582,135.94454015229283,131.26602448315583,134.60641479492188,32258000
2023-12-19,135.63727655584978,136.26174417356714,134.883961824314,135.44894409179688,25476800
2023-12-20,137.74856738121363,140.45456865574852,136.85648370269604,137.1240997314453,49107200
2023-12-21,138.26400273042307,139.45345268951988,137.95671467148622,139.18582153320312,27488300
2023-12-22,139.53274123600997,140.74201955858857,139.4732710110759,140.2464141845703,26532200
2023-12-26,140.3455151877592,141.42593118854055,139.94903696948103,140.27613830566406,16780300
2023-12-27,140.3455086401583,140.8312072908629,138.66045360407793,139.13623046875,19628600
2023-12-28,139.5426512492503,139.8994877320987,138.5217053642322,138.9974822998047,16045700
2023-12-29,138.40276427098348,139.12634389616656,137.56022906895078,138.4622344970703,18733000
2024-01-02,137.3322465738531,138.2243301608941,135.28043314911363,136.95558166503906,23711200
2024-01-03,136.04368487458785,138.40277146312937,135.87518085036012,137.69900512695312,24212100
2024-01-04,137.20337960162615,137.93688094484938,135.15158137245075,135.19122314453125,27137700
2024-01-05,135.54807229763554,135.9544723417591,133.96212902161366,134.5370330810547,22513900
2024-01-08,135.09212958885487,137.78822450036924,135.06239447123863,137.61972045898438,21404000
2024-01-09,137.28270282254584,140.24642871103555,136.93577297492843,139.71116638183594,24759600
2024-01-10,139.76073128937628,141.74315300979296,139.6715259418801,141.02947998046875,21320200
2024-01-11,142.2288487056122,143.94363922184246,139.4038917651352,140.83123779296875,24008700
2024-01-12,141.41605342795455,141.94139398064064,140.57353326075875,141.39622497558594,18785500
2024-01-16,140.75192640999762,143.08127772087843,140.20675747291105,141.2376251220703,22670500
2024-01-17,140.10765256153263,140.59333617350276,137.6791740029759,140.22659301757812,20968600
2024-01-18,140.80147859071877,142.94249726620274,140.7420083705122,142.21890258789062,25746400
2024-01-19,143.4678295070268,145.16279118468964,143.11099308151773,145.09341430664062,34271900
2024-01-22,145.80709257030463,147.0857476531187,144.55815747232313,144.70684814453125,32200400
2024-01-23,144.6077484744681,145.88640379995493,144.22117685283933,145.7476348876953,21636100
2024-01-24,147.23443853833155,148.5329373289827,146.79831851190932,147.39303588867188,25233500
2024-01-25,148.75101933947735,151.704823433996,148.2256636749095,150.53518676757812,29149100
2024-01-26,149.7719550941985,151.19928591444616,149.68273462913356,150.8523712158203,26115500
2024-01-29,150.7234988316385,152.42838247060587,150.0990312415879,152.16075134277344,27784300
2024-01-30,151.4570029311418,152.26978786685433,149.86115304703833,150.1287841796875,36331800
2024-01-31,142.35765687548871,142.73432173106326,138.6406172470756,138.8686065673828,71910000
2024-02-01,140.8708500003378,141.8025904131777,139.55253804649774,139.91929626464844,40466500
2024-02-02,138.03598318915266,141.36645142167342,135.30024736856095,141.12857055664062,62499600
2024-02-05,141.56473326856243,144.1914358303926,141.5250763668689,142.4171600341797,38505400
2024-02-06,143.3786346695141,144.08240098500607,141.93147538647906,142.83348083496094,29128200
2024-02-07,143.4876448849679,144.3400866289689,142.66493824979582,144.2607879638672,25208900
2024-02-08,144.5482800524002,145.04388547733828,143.82470036690026,144.62757873535156,22563800
2024-02-09,145.39079803145248,148.12654961609974,144.89519261390646,147.69041442871094,26829500
2024-02-12,147.1154837637095,148.0273957523625,146.07470954986746,146.23330688476562,21564100
2024-02-13,143.6462512860247,145.3808699923918,142.42706637302987,143.86431884765625,27837700
2024-02-14,144.79605648646725,145.23219160120888,142.82354180831294,144.65728759765625,22704200
2024-02-15,141.88191038487835,142.25857532101722,139.22547275543386,141.51516723632812,37590700
2024-02-16,141.73323445625792,141.93147358673406,138.9082776917751,139.28494262695312,31468900
2024-02-20,138.43249472896153,140.83122289008293,138.26399071915645,139.87965393066406,25144700
2024-02-21,140.20675080076072,141.43585751636738,139.44351432516038,141.29708862304688,23223300
2024-02-22,143.65616072853092,143.7255527379726,141.5448922041246,142.82354736328125,27191900
2024-02-23,142.40725779738116,143.40837528845117,142.16936175385501,142.69471740722656,19493800
2024-02-26,140.89067986576057,141.18804608290887,136.18242932238044,136.36085510253906,53641800
2024-02-27,136.80692088729302,138.02610595453126,135.88508696473966,137.65936279296875,33099200
2024-02-28,136.6879649944579,136.79699878882042,134.21985975111554,135.18133544921875,37328600
2024-02-29,136.07339035713764,137.63950492469195,135.2011201866837,137.24302673339844,42133000
2024-03-01,137.21328646339086,137.6494215802847,135.71656378920932,135.93463134765625,31151100
2024-03-04,134.4676732565006,134.4676732565006,130.75063241100696,132.177978515625,55999400
2024-03-05,130.72087171210643,132.06891886657937,129.5215001124862,131.50392150878906,40194800
2024-03-06,131.95000128916595,132.40596499645403,129.69996324629554,130.2451171875,35318600
2024-03-07,131.62287689054074,133.75398920823105,130.45325539382577,133.19891357421875,37738200
2024-03-08,133.03039878127268,136.87628613042892,132.82223787303235,134.2198486328125,39370400
2024-03-11,134.93353345070832,137.8774307891928,134.93353345070832,136.45999145507812,32437800
2024-03-12,135.8255882651414,138.1549392414249,135.8255882651414,137.2826690673828,27563400
2024-03-13,137.7782905156126,139.84991729704038,137.7683838532644,138.56134033203125,23347200
2024-03-14,139.94903860620198,142.32793819304158,139.22545904327845,141.84225463867188,42753400
2024-03-15,141.24752279739727,141.9215388042357,138.7992311922684,139.93911743164062,49475400
2024-03-18,147.3038223387608,150.81270155253688,145.87647651462308,146.38198852539062,69273700
2024-03-19,146.85775892016431,147.48221128274685,144.79603915836432,145.73768615722656,24070400
2024-03-20,146.6991920761811,147.55163393242162,145.45027196690233,147.4326934814453,21311500
2024-03-21,148.15627845947205,149.04836212342065,145.60885946127715,146.30271911621094,24755600
2024-03-22,147.80931767778344,150.2477023731003,147.67054880079294,149.44482421875,29211800
2024-03-25,148.62214484045748,149.05827999793414,146.5207828540801,148.75100708007812,19229300
2024-03-26,148.8996613684721,150.92172438957977,148.66176537347607,149.345703125,22149100
2024-03-27,149.85121819279237,150.30718174477965,147.59125913003174,149.5439453125,22879200
2024-03-28,149.5241252750751,150.09901411418988,148.8500942012748,149.60340881347656,24485400
2024-04-01,149.36556739992474,154.37118528416661,149.28626871590512,154.12338256835938,31730800
2024-04-02,152.15082675469168,153.3402764470575,150.8126863978592,153.20150756835938,24586000
2024-04-03,152.2499745660593,153.71696221529052,151.38761094398126,153.55836486816406,24705000
2024-04-04,152.15083657251893,153.40967834779974,149.12764102936788,149.20693969726562,34724700
2024-04-05,148.71134571985755,152.07154951460475,148.28513236262637,151.15963745117188,23459200
2024-04-08,151.4371697426533,153.9052898339039,151.26866573838439,153.48898315429688,20702000
2024-04-09,154.71804473790476,157.16633590539362,153.8259613295697,155.22357177734375,31079500
2024-04-10,154.83704643510924,155.23352470706243,153.32047998943062,154.7676544189453,22838600
2024-04-11,155.5308692093835,158.27651186403895,155.0848274346832,158.00889587402344,27166400
2024-04-12,156.57164779653132,158.81177851890706,155.758847768036,156.34365844726562,25353700
2024-04-15,157.46372881803066,157.8403937153416,153.23125499058935,153.49888610839844,27136500
2024-04-16,152.83479243864417,154.28195170620987,152.0814625667883,153.04293823242188,20779500
2024-04-17,154.25219116747795,155.69936532118263,153.2213387820589,154.103515625,21763100
2024-04-18,153.97468451361368,155.56062786894117,153.26101151618397,154.6387939453125,19883000
2024-04-19,154.82711196963538,154.98570931530094,150.96139619825826,152.73565673828125,32615600
2024-04-22,152.9537163543577,156.2544497066036,152.7059136863934,154.90640258789062,26446200
2024-04-23,155.58044145804854,157.57276956282405,154.90641030278562,156.86900329589844,21151600
2024-04-24,156.10578401898567,158.16750416167633,155.7885893241061,157.7313690185547,22779100
2024-04-25,149.99992338282905,155.11457444082362,149.5439597867095,154.62887573242188,57109700
2024-04-26,172.83740297886922,173.17442610783888,168.1588873174152,170.4386749267578,64665300
2024-04-29,167.57409377755957,168.0597925096593,163.75794130995203,164.68966674804688,45610000
2024-04-30,164.1544172520467,166.62253752967678,161.1708782605576,161.3492889404297,33562900
2024-05-01,162.85595026971654,165.6511570806619,161.65657845255657,162.41981506347656,33493200
2024-05-02,163.34161532186556,165.26456662605938,162.44953168316837,165.15553283691406,24294500
2024-05-03,166.08726012108556,166.4837534702782,161.61690537224646,165.77008056640625,34662400
2024-05-06,165.98815382038057,166.6621698501134,164.5707146259979,166.62252807617188,21871300
2024-05-07,167.01899792747776,170.25033926742327,166.90996414876957,169.7448272705078,28039700
2024-05-08,167.51461620426056,168.65450251317668,167.2569068549834,167.8912811279297,19569100
2024-05-09,167.90118913341487,169.18976613945827,166.70181746537216,168.4661865234375,15346700
2024-05-10,166.55313303769844,168.35714377508077,164.72930897604326,167.1676788330078,29799900
2024-05-13,162.81626817189104,167.7921502441081,162.5585588283877,167.65338134765625,31327600
2024-05-14,168.2778370057792,169.74482453915033,167.31636146118933,168.8428192138672,25127100
2024-05-15,169.13029325056647,171.13252805375882,169.01133767709646,170.99375915527344,26948400
2024-05-16,171.7668862401435,173.5808035378088,171.17216892717605,172.64906311035156,27867900
2024-05-17,172.64909207464802,174.7207341676862,172.16340845627886,174.5125732421875,24479300
2024-05-20,174.64141067889267,177.1987360270171,174.53237690001112,175.364990234375,22554400
2024-05-21,175.34518759904142,176.58420112115073,174.26477143768452,176.28684997558594,16989400
2024-05-22,175.08745176039344,175.5929637561036,173.6700277652412,174.82974243164062,17880000
2024-05-23,175.5136937401354,176.68331515847908,171.42989518914035,172.02462768554688,21024900
2024-05-24,173.44205880318444,174.22512379260593,172.12374664509454,173.4519805908203,16579400
2024-05-28,172.91669064448408,175.71191186906103,172.83739197945985,174.84954833984375,20572200
2024-05-29,173.88808788543193,175.2856986187846,173.1843367499764,174.3539581298828,23388700
2024-05-30,173.6600966913534,173.67992513855842,170.28006486489895,170.59725952148438,22931500
2024-05-31,170.34946671720675,171.53891649882755,167.9507387056137,170.9838409423828,37638900
2024-06-03,171.0234968625416,172.9960117081414,169.65563630662328,171.64796447753906,27459100
2024-06-04,171.7570001617278,172.3219975576634,170.37921780326457,172.26251220703125,26879600
2024-06-05,173.6601252146541,175.09737781727256,172.40128329216327,173.8682861328125,22068500
2024-06-06,174.35395954744376,175.59297294708358,174.2052839893571,175.17666625976562,23251000
2024-06-07,175.4938524938292,176.3066373799981,172.7680231459644,172.92662048339844,19661400
2024-06-10,173.63116539571132,175.70516949520822,171.4380692158863,173.6708526611328,23726700
2024-06-11,174.8716214180017,175.48687252833415,172.440371072749,175.2685546875,21540600
2024-06-12,176.88609812176736,179.0295742492246,174.76247320161096,176.4296112060547,27864700
2024-06-13,174.76247586851568,175.38766020073976,173.54189158649058,173.8197479248047,20913300
2024-06-14,172.886928506799,175.7051941501706,172.81745685502335,175.437255859375,18063600
2024-06-17,174.11745590855674,176.99526019491833,173.47242036710682,175.8838348388672,19618500
2024-06-18,175.78457643329608,176.03266350713454,172.7678442779151,173.75025939941406,21869900
2024-06-20,174.02811225809378,175.9334191303285,173.65103020992316,174.9510040283203,20160100
2024-06-21,175.64568800546914,179.46623586353275,175.2586726884267,178.2555694580078,57759000
2024-06-24,178.7814884925371,179.50589857307529,177.3028839492694,177.8486785888672,18298000
2024-06-25,178.24558215319573,182.87984651633045,178.04711553791142,182.62184143066406,23130200
2024-06-26,181.23257184786374,183.0981763241254,181.0837105201297,182.47300720214844,19839000
2024-06-27,182.77070317530075,184.6264047984624,182.61193895476885,183.99130249023438,18848900
2024-06-28,182.90961914789867,183.71341873050451,180.56767689705603,180.75621032714844,29156600
2024-07-01,181.62950050025836,182.4730025766031,179.91274225321607,181.58981323242188,16006100
2024-07-02,180.65702287018632,184.15009335463083,180.17076672022137,183.82261657714844,17372500
2024-07-03,183.43559898745033,184.666101253454,182.59209683114494,184.39817810058594,10242100
2024-07-05,184.43786493247498,189.39960668236182,184.3783264542018,189.1416015625,20967500
2024-07-08,188.44689511663674,188.7148333391162,186.34312202376245,187.58355712890625,21035900
2024-07-09,188.85379104005673,189.89575971995774,187.27596097330996,187.53396606445312,15121400
2024-07-10,187.7026819141074,190.28279364749721,187.5836049591009,189.71714782714844,15952500
2024-07-11,188.39731944685417,189.39958571826102,183.6638141016308,184.1500701904297,25625800
2024-07-12,183.66381817797418,185.67828393880026,183.0783363373865,183.65390014648438,22898400
2024-07-15,183.50502571552826,186.79962897877238,183.50502571552826,185.1027069091797,16474000
2024-07-16,185.9263913901426,187.2362833659617,181.96691593885006,182.51271057128906,18290700
2024-07-17,181.56994836615308,182.14551212968965,178.52343217430078,179.63487243652344,20734100
2024-07-18,180.53789942934162,181.10354516735464,175.11968677674923,176.33035278320312,25315700
2024-07-19,177.511279614787,178.9104792954856,175.77466998349036,176.3006134033203,18881900
2024-07-22,179.20815411678015,181.30200938138125,178.85090816644907,180.27989196777344,24100300
2024-07-23,180.65697649839117,182.20503712764747,180.15086927126703,180.39895629882812,36352700
2024-07-24,172.2716763828317,174.84185492699467,170.5052975643539,171.30909729003906,49585200
2024-07-25,171.1999570513624,172.09306459024975,165.91073805088556,166.0000457763672,44852000
2024-07-26,165.8710141586151,166.80382399385917,162.8046615111257,165.72216796875,41336900
2024-07-29,167.5381777702437,169.12592608314606,166.70460877031735,168.23281860351562,20293800
2024-07-30,168.9373636975669,169.9197787286118,167.1511339019872,168.98696899414062,18959700
2024-07-31,171.9144211788754,172.91668748879763,168.70912533779483,170.2274169921875,25729100
2024-08-01,168.94730744825696,172.718234225876,167.58779504728142,169.45339965820312,24531400
2024-08-02,165.1664630337912,167.22061625981866,163.41000220136607,165.38478088378906,29130100
2024-08-05,154.3101575722687,163.17182044634595,153.74451178437454,158.03146362304688,53630700
2024-08-06,158.11086239581772,159.34137978517677,155.2132070680051,157.0788116455078,49004600
2024-08-07,160.01613770044082,161.73289574421796,157.25741108044065,157.72381591796875,25138600
2024-08-08,159.28181801513983,162.4374934400702,158.9841256428161,160.79019165039062,25578800
2024-08-09,158.785664734338,162.53674053879345,157.8429367667061,162.41766357421875,28602300
2024-08-12,163.09246822974885,163.63824774493187,160.60166401463542,161.0482177734375,15895300
2024-08-13,162.15963892338314,163.46953080218395,161.72300324977175,162.90390014648438,18551700
2024-08-14,161.15734902797854,161.9710818575429,156.5032484754406,159.14288330078125,40591100
2024-08-15,159.27191417011724,160.40319071181239,158.388724722145,160.0657958984375,31524300
2024-08-16,160.23448454041534,163.79701137732062,159.8970897454957,161.7130889892578,24208600
2024-08-19,164.01533548402497,165.4145503036196,163.0031359185699,165.3946990966797,22416200
2024-08-20,165.62293103111787,167.34962258490438,165.54355648931903,165.90078735351562,18341500
2024-08-21,163.88630724691845,165.57331138365288,163.40998432722168,164.58096313476562,22902000
2024-08-22,165.9801625781286,166.30763931714822,162.06039002531082,162.54664611816406,22493300
2024-08-23,163.4596147462646,164.9084347985432,162.57642535652303,164.35272216796875,13955700
2024-08-26,165.10689813733183,166.267943712712,163.20159141296193,164.88858032226562,14190400
2024-08-27,164.57104961527048,165.1664646925233,163.201619164844,163.419921875,11821900
2024-08-28,163.77715768210635,164.33288545251102,160.2940205808296,161.6039276123047,16407400
2024-08-29,163.05273886524938,164.70004059767595,159.02380738480878,160.54209899902344,19699800
2024-08-30,161.37568835446018,162.40773914692483,160.45281163127092,162.1298828125,22123800
2024-09-03,160.48258445374879,160.61159459119546,155.28267338679814,156.15594482421875,38945300
2024-09-04,155.4612989897302,157.78339053713182,154.76665816042646,155.25289916992188,19353800
2024-09-05,155.1040401638185,158.2299312085826,154.78648144405375,156.03684997558594,18688700
2024-09-06,156.09640040925774,156.62234382988387,149.39804896411633,149.7652130126953,37912100
2024-09-09,151.54384395398554,152.42820519903154,146.28736276622044,147.76792907714844,39260500
2024-09-10,149.49690018583888,150.3117127852872,147.40026637370062,147.71824645996094,31118800
2024-09-11,148.97024262197922,150.5402350111877,146.58545288467116,150.202392578125,29607700
2024-09-12,152.82570635319718,153.83924907315188,151.682982309114,153.71006774902344,29621500
2024-09-13,154.44538523091353,157.37670989938488,154.22679282124855,156.46253967285156,29591200
2024-09-16,156.313451749423,157.2474993531957,155.60795803142506,157.05870056152344,18379800
2024-09-17,158.0126274199818,159.53293380012653,157.3766823666018,158.31072998046875,20715600
2024-09-18,158.84730896980255,159.48325404924594,157.59529635899653,158.79762268066406,23677300
2024-09-19,162.67293084972206,162.7524107202581,160.31793409819053,161.1128692626953,26587700
2024-09-20,162.46423894374368,162.6927776644467,161.03335881701463,162.5536651611328,40896400
2024-09-23,163.30883886227895,164.44161628675883,160.64580894026784,160.82467651367188,24150900
2024-09-24,161.99723481368196,162.18603362584003,159.67206190654358,161.2619171142578,23332100
2024-09-25,160.44710243338025,161.77861000791742,160.27818118844277,160.46697998046875,18869200
2024-09-26,162.6033661315293,163.0405812277503,161.2519809078131,161.69912719726562,20319300
2024-09-27,161.7786297424913,164.65032158098356,161.5997772832552,162.91140747070312,21101300
2024-09-30,162.2853907035285,165.09744958161895,162.22575806160205,164.7993621826172,20413900
2024-10-01,166.62770671794624,168.08839566011457,163.53740758234116,165.93214416503906,28338100
2024-10-02,165.36574568962988,166.4587833748385,163.68644922877587,164.80929565429688,17760200
2024-10-03,163.3684842780683,165.5843532266716,162.88158291608877,164.80929565429688,15073100
2024-10-04,166.9953742029211,167.1642954706186,164.43171611961677,166.001708984375,19047400
2024-10-07,166.65750280293437,167.41268277986842,161.7189863091265,161.94752502441406,22463100
2024-10-08,162.90145376713176,163.68644249996592,161.83822486594266,163.3386688232422,23072700
2024-10-09,162.41457984860077,163.79577392063888,158.72809031254272,160.83465576171875,31181800
2024-10-10,159.8509116423071,162.03698715416354,159.38388779769477,161.05325317382812,14144100
2024-10-11,161.10291803821593,162.86169424502742,160.21855675772235,162.2058868408203,15344300
2024-10-14,162.60336327926677,165.17695235890986,162.36487818674945,163.91500854492188,19016100
2024-10-15,164.73971556910084,166.61774183416674,163.58707567908868,164.4118194580078,20247200
2024-10-16,163.48772512033995,164.74968410008972,162.70273632699872,164.11373901367188,16406000
2024-10-17,164.6801076327293,165.31605267037628,161.72892116495908,161.89784240722656,21453400
2024-10-18,162.1562268737477,163.66660222742627,162.04692309495266,162.384765625,19757700
2024-10-21,161.9177395848208,163.45792366085925,161.58982825285435,163.03065490722656,20946500
2024-10-22,161.9475365199372,164.71987068710104,161.9475365199372,164.09385681152344,16568100
2024-10-23,163.71626254064074,164.76956032222017,160.90418838301372,161.74880981445312,18280500
2024-10-24,161.79848222899673,162.29531475497333,159.9900045566217,161.68917846679688,22412500
2024-10-25,162.63316747166715,164.54100267206263,162.38475119304076,164.22303771972656,19828900
2024-10-28,167.68098784367282,167.68098784367282,162.91139226813863,165.66384887695312,32138600
2024-10-29,166.66742827978365,169.3006496598447,166.0314832783505,168.60507202148438,42169000
2024-10-30,179.5353953312524,180.86691803166593,172.95733750175077,173.3548126220703,68890800
2024-10-31,172.03323918990733,175.69986574053596,169.91672772946706,170.02603149414062,44769000
2024-11-01,168.9926071986616,171.22835336095886,167.81014346910678,170.20486450195312,31796500
2024-11-04,168.8535086611848,169.64844379948434,166.9456734265419,168.1678924560547,21492700
2024-11-05,168.35668494331603,169.4497227111904,167.77042612333224,168.66473388671875,18242100
2024-11-06,172.6990213989044,175.81912963977683,172.40091879507517,175.391845703125,33695500
2024-11-07,176.28614242154367,179.93289179611503,176.067534869967,179.60498046875,25352900
2024-11-08,179.50558656989898,179.75400283427035,176.9518752564666,177.2201690673828,22006200
2024-11-11,177.44872793439595,179.40624953288767,177.33942415917616,179.20751953125,17450400
2024-11-12,178.68086684117154,181.33395085774214,178.25358296080182,180.46945190429688,25134900
2024-11-13,179.31683431560734,179.81366693126807,177.40898372879735,177.74684143066406,23184000
2024-11-14,177.15058952846138,177.68717710271721,173.215684740498,174.4676971435547,31007500
2024-11-15,172.62944344024277,173.03684979342893,170.135349355116,171.39730834960938,32504600
2024-11-18,172.3213885251699,174.32859614097288,171.80467846165004,174.18948364257812,20135300
2024-11-19,172.61951742744716,177.7368870735365,172.4605273586821,176.99163818359375,23434900
2024-11-20,176.2165738071629,176.55441631876369,172.67912830422068,174.8651885986328,18997100
2024-11-21,172.7983856043942,173.02693953483558,162.66300281148182,166.568115234375,59734400
2024-11-22,164.79936934193785,165.40550568311707,162.8617101914929,163.7162628173828,38604600
2024-11-25,165.0378364955745,167.56175439657423,164.56088148234778,166.58795166015625,33135300
2024-11-26,166.5680936524055,168.74422275300518,166.5184073625678,168.04864501953125,20486700
2024-11-27,167.9294049937709,168.40636000516253,166.95561742322607,168.15794372558594,19266500
2024-11-29,167.43256870496816,168.35666996658753,166.10106111500806,167.8797149658203,14257200
2024-12-02,167.70085532970873,170.98988423095403,167.50212535142776,170.40362548828125,23789100
2024-12-03,170.40360595736098,171.5860544993496,169.76766100247582,170.25454711914062,22248700
2024-12-04,170.0657630063179,173.8019532050098,169.9763367929556,173.26536560058594,31615100
2024-12-05,174.24911120663256,174.9446737388749,171.2383071896845,171.5463409423828,21356200
2024-12-06,170.94022556750923,173.97090750291954,170.77130430056872,173.60325622558594,21462400
2024-12-09,173.0561237995235,175.3441610315068,172.74772178507266,174.4587860107422,25389600
2024-12-10,181.89990276575224,185.39165905883286,180.10925267461994,184.2078399658203,54813000
2024-12-11,184.34712093414166,194.59360484337623,183.88951960925283,194.3846893310547,67894100
2024-12-12,193.9867519757691,194.16580938373951,190.71385396756912,190.96255493164062,34817500
2024-12-13,190.01746770750015,191.72853145186417,188.65459136371652,188.8336639404297,25143500
2024-12-16,191.8678225512729,197.96597529078676,191.6191215772895,195.6381378173828,44934900
2024-12-17,196.22506444695088,200.37339478634232,193.96685539925252,194.40457153320312,43504000
2024-12-18,194.20562099415744,195.97637074387896,186.76449197962535,187.42105102539062,34166100
2024-12-19,190.63427019379503,192.0269895380088,187.40115762090377,187.5304718017578,32265200
2024-12-20,184.8146696474835,191.88772607244653,184.25758188521124,190.41542053222656,63462900
2024-12-23,191.61914756204428,194.0862724877592,189.16198039152084,193.61871337890625,25675000
2024-12-24,193.82759815006608,195.09100341796875,192.7731083908338,195.09100341796875,10403300
2024-12-26,194.1359900072514,195.7276824419866,193.37000187433253,194.5836639404297,12046600
2024-12-27,193.93703071352402,194.30511850410315,189.6593706110804,191.75840759277344,18891400
2024-12-30,188.8137872976618,191.5494980812226,188.13731273783964,190.24630737304688,14264700
2024-12-31,190.08715621219056,190.9625886175899,187.5305025643788,188.31640625,17466900
2025-01-02,189.65935593229025,191.00234725825092,186.52572974438567,188.44569396972656,20370800
2025-01-03,190.37561071207793,192.20606135937345,188.99283394745663,190.79342651367188,18596200
2025-01-06,192.9720631324044,197.19003728298551,192.8427489428689,195.8470458984375,29563600
2025-01-07,196.085805432373,199.95559215597262,193.5888530048973,194.47422790527344,26487200
2025-01-08,191.5693958945213,195.27005246800397,191.3803807232366,192.9422149658203,24864800
2025-01-10,193.29042686618294,195.49889303629848,189.32115330540665,191.0421600341797,26665200
2025-01-13,189.08239884518588,190.18661668529174,186.38647339351533,190.0175018310547,21823700
2025-01-14,190.2462913969121,190.98243652196967,187.33150825894856,188.67449951171875,17174900
2025-01-15,192.08668076451275,195.33969375687735,190.8630762218721,194.53390502929688,21776000
2025-01-16,193.1312278332848,194.46426141133438,191.8081368295779,191.90762329101562,17815400
2025-01-17,195.50881224351804,196.2051719482703,192.74325857357104,194.9815673828125,27735100
2025-01-21,198.03562405056638,201.23887871445535,196.84184720049228,197.0209197998047,29971300
2025-01-22,198.02566579041408,199.43828553458843,196.5036170079127,197.33924865722656,26200600
2025-01-23,197.1104356879908,199.2592156629456,194.18570991866378,196.95126342773438,26951400
2025-01-24,197.07067128135972,199.85611023612495,196.97118481318788,199.16970825195312,23877500
2025-01-27,191.41021235620636,195.85698677854776,189.73893399543607,190.81332397460938,41728900
2025-01-28,191.7484641400102,194.46427471258818,189.68921264751984,194.28521728515625,24157900
2025-01-29,194.54385257803781,195.7674571519655,192.4249153665142,194.39463806152344,18218300
2025-01-30,196.9711508835771,200.35347770573705,196.64286381056434,199.82623291015625,24354700
2025-01-31,200.95042195015876,204.4123358602267,200.7514641722478,202.95993041992188,32001100
2025-02-03,199.6471997728737,202.6912973186069,199.06026910715457,200.18438720703125,27838300
2025-02-04,202.33317837712485,205.97416454187623,201.75619025433605,205.30764770507812,43856400
2025-02-05,190.0771871408914,191.74845039513906,187.05297480534406,190.33583068847656,70373900
2025-02-06,188.51533691421105,191.10183309670842,187.73939109536238,190.60443115234375,29297400
2025-02-07,190.05730586169955,190.18662005870158,182.2878891065967,184.37696838378906,49315000
2025-02-10,186.37653098919859,187.22210526115876,184.8942676002274,185.5010986328125,23105600
2025-02-11,184.0685845185901,185.9686638183211,183.32248151205218,184.35708618164062,21239500
2025-02-12,182.26798713648407,184.14816605879201,180.88521020610418,182.6559600830078,22072600
2025-02-13,183.3622856084759,185.31209300157155,182.18840896285295,185.17282104492188,21402500
2025-02-14,184.0984174978102,185.43145115453234,183.36227228593566,184.2675323486328,20448400
2025-02-18,184.6356021347893,184.99373213088467,180.79565863535095,182.8151092529297,29916700
2025-02-19,183.11356559747395,184.4963424448096,182.63604878465782,184.3073272705078,19549400
2025-02-20,183.839756315763,184.34710081960932,181.77056246596453,183.6009979248047,20441500
2025-02-21,184.18793460152546,184.37694976979722,178.14948286814752,178.72647094726562,35199200
2025-02-24,181.04437173412518,182.16848984705686,177.96047349552646,178.318603515625,29854200
2025-02-25,177.11489600513676,177.81127094293745,173.7823117406095,174.50851440429688,41913400
2025-02-26,174.1603418876601,175.16508845335508,170.68847049649932,171.83248901367188,35431300
2025-02-27,173.08594510447406,173.65297546387492,167.06737815788244,167.6244659423828,39991000
2025-02-28,167.80351036476668,169.7234897370402,165.90344649975822,169.39520263671875,48130600
2025-03-03,171.03664581195866,172.46916601222185,165.0678217638651,166.1422119140625,40770500
2025-03-04,165.3762007856933,172.3895559244155,164.9384846542463,170.03187561035156,45388000
2025-03-05,169.63396197807168,172.87701716435777,168.18154163334694,172.1209716796875,30954900
2025-03-06,169.6439021909127,173.9016615264532,169.6140592892689,171.45445251464844,28302000
2025-03-07,170.3701228624436,174.06085227932917,169.38527664457013,172.9566192626953,27385800
2025-03-10,167.57846950382446,167.77767157580016,163.0269878624875,165.19815063476562,43604000
2025-03-11,164.24205105519363,166.0745946593306,160.71638098509786,163.3755645751953,39587400
2025-03-12,165.90529913170525,166.96100335852913,162.86764957538162,166.4331512451172,28372400
2025-03-13,165.36746730396223,165.45711431897539,161.4533926135524,162.1007537841797,31756200
2025-03-14,162.60869285591215,165.8156517325666,161.79200690237369,164.8197021484375,31995900
2025-03-17,164.36156568984055,165.6264259709924,163.00707358955603,163.6245574951172,31184300
2025-03-18,163.01702900544848,163.5847275921019,156.08522805432327,160.01922607421875,42074800
2025-03-19,161.10480349722013,165.19815700358515,160.3478872642785,163.22618103027344,34275600
2025-03-20,160.91558075554488,164.22212545502225,160.3080509045436,162.14059448242188,28138500
2025-03-21,160.55705156299513,163.57477782056455,160.2383403768693,163.32579040527344,36625800
2025-03-24,166.39330929919817,167.6382463166508,164.47111864181912,167.00082397460938,30879100
2025-03-25,168.2955839776117,169.93891017820465,167.63826869436164,169.8691864013672,24174400
2025-03-26,168.31547745607713,168.92300730211159,164.17232359449744,164.3914337158203,28901600
2025-03-27,163.96318944763343,164.74998295425303,161.3438371056606,161.58287048339844,24508300
2025-03-28,159.8399637284922,161.1645785777556,153.0077485673884,153.7049102783203,48669300
2025-03-31,152.489854834344,154.91000524190235,150.04978117819655,154.01365661621094,54603500
2025-04-01,152.99778409802235,157.45964958057314,152.99778409802235,156.43382263183594,30672900
2025-04-02,154.52157130636616,157.7683766642482,154.07339703462338,156.40391540527344,25041700
2025-04-03,150.49794733089453,152.16118136873095,149.78086239042807,150.10952758789062,46883400
2025-04-04,147.41049617328275,150.45811474262314,144.79115903527634,145.01026916503906,62259500
2025-04-07,140.9766740613606,152.23090799124293,139.96080117715204,146.15560913085938,76794100
2025-04-08,150.60750263275938,151.62337549950988,142.45067281990836,144.11390686035156,52200200
2025-04-09,143.83505464618503,158.90377855359424,143.3271257672898,158.0671844482422,70406200
2025-04-10,155.90595330498695,157.0811818078422,149.322725435418,152.20103454589844,48022000
2025-04-11,152.2806780167882,157.0313615599484,152.20101542723245,156.50350952148438,33636200
2025-04-14,159.3519307590391,161.06496523045752,156.92181138344625,158.4257049560547,30333000
2025-04-15,158.4854650554691,159.0033479067655,154.5813444386225,155.6768798828125,27551500
2025-04-16,152.47990494067977,155.2585979132132,150.8963333701315,152.70896911621094,28187400
2025-04-17,153.6650878055648,154.05350761930674,147.8985451558595,150.5477752685547,33046600
2025-04-21,148.2769899279801,148.346698501599,145.50825109483685,147.07188415527344,26049100
2025-04-22,148.2869392297591,151.5735760354548,147.93835078181212,150.8564910888672,26971800
2025-04-23,154.97972084901838,156.89194229421238,153.1870084950911,154.7207794189453,31128800
2025-04-24,155.51752994672043,158.94359913409957,155.15898746904153,158.63485717773438,45894000
2025-04-25,164.40140465983956,165.4272315126956,160.3877138664607,161.3040008544922,56034000
2025-04-28,161.77207767108948,162.48916256089402,157.95760427833062,159.95945739746094,29745800
2025-04-29,159.6706623611363,160.0889594093041,156.88200017636458,159.5113067626953,26809000
2025-04-30,157.34012853089786,158.62491214751483,154.7705764946502,158.1568145751953,34981100
2025-05-01,159.80011945187778,161.29404393761732,158.26636366652554,160.6466827392578,30203200
2025-05-02,162.7481319399907,164.3018109241553,161.21436100650547,163.36561584472656,25715000
2025-05-05,162.33977050209785,164.72008922857444,162.06090585441734,163.5448760986328,21341800
2025-05-06,161.51315867988768,164.13251121588542,160.5371322432176,162.56886291503906,21277200
2025-05-07,163.41540177767422,164.33167352764482,147.24117583349363,150.766845703125,127490100
2025-05-08,154.37219053033292,155.29841637896206,152.28069025725696,153.6551055908203,57498700
2025-05-09,153.5455638933439,154.4220044950508,151.58354176260508,152.13131713867188,32435300
2025-05-12,156.85210396646104,158.45558338936252,155.61712102310727,157.81817626953125,44138800
2025-05-13,158.14684186881533,159.9196462677562,155.52750456311006,158.88385009765625,42382100
2025-05-14,159.3121190412647,166.32359816964652,158.9635305710967,164.7001953125,48755900
2025-05-15,165.16827329805872,165.53678497348048,161.71232706903228,163.2958984375,33146700
2025-05-16,167.05061660833445,168.66406524073284,164.94916241420358,165.51686096191406,42846900
2025-05-19,163.84367142462605,165.96504904182535,163.55485271284547,165.86544799804688,30426100
2025-05-20,165.75588463789506,167.8175076045031,162.24018376555952,163.31581115722656,46607700
2025-05-21,163.02700354080346,172.43872486137178,162.89752522096424,167.8772735595703,73416000
2025-05-22,171.15394376538748,176.05401394301808,170.0185618363875,170.1779022216797,74864400
2025-05-23,168.3752347830085,169.2715985296926,167.2099755896054,167.78762817382812,35211400
2025-05-27,169.47079940418584,172.46860243837372,169.3114438097941,172.19969177246094,37995700
2025-05-28,172.45864324425892,174.56009759174123,171.21370619473115,171.66188049316406,34784000
2025-05-29,173.29522613701107,173.71352313508294,169.93888093061088,171.1638946533203,29317300
2025-05-30,170.6559680857075,171.5124853397844,166.76180154699824,171.0443878173828,52639900
2025-06-02,167.1601697701311,169.1819461523069,166.71199550949316,168.34535217285156,38612300
2025-06-03,166.8116037120677,167.79758408844376,164.61054841286258,165.50689697265625,45084900
2025-06-04,166.0646474005772,167.5386486033552,165.68618167672102,167.3693389892578,26900800
2025-06-05,169.6500488073603,170.23765541573877,166.9111874462575,167.5286865234375,36379100
2025-06-06,170.13806952300837,173.79320267833577,170.13806952300837,172.9765167236328,35731800
2025-06-09,174.04348698482235,175.96800471005412,173.87397240224888,175.58908081054688,28935900
2025-06-10,175.69878257607027,180.59481935710423,174.41245877453574,178.0919647216797,61766100
2025-06-11,179.25860337876443,179.85688739895457,176.24719026638135,176.84548950195312,31646800
2025-06-12,175.6788256293735,176.2172980493167,174.25290075490625,175.2001953125,20941900
2025-06-13,171.9494740114175,176.6261351195968,171.8996131999643,174.17312622070312,27663100
2025-06-16,174.23294549738824,176.43666545813562,174.15317124562452,176.26715087890625,27389200
2025-06-17,175.20018931566514,176.85547082344988,174.08338020939252,175.44947814941406,24973000
2025-06-18,175.50931582595604,176.0577543370001,172.70731159680278,172.8269805908203,28707500
2025-06-20,173.45518907949074,173.84407909995153,164.98934896898635,166.16598510742188,75659900
2025-06-23,165.79702236468145,166.86397066469698,161.53916480969883,164.7200927734375,57671000
2025-06-24,166.4451757427373,167.74148079179992,165.65742968002243,166.2956085205078,40524300
2025-06-25,167.15316152434053,171.86970222006798,167.07338726794845,170.19447326660156,35479000
2025-06-26,171.93948268163984,173.19590810922037,169.45657569929264,173.04632568359375,31796700
2025-06-27,173.046329910377,178.17170771682706,171.241481190895,178.0221405029297,108140200
2025-06-30,180.26574336762212,180.7144602330707,174.08338322657394,175.7286834716797,63378900
2025-07-01,175.24007631497474,175.58907153758963,173.03635642713306,175.33978271484375,35904500
2025-07-02,175.04063318866915,178.35119606008848,174.5719841997796,178.13182067871094,29128900
2025-07-03,177.99221838299502,179.15888824066795,176.5463462627362,179.019287109375,21689700
2025-07-07,178.550625649566,178.78994839919216,175.1802358653973,176.28707885742188,34175600
2025-07-08,177.34407588154812,177.44378228214464,172.31840465770773,173.86399841308594,40442500
2025-07-09,174.75148618121452,178.92956979741228,172.27854501653255,176.11758422851562,43025600
2025-07-10,175.1304013990042,177.92242424511252,173.88395719435462,177.11473083496094,29252400
2025-07-11,176.2870917998284,180.91389212460822,175.97797606848104,179.67742919921875,34282900
2025-07-14,180.49506438294173,183.14750097109467,179.16884608886528,181.0435028076172,32536600
2025-07-15,182.2899779932072,183.69597077242528,181.08342846821492,181.48228454589844,33448300
2025-07-16,182.71874486155866,183.80564050002502,181.51218023918355,182.4495086669922,33104200
2025-07-17,181.6218637248093,183.53640005379035,179.96658229342344,183.05776977539062,31992600
2025-07-18,184.87259850820493,185.88970124039062,183.1874187229756,184.5335693359375,34014500
2025-07-21,185.720180506412,189.74868135121883,185.62045888710102,189.55923461914062,45803100
2025-07-22,190.9552485801447,191.10481579575136,186.9267476808465,190.7957000732422,44660200
2025-07-23,190.95526494810704,191.98233382433085,188.6418570458734,189.68887329101562,58681900
2025-07-24,196.46952792005337,197.3869090653604,190.45668205461735,191.62335205078125,74881700
2025-07-25,191.43387927305906,193.77720042486192,190.71592620592727,192.63046264648438,39785900
2025-07-28,193.0991291078416,193.49800038051387,190.29712498462092,192.0321807861328,38139500
2025-07-29,191.88258292419434,195.36266032343974,191.53358770597436,195.19314575195312,41389200
2025-07-30,195.04360005779435,197.0379108346005,194.13618500265545,195.970947265625,32445400
2025-07-31,195.15328548422434,195.43248777249184,190.54641729704366,191.35411071777344,51329200
2025-08-01,188.49228886934085,190.28717167835873,187.2857393250735,188.59201049804688,34832200
2025-08-04,189.7486806495505,194.71452513752175,189.579166069655,194.48516845703125,31547400
2025-08-05,194.1561209300893,197.2971541323202,193.33844625639603,194.11622619628906,31602300
2025-08-06,193.94670749735778,196.07065317332066,193.11906676548202,195.5321807861328,21562900
2025-08-07,196.49942519635405,196.9780554903085,193.77719542929833,195.96096801757812,26321800
2025-08-08,196.65898117376335,202.03364795164893,196.60912036272285,200.84703063964844,39161800
2025-08-11,200.36839577051538,200.90685295750995,198.50372015999918,200.42822265625,25832400
2025-08-12,200.7971688962253,203.9182700251912,200.01938893683175,202.76156616210938,30397900
2025-08-13,203.54933871959636,203.94819479745718,196.94815955869606,201.38551330566406,28342900
2025-08-14,200.9268104830451,203.85844975532365,200.65757426824428,202.3627166748047,25230400
2025-08-15,203.270115954676,205.85274455493158,200.70741950553764,203.31996154785156,34931400
2025-08-18,203.61913306802094,204.68609666738416,201.9140058259036,202.92112731933594,18526600
2025-08-19,202.45246621827235,202.86130359723919,199.39120695287482,200.9966278076172,24240200
2025-08-20,200.15898342104597,200.70742189093835,196.04074228977996,198.7530059814453,28955500
2025-08-21,199.1817626953125,201.90399228811302,198.86266570951375,199.1817626953125,19774600
2025-08-22,202.15329588435108,207.9467659198768,200.7273710651735,205.5037384033203,42827000
2025-08-25,205.84277405344866,209.92115104730735,204.69605147341804,207.8969268798828,29928900
2025-08-26,206.91969332896332,207.258737698756,205.11484464858782,206.55075073242188,28464100
2025-08-27,205.1148353500322,208.31571045142093,205.06497454361283,206.8897705078125,23022900
2025-08-28,206.66045236066026,211.6163158130296,206.31144189175058,211.0379638671875,32339300
2025-08-29,209.91115472146953,214.03937701544265,209.6020390158818,212.30433654785156,39728400
2025-09-02,207.84705371453168,211.07782715720617,205.61342035910417,210.748779296875,47523000
2025-09-03,225.5665221360729,230.65200537566233,224.15054812619755,230.0038604736328,103336100
2025-09-04,228.996719869086,231.70898363627637,225.46679662750995,231.63919067382812,51684200
2025-09-05,231.53947436612376,235.08934505645462,231.24032471140728,234.33151245117188,46588900
2025-09-08,235.01017746372742,237.66498669397225,233.21368944217105,233.5829620361328,32474700
2025-09-09,233.71271899928072,240.00041962038168,232.77455216251747,239.1620635986328,38061000
2025-09-10,238.4334648921733,241.1880848518513,237.38552753776509,238.70294189453125,35141100
2025-09-11,239.41157085914617,241.77693788592924,235.78865459463688,239.90060424804688,30599300
2025-09-12,239.90058949520323,241.6072568290254,237.53522261387997,240.3297576904297,26771600
2025-09-15,244.18222746714693,251.91709313601174,244.18222746714693,251.11865234375,58383800
2025-09-16,251.58774200911427,252.54585880051692,248.98283818718852,250.66954040527344,34109700
2025-09-17,250.7294115061419,251.10867430438276,245.7990560449756,249.04270935058594,34108000
2025-09-18,251.18851917528045,253.49402106561863,249.31220074129322,251.537841796875,31239500
2025-09-19,252.7554645478164,255.5000944688687,251.31827407979023,254.22259521484375,55571400
2025-09-22,253.9331335021276,255.28050326976958,249.8112090563098,252.03684997558594,32290500
2025-09-23,252.54585863312587,253.8632882566711,249.9908602190898,251.16856384277344,26628000
2025-09-24,251.1685566625181,251.8572116525034,245.95874917105462,246.65737915039062,28201000
2025-09-25,243.92272782855147,246.0086580355356,240.26988667693965,245.3100128173828,31020400
2025-09-26,246.58752699597628,248.93292875938775,245.4896689933639,246.0585479736328,18503200
2025-09-29,247.3659922504587,250.65953566268354,242.295910900337,243.5734100341797,32505800
2025-09-30,242.33584768941728,242.8149061000678,238.78280195485732,242.6252899169922,34724300
2025-10-01,240.2798631456683,245.81902814560354,238.1440427490887,244.4217529296875,31658200
2025-10-02,244.6712510924991,246.32801300536266,241.82682587144092,245.210205078125,25483300
2025-10-03,244.0125741538274,245.8190372139174,241.18809864914257,244.8708953857422,30249600
2025-10-06,244.30198799944458,250.82922509816828,244.10238160883648,249.94094848632812,28894700
2025-10-07,247.78518329877946,249.95094390133718,245.04055349112926,245.2800750732422,23181300
2025-10-08,244.4816510919942,245.52958847857047,243.3438778825467,244.14230346679688,21307100
2025-10-09,243.99259549865826,244.28202248032238,238.68297718710045,241.05833435058594,27892100
2025-10-10,240.95854254659665,243.6133519117745,235.37946202105573,236.10804748535156,33180300
2025-10-13,239.74092459803205,244.02254038501275,239.2419009980627,243.6732177734375,24995000
2025-10-14,240.75891236992726,246.63740953871613,240.0403171957297,244.97067260742188,22111600
2025-10-15,246.76716258187247,251.61767243328853,245.5096286311317,250.53977966308594,27007700
2025-10-16,251.27834055068328,256.4581925767255,249.61160360230107,250.9689483642578,27997200
2025-10-17,250.27029536389298,253.72354516932393,247.32605934645667,252.8053436279297,29671600
2025-10-20,254.19265795496185,256.82748687148535,253.73354951664797,256.04901123046875,22350200
2025-10-21,254.24254216862593,254.38226816359625,243.6732110393333,249.9709014892578,47312100
2025-10-22,253.87326076642051,255.85936494298178,248.8031791754094,251.19850158691406,35029400
2025-10-23,252.4859893541776,254.54196425508994,251.35820631599307,252.58580017089844,19901400
2025-10-24,256.07894057309267,261.16898745224296,254.82142179583195,259.4124450683594,28655100
2025-10-27,264.3028491565017,269.61246721569535,263.76389517627246,268.744140625,35235200
2025-10-28,269.1633589320839,270.20133657580493,265.9795858431389,266.94769287109375,29738600
2025-10-29,267.2271543584551,274.802329420885,267.14732397902117,274.0338439941406,43580300
2025-10-30,291.02060225143094,291.02060225143094,279.51311834988803,280.93035888671875,74876000
2025-10-31,282.65691333682474,285.44147330040244,276.48898951038876,280.640869140625,39267900
2025-11-03,281.62895336390585,284.97241759660864,279.25359613963377,283.16595458984375,29786000
2025-11-04,276.20955057551157,280.7207127582489,275.72051721535576,276.9980163574219,30078400
2025-11-05,278.32538223121895,285.8606559032848,276.7983714286328,283.7547607421875,31010300
2025-11-06,284.77279318145315,287.78691520805194,280.59100344938025,284.1939392089844,37173600
2025-11-07,282.6569436244069,283.225837847663,274.65261591386644,278.2854919433594,34479600
2025-11-10,283.8645774088431,290.2320924976737,282.30759586857965,289.5334777832031,29557300
2025-11-11,287.1881040319325,291.3499745796257,286.7589510126267,290.74114990234375,19842100
2025-11-12,291.11038092678234,291.43975353768866,283.1359940674285,286.15008544921875,24829900
2025-11-13,281.7886277548892,282.2876513282579,276.6985812149319,278.0260009765625,29494000
2025-11-14,270.88000309409097,278.0160347166159,270.17139808707816,275.8702392578125,31647200
2025-11-17,285.22190446328057,293.3759628274161,283.01622885841863,284.46337890625,52670200
2025-11-18,287.3577599014325,288.236015842567,277.65674001133203,283.724853515625,49158700
2025-11-19,286.5992292728396,303.21670857801746,286.07026549054086,292.2381896972656,68198900
2025-11-20,303.94529376978943,305.8216273232207,288.1062900504894,288.884765625,62025200
2025-11-21,295.8411659039572,303.3265199413647,293.27617727722287,299.0748291015625,74137700
2025-11-24,310.52242205466104,318.85612204740676,308.9954110970811,317.9578552246094,85165100
2025-11-25,325.5729598317621,328.187838552192,317.0296784660599,322.8083801269531,88632100
2025-11-26,320.053780820363,323.86632857763385,316.1713929045335,319.3252258300781,51373400
2025-11-28,322.73855239479167,326.2117679837596,316.1714145243143,319.5547790527344,26018600
2025-12-01,317.0796263275952,319.2254218425781,313.27706870792247,314.2751159667969,41183000
2025-12-02,316.1214443613123,317.75825630619534,313.29698432996054,315.1932678222656,35854700
2025-12-03,315.2731119453438,320.95197190330543,313.48659911430565,319.00579833984375,41838300
2025-12-04,321.6007694211511,321.73048997615604,314.0854750084747,316.999755859375,31240900
2025-12-05,318.8660555204289,322.528901747787,318.5467035992101,320.642578125,28851700
2025-12-08,319.63395301128804,320.0234606774875,310.81544458829893,313.31219482421875,33909400
2025-12-09,311.96391713296777,317.57660631064704,311.4945269093235,316.66778564453125,30194000
2025-12-10,315.4194206321133,320.8923078304596,314.27092168020465,319.7937316894531,33428900
2025-12-11,319.6638831462354,320.7025396818571,308.19882663213485,312.0238342285156,42353700
2025-12-12,313.29221022339095,314.46067218572114,305.1627773855729,308.887939453125,35940200
2025-12-15,310.9152814169449,311.01515750934647,304.4836511834585,307.8193054199219,29151900
2025-12-16,304.55358908476643,310.3660001485481,302.1966411442108,306.1714782714844,30585000
2025-12-17,307.60959033164653,307.6894729197007,295.7350329501308,296.3342590332031,43930400
2025-12-18,301.32777470817274,303.56485302569047,298.8410213827925,302.0668029785156,33518000
2025-12-19,301.33777770154796,306.85059101726483,300.5787559089981,306.7607116699219,59943200
2025-12-22,309.47716491524386,309.7268399185022,304.90310178792384,309.3772888183594,26429900
2025-12-23,309.2274800840275,314.5305745464577,308.91788552805923,313.94134521484375,25478700
2025-12-24,314.3608103937755,314.67040497756983,311.51453957359615,313.68170166015625,10097400
2025-12-26,314.0711877312235,314.6803801033015,311.87403553475036,313.1024475097656,10899000
2025-12-29,310.96521879647884,313.61176774066803,310.2161937852231,313.1523742675781,19621800
2025-12-30,312.09376543928346,316.5379928503015,312.0538089034933,313.4420166015625,17380900
2025-12-31,312.4433102220648,314.17104176667254,311.03513952358344,312.5931091308594,16377700
2026-01-02,316.4880510777925,322.0807776535599,309.92658419973367,314.7403259277344,32009400
2026-01-05,317.24707928114736,318.60529679570504,314.2210191795431,316.1285400390625,30195600
2026-01-06,315.9886856047422,320.5227923064431,311.3746963103618,313.9313659667969,31212100
2026-01-07,313.95131240372154,325.725993751253,313.7815504740342,321.5614318847656,35104400
2026-01-08,328.54234711069296,329.8905982345552,321.08205673508803,325.0169372558594,31896100
2026-01-09,326.6647962522232,330.3999246926398,325.37646465172014,328.14288330078125,26214200
2026-01-12,325.37643895257156,333.6057474535575,324.57749116547984,331.4285583496094,33923900
2026-01-13,334.5146010595183,340.04737751020235,333.18631289711504,335.53326416015625,33517600
2026-01-14,334.62442706687915,336.08252056576845,330.05039437456895,335.4034118652344,28525600
2026-01-15,337.21104566866205,337.2510022020921,330.3100250775331,332.3473815917969,28442400
2026-01-16,333.97528525413946,334.2149635116852,327.27401649506595,329.5710144042969,40341600
2026-01-20,320.4528849486331,327.30398324237245,320.01345448184367,321.5814208984375,35361000
2026-01-21,320.50283121296127,332.0478012719212,318.9348648307384,327.953125,35386600
2026-01-22,334.0152418739244,334.71431361791133,328.32263943252485,330.1103210449219,26253600
2026-01-23,332.05776231305794,333.2562145369407,327.0243361197249,327.5036926269531,27280000
2026-01-26,327.3838548641184,335.4034148973675,326.5749102768944,332.8267822265625,26042100
2026-01-27,334.93402312381306,337.4707297257924,333.04649592160257,334.1150817871094,21636200
2026-01-28,335.62313448097893,337.1012215187292,331.5084951745387,335.5732116699219,27434400
2026-01-29,339.85759500876696,341.84502871736817,326.115503846963,337.8102722167969,39785600
2026-01-30,339.5580079569619,339.5580079569619,331.8580393103398,337.56060791015625,31024000
2026-02-02,335.78293445124825,344.3817273143538,335.1937050748485,343.24322509765625,32006100
2026-02-03,346.8884575284791,348.5463032010534,337.0312933144156,339.26837158203125,36506700
2026-02-04,342.514142570529,342.86369366519597,328.09291217000737,332.6070556640625,70618400
2026-02-05,311.814107165092,332.25749685616427,306.06158556074746,330.8193664550781,88205800
2026-02-06,326.75466854448496,329.95052083207565,319.50412705068965,322.4402770996094,56380500
2026-02-09,320.5127991892576,327.2740180221729,316.84758707958963,323.8984069824219,39640100
2026-02-10,320.5527401483992,321.25184233940706,314.2009923012897,318.16583251953125,39170000
2026-02-11,318.55535268111106,320.64263210541753,309.25745775560665,310.5557556152344,45406400
2026-02-12,311.68427643298344,315.8288752987113,306.80064932708433,308.5982971191406,47761300
2026-02-13,307.32996759040856,308.2287915112591,303.31517401115394,305.32257080078125,38499700
2026-02-17,299.6499434457439,304.0442171582303,295.86486207725466,301.6273498535156,39247600
2026-02-18,301.6972906518214,304.983022308801,300.8583862777236,302.9356689453125,28482100
2026-02-19,301.42763905495286,305.0728879320441,299.64995428739604,302.456298828125,25834400
2026-02-20,303.9243808328656,316.08853909864735,303.504913437054,314.5705261230469,53210800
2026-02-23,318.6352220336332,319.1046122516075,309.4671633706354,311.0850524902344,31423000
2026-02-24,310.11633870149166,311.8640638461802,305.53230897934316,310.495849609375,25615600
2026-02-25,311.6543207518016,313.2322838254539,309.03773161827513,312.49322509765625,29963600
2026-02-26,312.23361045347764,312.73296049797625,301.95697800388234,306.9804382324219,36431200
2026-02-27,303.7446468483449,311.9639287272481,303.4050620118916,311.354736328125,44640600
2026-03-02,302.83581985466094,308.0889612664211,300.908305641281,306.12152099609375,34790200
2026-03-03,298.2018299939976,303.5448811012492,296.3242691134317,303.1853332519531,35497000
2026-03-04,302.49628364637806,305.07291645770977,300.3590508331652,302.7359619140625,29536200
2026-03-05,302.6460567428228,302.9056980180265,297.6026034525966,300.4888610839844,35752300
2026-03-06,295.7050936872067,300.1393243405422,294.7962729857715,298.1319274902344,25576900
2026-03-09,294.1842573074437,306.6168332730834,293.9044256827884,306.1770935058594,29312100
2026-03-10,305.98724420005084,309.3252467158022,305.3875962722132,306.8567199707031,23239700
2026-03-11,306.56689883882945,311.23412470378855,305.7374076911934,308.5157470703125,24125700
2026-03-12,306.636841807898,308.7555713296518,300.8502897843219,303.3687744140625,24928300
2026-03-13,306.8267356773544,307.50632242162294,300.26065041451466,302.09954833984375,23693100
2026-03-16,304.16832484157635,306.3070315122431,302.8391017033621,305.3775939941406,23519700
2026-03-17,305.67739809365116,311.2341070358109,305.3176276402165,310.7344055175781,21955200
2026-03-18,309.0853604878573,312.28346234614037,306.74676108497374,307.5063171386719,20009800
2026-03-19,303.8285227221892,307.8760927647981,302.16951004441273,306.9466552734375,25075800
2026-03-20,305.2776414809433,305.8173276578073,298.0919312440676,300.8203125,44364100
2026-03-23,301.92965766257777,305.7973733016039,300.75036931754545,301.87969970703125,29326900
2026-03-24,299.02141279307426,299.7409842283802,290.15668188195673,290.2666320800781,36864300
2026-03-25,293.2648285118823,295.82329783701033,289.0673235725591,290.7563171386719,29460700
2026-03-26,287.7381369232671,287.7781215852462,278.33375052565475,280.7523193359375,39080600
2026-03-27,277.1144865271076,279.203235317384,273.7864876697142,274.1762390136719,35890600
2026-03-30,276.2550012483934,276.9245842043685,271.9475460941929,273.33673095703125,35141200
2026-03-31,277.87403020607053,287.9080147834651,276.9245851168754,287.3883361816406,43875400
2026-04-01,290.6663854824321,300.34059988895723,290.23664948178913,297.2124938964844,37684500
2026-04-02,290.5164904801884,297.90206355243157,289.2772403921399,295.59344482421875,21666500
2026-04-06,295.69337737406744,300.4405418912755,295.0037868253031,299.8109130859375,16945500
2026-04-07,302.54929810267237,305.4475608650088,297.5422790326475,305.27764892578125,23205400
2026-04-08,320.25872115869026,321.88772251879675,314.8319393907938,317.1305847167969,33547100
2026-04-09,315.72141928886384,319.3492572184689,310.8743084256086,318.29986572265625,23739200
2026-04-10,319.8289680511782,321.6378852163977,316.1311948927162,317.0506286621094,19152600
2026-04-13,316.9507009019676,321.43801087893695,315.28168437302884,321.1181945800781,18866400
2026-04-14,324.59612530340485,333.09105123243734,323.5567375910905,332.7112731933594,27721400
2026-04-15,332.69130668872015,337.278563176308,330.70247381548376,336.91876220703125,24918800
2026-04-16,338.5477782390461,339.67710854893676,334.3202924195682,335.81939697265625,20541500
2026-04-17,337.4484504303517,342.1156763245155,336.0392884001999,341.4760437011719,25581900
2026-04-20,340.55660000710446,341.1962021124509,336.40905286572576,337.2185974121094,18784200
2026-04-21,337.48841459650436,339.13742351057505,331.1522029907326,332.0916442871094,23123800
2026-04-22,336.818816762841,339.6171637007564,334.96994545488326,339.1174621582031,20293000
2026-04-23,340.9763246437424,341.7558578013153,335.97930940305434,338.6877136230469,18650300
2026-04-24,338.5277988797623,345.06387272769797,335.1897964239415,344.19439697265625,26426100
2026-04-27,345.77347673538645,352.9691603649003,342.5254168368208,350.130859375,28576900
2026-04-28,348.34192077884484,352.20963620070955,345.91337868788094,349.5711975097656,27824100
2026-04-29,347.36252924438134,355.5776236260777,344.0045190996302,349.7311096191406,35376300
2026-04-30,373.8467067603946,385.6096696957082,365.60163158627074,384.5702819824219,72040000
2026-05-01,381.4022037517389,386.52914645154755,378.82372671588394,385.45977783203125,30105200
2026-05-04,385.39979379858875,387.14874909409923,379.56328378663693,383.0212097167969,26298600
2026-05-05,385.99945170269467,392.58551415458055,383.79074899852696,388.1981201171875,23878600
2026-05-06,394.0146525811788,399.61131576273664,392.52555179602564,397.8023986816406,31308500
2026-05-07,399.6812819584635,399.8611671879692,392.4455831227277,397.7524108886719,24433500
2026-05-08,396.7630105926761,401.76002583943523,396.1233780013978,400.56072998046875,21461800
2026-05-11,393.41500861238904,397.2027547509894,388.23810807955056,388.40802001953125,30753700
2026-05-12,387.10877062384725,388.28805889354703,382.541491402114,387.1187744140625,26017500
2026-05-13,385.3698394939953,403.4590416115898,384.77019153718186,402.3796691894531,28144600
2026-05-14,397.04285074569174,402.6894719958145,395.6037078837972,400.8305969238281,21136700
2026-05-15,396.0834349796574,399.30151410906007,392.9452946767326,396.54315185546875,20309700
2026-05-18,395.4538101055549,408.36608091552193,394.29449886421145,396.70306396484375,26837200
2026-05-19,396.72302500471704,396.91291402359946,385.8794958446922,387.4285888671875,39545700
2026-05-20,387.4685872554011,393.62488340369265,382.6714341601505,388.6778564453125,31744400
2026-05-21,385.46976743485186,392.2656959548347,382.7913440893277,387.4285888671875,24852800
2026-05-22,387.1187843592316,388.5079387636157,381.54209816202837,382.74139404296875,20442100
2026-05-26,384.2804712769477,389.0276356997364,382.3716078175452,388.6478576660156,27747400
2026-05-27,386.4391861502527,393.64487351491664,385.66962629134815,388.5978698730469,23087300
2026-05-28,387.76839182151133,391.6360768291116,384.9300907577927,389.8971252441406,24357500
2026-05-29,385.0100143138995,385.0100143138995,378.2340629764561,380.1129455566406,44415800
2026-06-01,376.2952290661171,378.3340198477676,373.2970198869562,376.14532470703125,28672100
2026-06-02,366.371163421305,373.31702687507857,358.2260345973877,361.6340026855469,50412300
2026-06-03,361.81388965190393,366.2312646097652,357.8662353535933,358.77569580078125,55441600
2026-06-04,358.68575901079333,373.0271992966173,357.99616844622375,371.96783447265625,44055500
2026-06-05,366.1213024821565,371.8578661166277,363.90262653478294,368.30999755859375,37471200
2026-06-08,365.17999267578125,366.20001220703125,360.5299987792969,363.30999755859375,27942500
2026-06-09,367.0899963378906,372.0799865722656,357.29998779296875,364.260009765625,29535100
2026-06-10,363.19000244140625,368.55999755859375,355.20001220703125,356.3800048828125,32357100
2026-06-11,355.92999267578125,358.79998779296875,346.3599853515625,357.7699890136719,35538200
2026-06-12,362.6199951171875,366.57000732421875,354.94000244140625,359.67999267578125,24704600
2026-06-15,367.92999267578125,372.989990234375,366.54998779296875,369.3500061035156,27727500
2026-06-16,369.6000061035156,376.0,367.05999755859375,373.25,24876100
2026-06-17,369.1300048828125,372.3299865722656,362.0199890136719,363.7900085449219,24543600
2026-06-18,365.75,369.4800109863281,358.6700134277344,368.0299987792969,44470100
2026-06-22,357.95001220703125,358.9200134277344,341.7200012207031,349.67999267578125,52814800
2026-06-23,340.69000244140625,349.2900085449219,340.20001220703125,346.1300048828125,34007700
2026-06-24,349.0400085449219,353.4800109863281,341.92999267578125,345.2900085449219,44997300
2026-06-25,336.7300109863281,345.57000732421875,335.8399963378906,343.7099914550781,44491400
2026-06-26,342.54998779296875,346.3599853515625,330.20001220703125,337.3900146484375,114706300
2026-06-29,341.8299865722656,354.3500061035156,340.6700134277344,353.6499938964844,34213900
2026-06-30,353.8699951171875,358.6199951171875,350.3999938964844,357.3699951171875,35237200
2026-07-01,358.3699951171875,362.9700012207031,356.42999267578125,361.2099914550781,26736400
2026-07-02,359.4800109863281,364.2099914550781,353.4200134277344,359.9100036621094,25974800
2026-07-06,361.54998779296875,367.92999267578125,357.3800048828125,366.4599914550781,26915800
2026-07-07,369.07000732421875,373.1600036621094,365.5,367.0299987792969,24045600
2026-07-08,364.760009765625,367.8399963378906,358.0199890136719,361.9200134277344,22094800
2026-07-09,354.30999755859375,359.6499938964844,351.0799865722656,358.8900146484375,24729100
2026-07-10,357.5299987792969,357.82000732421875,352.75,357.17999267578125,18146100
2026-07-13,356.19000244140625,358.1300048828125,351.75,352.510009765625,15901700
2026-07-14,351.20001220703125,360.1600036621094,351.0899963378906,359.510009765625,18259400
2026-07-15,357.9700012207031,373.6499938964844,357.760009765625,370.9200134277344,28284600
2026-07-16,373.05999755859375,375.2699890136719,352.29998779296875,354.4599914550781,41158500
2026-07-17,346.0,348.5199890136719,341.3599853515625,346.7699890136719,29959300
2026-07-20,350.8800048828125,359.67999267578125,350.5199890136719,351.989990234375,24736600
2026-07-21,351.32000732421875,351.32000732421875,347.0,347.1499938964844,23369800
2026-07-22,348.1600036621094,349.94000244140625,341.7300109863281,342.0899963378906,39334100
2026-07-23,321.1300048828125,324.489990234375,314.8999938964844,317.69000244140625,69419700
2026-07-24,318.4200134277344,324.17999267578125,317.32000732421875,319.739990234375,31806600
2026-07-27,325.0400085449219,330.4200134277344,324.45001220703125,326.55999755859375,28471600
2026-07-28,327.8999938964844,335.8800048828125,324.44000244140625,333.7099914550781,29511900
2026-07-29,334.6700134277344,342.5,331.6199951171875,336.7099914550781,27501600
2026-07-30,334.20001220703125,336.510009765625,330.3399963378906,333.6600036621094,30050100
2026-07-31,341.5,353.69000244140625,340.0,349.7398986816406,17043733
