date,open,high,low,close,volume
2021-08-02,1417.4642058801662,1423.8223478971256,1410.278682485059,1421.0352783203125,5553389
2021-08-03,1434.4918563493748,1444.6387082912352,1424.5627475551084,1441.6337890625,5513668
2021-08-04,1453.7401991220645,1463.146744783546,1427.5675389174712,1436.451416015625,6740391
2021-08-05,1436.6692958051754,1451.0403436262031,1434.5354554748603,1440.19677734375,5420536
2021-08-06,1443.201464252009,1446.380535210929,1431.8788215028985,1437.27880859375,3754855
2021-08-09,1446.6853193592076,1452.3030494440573,1433.9691421507919,1448.6885986328125,5018477
2021-08-10,1452.7822488331904,1463.2339196881055,1446.7290319910098,1460.8387451171875,6846517
2021-08-11,1458.7048011852285,1466.7177057432823,1452.7821455937024,1461.0999755859375,4899639
2021-08-12,1462.4934728122273,1477.6048241977232,1458.0079432401938,1471.5950927734375,5659579
2021-08-13,1478.0405554063918,1500.2503575058986,1473.076053935639,1491.279296875,5612790
2021-08-16,1487.359618942514,1498.0290315167445,1472.0305249977998,1484.4854736328125,4564109
2021-08-17,1484.0499890055655,1523.2437495245933,1468.9386381583163,1516.92919921875,9510390
2021-08-18,1505.9116898779487,1528.9924647661878,1504.1697446033645,1509.7874755859375,6686090
2021-08-20,1494.6756989751916,1519.846822339808,1494.6756989751916,1509.3515625,6206972
2021-08-23,1511.7906467286912,1526.9455907943864,1508.524499573149,1514.403564453125,6189051
2021-08-24,1524.202105907108,1530.2989143307364,1491.7147842075274,1498.813232421875,7602939
2021-08-25,1496.3307234273852,1521.5018494102508,1496.3307234273852,1511.6163330078125,6153253
2021-08-26,1510.2664667041324,1520.718137753988,1498.072850479301,1504.779296875,5302248
2021-08-27,1502.427583260766,1504.7791665153063,1485.1822849945138,1488.31787109375,6698514
2021-08-30,1483.3098187310713,1496.8969690174113,1472.2919948958422,1478.9549560546875,6559667
2021-08-31,1480.7840546962734,1493.7179762587919,1468.3291042613178,1486.2711181640625,12255438
2021-09-01,1488.927299134583,1488.927299134583,1457.26747405545,1461.27392578125,7801974
2021-09-02,1460.9257408190936,1475.688788882233,1448.1224872534362,1471.15966796875,6830050
2021-09-03,1477.212786491816,1485.835328224775,1467.0659367338824,1481.21923828125,5339139
2021-09-06,1485.1389236872342,1508.5245163164989,1480.0872401693016,1507.1309814453125,4876026
2021-09-07,1506.7823763845429,1511.0501627608223,1484.13709211518,1486.4451904296875,3520341
2021-09-08,1481.3937848238409,1481.3937848238409,1465.8033533949595,1474.7744140625,4584896
2021-09-09,1468.372535490299,1476.2112878647204,1465.1063886676236,1473.3370361328125,3331674
2021-09-13,1465.8467121859994,1481.9597033775865,1459.0530841826737,1473.598388671875,4662374
2021-09-14,1477.1255533534795,1477.1255533534795,1462.0142039470077,1468.590087890625,4945167
2021-09-15,1474.7743181658348,1493.8050477371864,1472.1178092741352,1490.6259765625,4062344
2021-09-16,1493.891966210481,1497.4194473085083,1473.2063696575788,1482.6129150390625,3246568
2021-09-17,1478.0405512615182,1496.3309764686437,1467.1098022407282,1473.0760498046875,7454864
2021-09-20,1467.5885506094764,1487.3595823241576,1461.4481524246728,1470.07080078125,5660743
2021-09-21,1480.6532560868934,1503.9517705576725,1467.2838494209095,1496.72265625,4672222
2021-09-22,1495.4596345711595,1514.533951698331,1492.0193360644232,1495.37255859375,4553892
2021-09-23,1508.5244539217945,1519.8470970516926,1499.030831879671,1517.7132568359375,3826090
2021-09-24,1531.1698461513333,1557.2990244133016,1526.3359056449099,1536.2650146484375,8280446
2021-09-27,1540.5323596964495,1540.7501027861592,1496.4175884572815,1499.0740966796875,5045337
2021-09-28,1489.3630166815442,1489.3630166815442,1458.878978328413,1469.417724609375,6557197
2021-09-29,1445.1611060324121,1481.872617800693,1441.4594729447897,1473.9031982421875,7792548
2021-09-30,1483.2661787983272,1483.2661787983272,1454.6111620660795,1459.0531005859375,6914031
2021-10-01,1450.2563356034423,1462.3192838563787,1446.9031126334762,1450.2999267578125,5733906
2021-10-04,1456.7016848793514,1470.2017602848102,1450.517800635024,1462.145263671875,2947154
2021-10-05,1455.3952012552013,1483.2227330420862,1448.4274205190902,1474.3824462890625,4373310
2021-10-06,1482.4821661210055,1488.4918972098776,1454.5239721126366,1457.615966796875,4271698
2021-10-07,1469.330441448408,1484.3111242274608,1460.3158983561343,1472.8143310546875,5476108
2021-10-08,1485.22571554193,1508.0887415105421,1479.2595757436197,1501.42578125,4738376
2021-10-11,1464.975834271688,1506.7825168192749,1449.036994022464,1472.77099609375,8840633
2021-10-12,1460.6209130640477,1471.072583282753,1447.5563252906663,1467.7193603515625,7439300
2021-10-13,1477.1256310763652,1492.5419066804288,1463.2772546739036,1488.666015625,7104171
2021-10-14,1527.6857924741366,1553.4665576738048,1479.085483572147,1494.37109375,19655776
2021-10-18,1515.4922131177411,1566.8795927579404,1515.4922131177411,1560.9134521484375,13438109
2021-10-19,1579.944155219386,1597.799091923905,1552.3343687944996,1587.0426025390625,10324260
2021-10-20,1593.3570895202022,1609.5571565198998,1562.5682333583247,1569.7972412109375,5876115
2021-10-21,1579.9441517799685,1579.9441517799685,1521.4583257794832,1527.3809814453125,8779629
2021-10-22,1524.1149349651396,1535.6988064564907,1486.7501901182247,1497.898681640625,7369809
2021-10-25,1499.858350257659,1506.564796489911,1469.5048712675496,1487.229248046875,5905209
2021-10-26,1502.6062654350915,1517.1485436893581,1490.1727607226414,1497.0264892578125,5871709
2021-10-27,1501.7713769207796,1523.782638320306,1494.785823536902,1519.21337890625,5090259
2021-10-28,1510.7781326616437,1515.5230879740864,1486.789920282188,1497.202392578125,5329972
2021-10-29,1492.8966047069405,1504.8467856229756,1459.5503108556832,1465.4375,5875091
2021-11-01,1474.0048022483252,1500.1018935472132,1472.6867651673283,1493.8193359375,3636806
2021-11-02,1489.3819492239559,1499.4429230262488,1481.7812470277015,1491.93017578125,3471772
2021-11-03,1501.6835397594302,1509.1084388738689,1492.896626127134,1495.9720458984375,3530713
2021-11-04,1506.955720487767,1508.713103252184,1498.1688066656807,1501.419921875,483407
2021-11-08,1520.1360112691098,1529.8016159650406,1496.4113451972798,1526.7261962890625,5245903
2021-11-09,1524.3100142140984,1537.710059014078,1516.621463919028,1531.119873046875,4016134
2021-11-10,1516.6214263051052,1538.544734840755,1513.0626830662195,1529.054931640625,4780368
2021-11-11,1522.7282608636551,1528.703405453859,1501.6836441561402,1523.035888671875,4731349
2021-11-12,1531.559300788472,1566.575135983444,1527.2098207220727,1564.24658203125,5069009
2021-11-15,1565.9158372510615,1581.6444339073435,1560.1164957791602,1570.353271484375,4354074
2021-11-16,1572.8576289550256,1589.508788323187,1561.4346405883132,1574.878662109375,6034233
2021-11-17,1575.0982330141132,1583.4018234229952,1564.6856546363958,1570.6168212890625,4732492
2021-11-18,1565.4764129337543,1572.374118249365,1545.6180108247017,1563.5433349609375,4326924
2021-11-22,1567.5855143323686,1568.815703789317,1538.7205222501445,1545.9697265625,6621839
2021-11-23,1524.6172873290966,1535.2934083156665,1502.5621566574846,1526.198974609375,8436160
2021-11-24,1528.9230418655106,1529.3623875671963,1483.2310888902196,1490.2606201171875,7333061
2021-11-25,1493.7753000534872,1516.7969705965193,1491.0952485220696,1513.4580078125,4476260
2021-11-26,1496.0161123736239,1509.8993723813282,1479.716343711144,1486.4383544921875,4494181
2021-11-29,1485.867016073617,1504.3195337185286,1466.667632262169,1490.5679931640625,3942776
2021-11-30,1497.7733686584895,1520.0481727071376,1493.819257622796,1504.8907470703125,14808963
2021-12-01,1506.9558896878457,1530.5927119756113,1505.1985067261105,1506.8680419921875,5193264
2021-12-02,1506.9556323902027,1538.1491746350146,1503.7483875802125,1536.172119140625,5559574
2021-12-03,1556.2503551294296,1569.914049638286,1522.3768651886874,1525.012939453125,6754012
2021-12-06,1520.1360551467185,1523.6068431192248,1486.3064377344938,1489.6455078125,3991449
2021-12-07,1494.741848225563,1515.6547454589877,1488.5031610337503,1504.0120849609375,4202122
2021-12-08,1522.7723363402492,1546.3213109323074,1522.4208382954744,1540.6536865234375,3029169
2021-12-09,1545.6181864523098,1554.7565985466379,1530.680432518433,1549.5283203125,2082171
2021-12-10,1546.496909194259,1549.7920020405534,1534.1952292347592,1545.837890625,1823469
2021-12-13,1552.691619157812,1556.4699276693766,1527.8685881008832,1533.0089111328125,4040584
2021-12-14,1520.9269292908916,1549.1329011030184,1502.8697785484514,1539.59912109375,4768144
2021-12-15,1533.3164478312353,1535.9085444800232,1512.4035502224383,1523.8265380859375,3053149
2021-12-16,1548.8254519662987,1561.9618457823942,1544.7395154133753,1556.689697265625,4481031
2021-12-17,1599.2180996987008,1618.5493074972565,1587.5754404563888,1599.9649658203125,18887243
2021-12-20,1583.1382500746142,1607.6977390246545,1570.4851797435072,1580.677978515625,5773891
2021-12-21,1582.523173111217,1615.0347541246067,1582.523173111217,1591.8372802734375,5353584
2021-12-22,1603.6116727640501,1607.258263225774,1592.4962060182195,1603.3480224609375,4156428
2021-12-23,1609.1035837520574,1635.771845585297,1605.3691454006876,1632.257080078125,4112933
2021-12-24,1645.7451196749826,1648.2054986567352,1629.0939594879846,1637.4415283203125,3780347
2021-12-27,1634.3660458305121,1647.1070714566104,1621.2296519691486,1639.77001953125,2647733
2021-12-28,1652.5548702377228,1665.9110438520706,1650.5339443784728,1658.9693603515625,3340933
2021-12-29,1655.0152900742216,1664.0658546078334,1648.7766024427483,1656.816650390625,3236635
2021-12-30,1655.8940269931556,1678.124963441618,1646.9752873799528,1663.2310791015625,4584738
2021-12-31,1660.7268115874554,1668.0638636147924,1644.6028452130947,1658.749755859375,4619420
2022-01-03,1658.749899209766,1681.8595288444444,1658.749899209766,1668.15185546875,3329616
2022-01-04,1668.1518193720126,1675.3571539606305,1650.1826212731244,1668.7669677734375,3921999
2022-01-05,1669.5138489401327,1672.062075740944,1616.7923589736022,1620.8782958984375,6995719
2022-01-06,1606.2478877431283,1606.2478877431283,1581.6445284122708,1597.2852783203125,6449205
2022-01-07,1595.2202481604722,1613.2773992100788,1587.619653412898,1594.2098388671875,4834389
2022-01-10,1594.8248209393573,1643.0649981325935,1593.0674382165591,1626.238037109375,7857560
2022-01-11,1629.9725624667992,1643.1529335918676,1625.7109305887875,1630.499755859375,5142287
2022-01-12,1642.1865927294134,1659.848270716583,1634.3662167987532,1649.6993408203125,5362535
2022-01-13,1673.9071309319909,1680.497316486841,1639.9456865869017,1666.701904296875,14277630
2022-01-14,1653.6970874523536,1698.510345401381,1652.8183961200198,1695.3031005859375,7688506
2022-01-17,1703.387453946787,1716.8753470487895,1696.3139444514936,1704.22216796875,5262464
2022-01-18,1688.9329161779824,1709.0549730457055,1679.574830220187,1687.7467041015625,3690315
2022-01-19,1683.572566076713,1683.572566076713,1636.8701010507093,1640.5606689453125,5747770
2022-01-20,1620.3069609598556,1623.8217266018507,1595.2642557606387,1602.469482421875,5533463
2022-01-21,1577.2509740263736,1588.6739615819963,1560.5558383681557,1569.0791015625,8252758
2022-01-24,1550.89025964962,1554.097504585174,1518.3786791357186,1526.1112060546875,7116712
2022-01-25,1517.1485371127924,1528.923023226851,1494.214713216816,1513.2384033203125,9137653
2022-01-27,1495.5328367763693,1502.2987179861893,1463.0212533681874,1474.971435546875,11231734
2022-01-28,1477.0800182432213,1517.9831395830604,1475.7619813441345,1481.649169921875,10998502
2022-01-31,1509.591843604878,1537.2706230423364,1507.2632899140617,1525.583984375,8788872
2022-02-01,1551.8568050061044,1564.0706364850143,1524.2658745729877,1557.0850830078125,5119935
2022-02-02,1571.9789834277135,1575.3180537987653,1557.0412289736769,1570.3094482421875,4253717
2022-02-03,1563.191948829261,1563.191948829261,1523.6508371388077,1527.64892578125,3832922
2022-02-04,1521.8934563342548,1541.180689045186,1502.694071308099,1529.8895263671875,4700077
2022-02-07,1513.2824685548035,1521.8936882174746,1489.733600553992,1506.9559326171875,4310209
2022-02-08,1502.5621948686542,1515.742564999081,1490.2605160802557,1508.9766845703125,6053401
2022-02-09,1524.529382175135,1531.5589124675853,1515.7424693095722,1526.5504150390625,3867244
2022-02-10,1542.6746701881318,1558.7107891978585,1536.6116777128484,1554.932373046875,4334630
2022-02-11,1528.9230162412698,1534.1511870988509,1505.1983487478708,1512.535400390625,7551371
2022-02-14,1484.9884794415796,1510.0751620435087,1474.6638553981247,1478.1346435546875,7459637
2022-02-15,1492.8967373992116,1534.8542531207022,1485.3838827787808,1527.3853759765625,4669915
2022-02-16,1527.3853683173847,1542.4988179107663,1517.3682646277543,1523.035888671875,5350642
2022-02-17,1532.4378490996394,1536.8313062358195,1511.6129051790003,1515.5670166015625,3937950
2022-02-18,1502.5622537515017,1513.5458959572875,1496.850759804493,1499.8822021484375,5602215
2022-02-21,1494.6541280390445,1526.5506699725988,1486.3065594227182,1520.751220703125,5120890
2022-02-22,1493.687498875911,1538.5886069583632,1485.911101612414,1523.9583740234375,8878515
2022-02-23,1537.7100334675147,1544.9592379110045,1523.1237768881938,1531.4273681640625,5478811
2022-02-24,1485.0762465850694,1506.9117054360172,1467.8539173756792,1474.575927734375,13592379
2022-02-25,1506.9557211653544,1518.5105342990194,1473.5654486264136,1489.0303955078125,9737281
2022-02-28,1478.1347163040493,1518.4228051512885,1463.0212662482625,1507.4830322265625,15076542
2022-03-02,1502.5623753614689,1506.428639183248,1485.8672378574524,1496.23583984375,6771489
2022-03-03,1511.5251425237668,1523.5632809656825,1498.65239728679,1512.0963134765625,7344147
2022-03-04,1489.601685282867,1525.4083619826322,1477.0803320811085,1514.2490234375,9074499
2022-03-07,1491.1391153952286,1538.588444936385,1490.2604241074296,1528.791015625,9742588
2022-03-08,1509.9872022162124,1581.644529208251,1509.9872022162124,1562.489013671875,10984500
2022-03-09,1573.7362690166242,1609.411117760778,1573.7362690166242,1593.375,10193515
2022-03-10,1620.9657753697693,1620.9657753697693,1590.6069480556373,1604.4024658203125,6547182
2022-03-11,1593.9464199765455,1609.2356739028405,1591.3103454120858,1600.9759521484375,4758657
2022-03-14,1609.367286068122,1665.1202128221414,1609.367286068122,1661.341796875,10289724
2022-03-15,1659.27699787109,1659.27699787109,1608.0053726067936,1616.17724609375,7140443
2022-03-16,1638.7594929307566,1664.1975665515567,1624.7004302568198,1660.1995849609375,5233979
2022-03-17,1689.9870057610751,1689.9870057610751,1610.6851166133736,1629.620849609375,17731459
2022-03-21,1635.2447090569246,1658.0028379594185,1617.7587285984619,1628.2591552734375,8362085
2022-03-22,1625.579059476518,1660.7267148165508,1615.9134542580089,1658.442138671875,5709382
2022-03-23,1666.877628359794,1669.5137026271,1631.7299714623814,1645.2618408203125,6192824
2022-03-24,1630.9831884689734,1664.7688324815458,1630.9831884689734,1657.8271484375,3784303
2022-03-25,1662.4840638904113,1664.2414466217965,1632.6085574568626,1648.9083251953125,3438588
2022-03-28,1639.6380289243905,1652.7305512508635,1627.9075210702022,1646.5797119140625,4008555
2022-03-29,1646.5800125748235,1660.1997307360898,1634.8495025786779,1657.212158203125,3917785
2022-03-30,1678.300378184282,1686.20859986159,1665.1200087221018,1672.9842529296875,7795839
2022-03-31,1669.5135784299448,1680.9365660718338,1664.4171256540967,1675.5325927734375,5399145
2022-04-01,1657.9589669091613,1678.564346091196,1650.4462192514522,1672.6331787109375,6171518
2022-04-04,1660.5070045294929,1663.362751461479,1645.788924187718,1654.5318603515625,7364074
2022-04-05,1655.2790019404306,1660.3753480101589,1631.8618532673324,1635.3326416015625,5472024
2022-04-06,1629.9725526181892,1632.169281125761,1601.107561481124,1606.9947509765625,5407453
2022-04-07,1600.1410724456011,1606.3797601498356,1588.2787381336382,1591.3101806640625,5797544
2022-04-08,1601.854417864324,1615.0347888286492,1588.6740468999988,1594.473388671875,5131446
2022-04-11,1593.946182924903,1593.946182924903,1548.7375537727073,1552.2523193359375,8248407
2022-04-12,1544.3002774245751,1544.3002774245751,1518.1592058721535,1531.075927734375,6456184
2022-04-13,1542.0594523193558,1544.3001583273306,1521.8935272961232,1536.4359130859375,6257693
2022-04-18,1410.7391117521547,1449.8408809660887,1397.1193943855035,1424.7103271484375,30523965
2022-04-19,1438.1104547442073,1438.1104547442073,1361.9718153559138,1372.51611328125,17044923
2022-04-20,1383.9389289365774,1402.6550983089535,1373.3946323351558,1395.0982666015625,10678747
2022-04-21,1401.5127612789481,1429.8065810155888,1396.4602858072528,1422.4256591796875,7766514
2022-04-22,1409.7286280030771,1415.3082973438313,1390.4413932842554,1393.121337890625,8134245
2022-04-25,1382.0059741881291,1382.0059741881291,1365.5743794932316,1371.7252197265625,7000570
2022-04-26,1385.8721112277144,1398.8767875849937,1376.5141331003783,1389.211181640625,5345435
2022-04-27,1381.9619804602605,1381.9619804602605,1362.279270492614,1364.43212890625,8819356
2022-04-28,1379.5454535287045,1407.4878820528004,1368.5178339093395,1390.616943359375,9245177
2022-04-29,1397.1192785504973,1403.5337684574995,1371.4615334467492,1377.3927001953125,9831395
2022-05-02,1362.7626659168216,1364.3882237359503,1345.2766836514184,1354.0635986328125,7072627
2022-05-04,1359.5553049527848,1379.545534836563,1344.5297030639988,1349.274658203125,6220959
2022-05-05,1370.8026539111372,1396.592226787759,1368.5179703073688,1392.8577880859375,6144870
2022-05-06,1361.9716296199067,1372.3841009487683,1348.8352364842315,1355.68896484375,6171472
2022-05-09,1353.1848843470543,1394.3076886723288,1337.500262821824,1379.8531494140625,6832202
2022-05-10,1369.0012452272317,1378.7986761047448,1358.5009255643938,1364.6077880859375,6212545
2022-05-11,1361.927588201104,1361.927588201104,1328.2297970447912,1341.5419921875,7846080
2022-05-12,1330.3388057853947,1342.201139918884,1321.8155419424827,1325.7696533203125,7034979
2022-05-13,1334.9959664754047,1343.7389035215306,1316.3676433280884,1321.9034423828125,6723761
2022-05-16,1326.8238986312238,1328.449456127453,1299.276947088888,1308.459228515625,6145331
2022-05-17,1313.555783441477,1340.0043728900273,1301.2541039526504,1334.2489013671875,6516378
2022-05-18,1337.3682641118933,1361.70797213733,1322.694161149026,1326.1209716796875,6594126
2022-05-19,1301.3419230322806,1304.5930382065774,1245.676846021442,1254.0244140625,16561140
2022-05-20,1276.7385996614764,1288.8206063685275,1271.2028009563014,1278.6278076171875,10488908
2022-05-23,1278.5838689742561,1307.4928382619098,1274.1465416425442,1290.2705078125,5887569
2022-05-24,1290.446197671662,1291.2810188777573,1261.1418602736273,1266.1943359375,5693167
2022-05-25,1260.9221361098096,1267.5123214901744,1229.5089191300704,1239.3502197265625,9630092
2022-05-26,1245.9844752652336,1256.5287726581694,1236.3628467990359,1251.212646484375,13040065
2022-05-27,1268.7864314520264,1289.040311563104,1263.0310670153488,1284.07568359375,8284860
2022-05-30,1306.614218168776,1344.397951444672,1304.856835225711,1341.586181640625,10904213
2022-05-31,1341.49726302402,1347.9796856356543,1321.4729921530693,1335.1925048828125,16033857
2022-06-01,1343.539700941573,1345.0936959690998,1307.220595475762,1312.9482421875,8738508
2022-06-02,1317.787679252321,1344.2943706627866,1310.3284820297667,1339.099609375,7205840
2022-06-03,1354.1066701358748,1380.8353586133414,1347.9794690514807,1351.2650146484375,9395707
2022-06-06,1346.2037716099271,1364.4964924732922,1325.7798357609638,1358.68017578125,6624883
2022-06-07,1349.6224971381034,1349.6224971381034,1334.3045457286844,1337.9453125,4904592
2022-06-08,1349.933350358208,1349.933350358208,1324.8918717447916,1331.995849609375,4697608
2022-06-09,1318.675759494895,1347.0472249005495,1315.5677694893513,1345.315673828125,4361061
2022-06-10,1319.6525958969517,1326.6233521245908,1308.5526310764772,1311.394287109375,6516436
2022-06-13,1281.9126277011962,1281.9126277011962,1253.5854977400272,1264.951904296875,6987685
2022-06-14,1252.0761087251524,1286.619223049743,1245.9933493091928,1279.2044677734375,6090247
2022-06-15,1278.8933715213977,1284.3990185434857,1259.9346552426048,1262.909423828125,4651958
2022-06-16,1276.9399223929138,1282.0459060881565,1236.0920528309707,1240.7095947265625,6641772
2022-06-17,1235.2485686561172,1240.4876655034718,1214.0254135488024,1231.9185791015625,9692047
2022-06-20,1234.360400176754,1263.0426411881947,1227.2119802322318,1255.7611083984375,4595194
2022-06-21,1264.507932381181,1292.9238409740165,1263.3979359517734,1287.507080078125,6270787
2022-06-22,1275.208372542165,1296.1206407453685,1274.2759321593971,1276.27392578125,6253366
2022-06-23,1278.5381645462396,1294.6996671000559,1272.4997413953224,1289.771240234375,6254281
2022-06-24,1294.6997999490238,1303.1357725824364,1268.8591054568187,1279.692626953125,6114340
2022-06-27,1303.6241140424631,1317.7876236462766,1301.0489009150212,1309.4404296875,4511097
2022-06-28,1304.4677073865423,1321.561651135481,1290.2597541406712,1314.368896484375,4412178
2022-06-29,1300.649368901304,1311.5717770934775,1293.8118342756918,1299.36181640625,5060038
2022-06-30,1300.960054039024,1316.0115598972436,1292.035640789804,1298.162841796875,9165177
2022-07-01,1291.1478536823045,1318.675765280758,1280.802665224558,1313.7030029296875,4651635
2022-07-04,1314.4577439626057,1325.1137094600226,1298.2517964352844,1321.3397216796875,4800224
2022-07-05,1330.9299788102953,1340.8310588787854,1307.131615281538,1310.63916015625,7379669
2022-07-06,1316.1892947506883,1331.9956869281368,1305.3557731895742,1324.5809326171875,5209162
2022-07-07,1334.7041829822008,1344.3832653678094,1328.1773170972135,1330.84130859375,3323472
2022-07-08,1345.3158344251108,1347.047385704239,1331.9514324466636,1344.827392578125,3652582
2022-07-11,1327.555545243658,1331.906752322399,1302.1588521446984,1308.15283203125,4702638
2022-07-12,1298.0741307741685,1304.1124456740424,1275.1637635297923,1277.4725341796875,4710356
2022-07-13,1287.5957856267937,1296.475756562151,1277.4725970808702,1282.6673583984375,5264025
2022-07-14,1288.4838556808252,1290.215406752036,1255.6279613595361,1268.814697265625,6157606
2022-07-15,1284.0439058847987,1284.0439058847987,1252.6532276522264,1270.146728515625,5620018
2022-07-18,1287.5958695188904,1326.3125236399783,1285.8643184329112,1323.0269775390625,5835171
2022-07-19,1306.7322778541525,1320.3185695057068,1305.4446169198009,1317.9210205078125,3418540
2022-07-20,1333.105628800247,1354.9060006770792,1331.9956324398804,1345.58203125,5079392
2022-07-21,1347.0917602580191,1363.475265334351,1334.7485774263982,1361.2109375,5008061
2022-07-22,1362.1874401216894,1367.515422286442,1325.0247862021565,1337.5899658203125,7020642
2022-07-25,1314.3245716730378,1347.224909731089,1314.3245716730378,1335.1925048828125,7859626
2022-07-26,1329.0209351127858,1329.0209351127858,1283.1558613643324,1288.6170654296875,7268273
2022-07-27,1288.483822375233,1308.019759034265,1283.1558396500427,1306.2882080078125,4517285
2022-07-28,1328.7989592318934,1353.7072142935083,1322.9825345301238,1347.4468994140625,6636841
2022-07-29,1361.122085160738,1381.457133330871,1356.859655449305,1376.129150390625,7009465
2022-08-01,1388.8275224964943,1388.8275224964943,1365.6508188965988,1377.3280029296875,2983249
2022-08-02,1373.3319367159932,1373.7314920454614,1357.1703247119033,1370.7122802734375,4374635
2022-08-03,1375.5074110110838,1394.1553487975477,1367.4266596498978,1390.692138671875,6011955
2022-08-04,1409.6954786756162,1424.214210429917,1398.5510710597634,1420.7066650390625,7402209
2022-08-05,1428.254468715417,1443.6167525535413,1422.8377084210715,1435.5804443359375,5361971
2022-08-08,1435.8913682028474,1440.3313538806547,1417.2434283560572,1438.0225830078125,3763409
2022-08-10,1439.6207698334588,1439.6207698334588,1410.2280892451997,1422.9708251953125,4423829
2022-08-11,1447.4352785059941,1448.6340529159374,1435.0033190587033,1438.5108642578125,3462090
2022-08-12,1432.6057616654232,1433.2273162748345,1412.0486071656317,1415.55615234375,3562286
2022-08-16,1428.7873514369574,1428.7873514369574,1412.8921814722432,1417.6429443359375,3004430
2022-08-17,1417.643043330634,1431.4514427285992,1407.475519060068,1426.345458984375,4067324
2022-08-18,1415.5563420168944,1419.1971089271724,1397.7076196338453,1405.6551513671875,4635706
2022-08-19,1407.741913599355,1425.1466359156411,1407.5642491319722,1418.22021484375,4739884
2022-08-22,1408.3636011768147,1419.9075651208868,1397.7076344592094,1399.1728515625,3950555
2022-08-23,1374.619613036166,1380.391594615452,1361.2996555455054,1369.6468505859375,5551574
2022-08-24,1363.0755394912346,1372.8435075266768,1359.5235511147102,1365.2955322265625,2888426
2022-08-25,1374.6194842114278,1375.2410388101719,1344.2055841247086,1348.11279296875,4331088
2022-08-26,1363.2088193983936,1371.911126256518,1347.4912051170422,1351.132080078125,3079136
2022-08-29,1304.0680862700244,1304.0680862700244,1287.595697947398,1298.0296630859375,8079050
2022-08-30,1308.108749599387,1328.532686697627,1301.8039906965078,1325.7354736328125,6725875
2022-09-01,1296.5204644343046,1303.6687774575998,1288.528488961084,1300.20556640625,8140604
2022-09-02,1312.459816939898,1312.459816939898,1285.8199018463954,1290.2598876953125,5175653
2022-09-05,1288.4837140181623,1302.6916667571634,1284.3545060737747,1297.630126953125,3669352
2022-09-06,1297.6302811685841,1305.3558130293177,1283.5554395953404,1292.1246337890625,3428442
2022-09-07,1278.7159876557116,1301.581915907194,1276.9844364483333,1294.38916015625,3600574
2022-09-08,1309.7957516157421,1315.212512366536,1299.6725627710948,1310.594970703125,4061475
2022-09-09,1321.33978765346,1349.7556970653623,1314.2358103004844,1342.3409423828125,4816910
2022-09-12,1354.9060300810474,1372.7547502634757,1350.7768218512558,1364.14111328125,5494819
2022-09-13,1378.0829005700948,1379.0596758276358,1368.6701517643487,1371.9112548828125,4947158
2022-09-14,1329.33171750544,1331.0632685678052,1307.1317890233854,1310.1510009765625,14332197
2022-09-15,1309.7956992197146,1309.9732552773253,1268.9922765591873,1272.322265625,12784100
2022-09-16,1265.3959486362396,1265.3959486362396,1215.0908880161,1222.8165283203125,20464045
2022-09-19,1236.092071374122,1248.5240318620802,1225.9688818685945,1234.58251953125,6595241
2022-09-20,1250.2557473166619,1255.2286188838889,1229.9650308188309,1233.0286865234375,7219797
2022-09-21,1225.347110268316,1233.2503054303857,1215.13514453256,1222.993896484375,7917054
2022-09-22,1213.315065870661,1228.943796370851,1207.676304803589,1214.73583984375,9168498
2022-09-23,1214.3360624565184,1238.5784272088517,1209.4520782930736,1212.515625,10426200
2022-09-26,1207.6760182711466,1242.7074594125004,1203.2360329098556,1225.657958984375,9414587
2022-09-27,1237.3794973619085,1248.967902705002,1223.6599857287542,1237.4683837890625,8561254
2022-09-28,1224.5478702593925,1248.390568171123,1222.7718762488641,1238.4893798828125,7022098
2022-09-29,1247.547174377518,1251.9427167580907,1236.9799869799815,1241.9971923828125,6119965
2022-09-30,1233.3837161802428,1260.334518980672,1221.8841953463611,1255.1396484375,8120130
2022-10-03,1253.8518199971973,1253.8518199971973,1230.7638969660875,1237.6458740234375,4943169
2022-10-04,1260.689463513092,1271.8338706895042,1255.6279233059583,1269.3031005859375,6631341
2022-10-06,1283.1558746803535,1296.2982757871803,1282.3566555701389,1292.1690673828125,6180672
2022-10-07,1284.3544909391683,1294.5664568499894,1278.8489526769124,1288.6612548828125,3994466
2022-10-10,1266.5947604561948,1300.915873263201,1266.5947604561948,1298.8291015625,5274677
2022-10-11,1298.8288627361512,1313.9248120732866,1261.0445461830916,1264.3302001953125,12824774
2022-10-12,1276.052061234237,1279.6928283166628,1255.2285688690922,1268.681640625,5481467
2022-10-13,1270.7239342833766,1276.8954711779975,1256.515979742123,1260.8671875,4821514
2022-10-14,1318.6757298301836,1326.6677039503666,1302.913780870934,1309.1297607421875,14990688
2022-10-17,1311.4829914797187,1327.55571795731,1310.2397738100408,1323.0712890625,4286396
2022-10-18,1340.8755527341007,1341.7191065769207,1329.553590285518,1335.2811279296875,4692004
2022-10-19,1335.54770780305,1336.3912617326525,1315.3902159447794,1319.0753173828125,3553171
2022-10-20,1309.7957743941563,1335.5476913144482,1309.085333326775,1332.794921875,4583939
2022-10-21,1332.2621411983666,1337.3236814941895,1324.314501823941,1332.439697265625,3594485
2022-10-24,1348.423899611934,1351.3543340602253,1341.7639198640977,1347.8466796875,982837
2022-10-25,1356.9485497066773,1361.2109797831833,1350.6882342545528,1355.3502197265625,3914341
2022-10-27,1374.201712053986,1377.8822668553057,1357.7737282362873,1368.0523681640625,6760137
2022-10-28,1369.892717518689,1371.6431919026134,1352.8363861734367,1358.447021484375,3053981
2022-10-31,1373.7079380791174,1388.205841518274,1373.7079380791174,1380.3509521484375,4542336
2022-11-01,1394.1756124417263,1413.8801201240165,1388.8342217938466,1412.084716796875,4542692
2022-11-02,1411.1868779880033,1411.8601541702496,1386.9489354271407,1394.39990234375,2938906
2022-11-03,1381.3384738631173,1385.9616594777258,1365.9877968987141,1374.1568603515625,3174027
2022-11-04,1364.9104934069014,1364.9104934069014,1347.5849165055247,1359.120361328125,4509682
2022-11-07,1365.7633606565107,1371.598421588422,1338.5629558638961,1353.2403564453125,4898592
2022-11-09,1372.5856991457824,1372.5856991457824,1347.5398034514983,1356.6065673828125,3334755
2022-11-10,1333.0870997451718,1357.3250470132657,1333.0870997451718,1348.3031005859375,3435763
2022-11-11,1388.430263614367,1412.5335307351531,1388.430263614367,1409.4813232421875,7214098
2022-11-14,1414.014771210018,1428.602422973989,1408.0001044253945,1423.12646484375,4908813
2022-11-15,1416.438498094257,1434.3925307337452,1411.8602416877316,1430.9364013671875,3497614
2022-11-16,1433.7642672771042,1444.4020103215976,1430.4876342122222,1438.8363037109375,4497697
2022-11-17,1433.8091297730527,1438.8363470236297,1421.0168803841925,1425.01171875,3469515
2022-11-18,1428.8716685979427,1434.5272328106976,1414.3289457404594,1430.3978271484375,3126064
2022-11-21,1420.2538323357628,1425.4156170914362,1404.0503824610678,1407.7757568359375,3071764
2022-11-22,1408.4939437323687,1425.5502757469735,1402.2100319375143,1422.902099609375,3399329
2022-11-23,1426.3581957002846,1429.1410489418556,1417.7402816433105,1421.1964111328125,3245067
2022-11-24,1426.4479469523692,1468.639925244856,1422.6327148727294,1463.07421875,5282215
2022-11-25,1464.5104516907584,1475.8214702395546,1448.710925020796,1468.32568359375,4563255
2022-11-28,1461.4582630298628,1484.34965474194,1454.276649943721,1457.328857421875,3825766
2022-11-29,1455.3539549520883,1471.1086636498967,1449.8331771528563,1462.4010009765625,3131710
2022-11-30,1454.2317409044451,1477.3924872568878,1448.1274354474258,1467.697265625,11868134
2022-12-01,1486.7734674759286,1501.49579683449,1483.272518616262,1487.5814208984375,5407928
2022-12-02,1486.5939592971272,1491.8006727944214,1466.799593723397,1470.3455810546875,4283343
2022-12-05,1470.4352477571372,1476.5844819133267,1457.2390778283009,1472.0062255859375,3824966
2022-12-06,1458.765244692734,1459.6629463817758,1443.100394052047,1447.903076171875,4822398
2022-12-07,1443.5043861676659,1457.6881173772813,1433.3603127551614,1441.2601318359375,4898087
2022-12-08,1441.259904655338,1457.7776358497745,1434.975993517009,1454.4112548828125,4206837
2022-12-09,1461.4583510232733,1461.4583510232733,1401.4020860579217,1408.7633056640625,8880658
2022-12-12,1391.4374363592497,1405.7557325970877,1373.528333834033,1388.923828125,8037679
2022-12-13,1388.924053738368,1416.1244596167126,1383.4930240961316,1411.32177734375,6135067
2022-12-14,1420.1642028852773,1425.9992644015567,1412.0848869396593,1417.8302001953125,4976020
2022-12-15,1408.7631514270713,1409.3914987080593,1378.19636840226,1382.9093017578125,6443866
2022-12-16,1368.9950538345975,1390.9887448634156,1357.369860981026,1366.4814453125,9630453
2022-12-19,1353.689233868756,1361.7237298285659,1342.1089696118938,1353.150634765625,6222740
2022-12-20,1347.4502703396117,1360.9157960258838,1330.797859741164,1353.1058349609375,7396259
2022-12-21,1360.0179181471094,1365.4041277239296,1348.6619710394373,1355.12548828125,6236361
2022-12-22,1365.8531440573202,1373.4386796309227,1357.100552434212,1366.346923828125,6302640
2022-12-23,1354.3624137356346,1355.4397214479377,1340.268541890437,1343.9490966796875,6283822
2022-12-26,1347.0012542188153,1355.4396711967759,1343.2757706528168,1348.7069091796875,4115459
2022-12-27,1355.4845408502367,1365.808109659706,1344.3081993200292,1359.88330078125,4860076
2022-12-28,1351.1307473515324,1368.9501033965662,1345.2059383085596,1355.6641845703125,5029860
2022-12-29,1350.1434701575076,1365.673754704515,1347.4503648313955,1362.307373046875,4624745
2022-12-30,1371.6881105842783,1373.8426164441485,1350.188200066258,1353.91357421875,5060544
2023-01-02,1359.1203949695496,1370.3416663943312,1350.188306748515,1368.097412109375,3801140
2023-01-03,1364.3717941574034,1375.862418801588,1360.107711434535,1366.795654296875,4551130
2023-01-04,1365.4041375693505,1365.4041375693505,1338.5628377347775,1341.8843994140625,7059590
2023-01-05,1351.8490596942972,1351.8490596942972,1318.948269310685,1324.28955078125,9868404
2023-01-06,1319.6213856737572,1324.109893788294,1298.5253975354353,1300.32080078125,6443714
2023-01-09,1300.0515746789345,1336.9920220213673,1300.0515746789345,1332.59326171875,11498717
2023-01-10,1330.3939407278556,1332.0995959017448,1305.3032216437111,1319.3970947265625,7158624
2023-01-11,1319.621525196474,1341.1663664241717,1314.2353148895497,1320.74365234375,6173092
2023-01-12,1330.348960311909,1333.0869942679058,1306.1559438786553,1329.1370849609375,6591385
2023-01-13,1331.7405119183861,1363.9680258321482,1317.8261351507858,1349.8292236328125,11610426
2023-01-16,1355.5294722785563,1371.6881017494266,1348.6172135046606,1369.44384765625,6073063
2023-01-17,1370.790568972145,1384.4355917064236,1368.0974637285847,1382.0118408203125,5922644
2023-01-18,1386.7246995181722,1393.0983596644714,1382.1015138518171,1387.3082275390625,5843098
2023-01-19,1382.3707240663339,1391.0335664749514,1370.0273269921345,1381.4730224609375,6165284
2023-01-20,1380.665111024728,1386.9490224533192,1368.097288167546,1369.48876953125,6496429
2023-01-23,1377.9720899793838,1394.4000746897525,1371.777926420586,1389.6422119140625,4855020
2023-01-24,1400.4145497993616,1408.3143680159328,1391.213108045872,1393.1431884765625,5200802
2023-01-25,1388.744493228618,1396.8238083152746,1381.338454399183,1385.1536865234375,4158617
2023-01-27,1387.8467984858346,1392.2903779726057,1353.1955355242728,1363.7435302734375,6209955
2023-01-30,1372.4062845546568,1386.0513053859913,1364.5064664421677,1381.38330078125,6964719
2023-01-31,1390.4500549143277,1390.4500549143277,1358.2225449839548,1376.849853515625,9448126
2023-02-01,1384.4354819888624,1395.9710362007636,1371.7330909295972,1392.425048828125,6194199
2023-02-02,1393.2329580209157,1424.607586792744,1393.2329580209157,1421.7349853515625,6916834
2023-02-03,1434.0784025458154,1440.4969913344742,1412.084711865144,1435.7840576171875,7040194
2023-02-06,1434.527157913661,1434.527157913661,1401.8507977317506,1409.2568359375,4570612
2023-02-07,1408.494023406654,1414.822864476851,1396.0159473630506,1402.5692138671875,4336238
2023-02-08,1405.3520131355485,1439.0158269283195,1405.3520131355485,1427.7945556640625,7983338
2023-02-09,1432.9114998664174,1454.0524200647055,1423.7999147042935,1451.583740234375,6904911
2023-02-10,1447.9478465069383,1450.955234729636,1433.1357691390035,1443.998046875,4786762
2023-02-13,1433.6295447624907,1433.6295447624907,1405.8007934239577,1407.1024169921875,4001199
2023-02-14,1422.5879119088431,1432.7319854635768,1416.7080312269122,1430.2633056640625,5043736
2023-02-15,1421.9595093920875,1435.4250350492096,1414.7778957082892,1433.674560546875,3465747
2023-02-16,1436.3226917714796,1449.2944372484508,1434.3926112378667,1437.9385986328125,4290289
2023-02-17,1430.9364201598676,1431.8341218036317,1414.328939750233,1421.7799072265625,2857734
2023-02-20,1422.8122811217777,1439.0158408168427,1420.6129557658476,1429.5450439453125,2417716
2023-02-21,1435.1557517361134,1437.8040376627282,1414.7779657328267,1417.919921875,2723288
2023-02-22,1403.1075935891906,1413.8800127338295,1396.1953351378,1402.0303955078125,3656244
2023-02-23,1409.256926645148,1409.256926645148,1389.7768444892642,1392.06591796875,4766854
2023-02-24,1400.4147296784008,1408.4940454265454,1386.949203431493,1392.021240234375,2790986
2023-02-27,1382.4605194389667,1382.4605194389667,1348.3478572709923,1354.901123046875,4920268
2023-02-28,1360.5566878842833,1368.0974041544362,1329.7655850233577,1335.376220703125,9679811
2023-03-01,1339.7302024162723,1347.315738873462,1329.94523077616,1343.0068359375,5125043
2023-03-02,1333.086834889281,1336.3185386330763,1317.1975608923722,1321.5513916015625,4644499
2023-03-03,1334.6579262232572,1337.3959600849184,1322.3145285534606,1327.9700927734375,4615015
2023-03-06,1341.6600924158531,1364.8656589746784,1340.4032881447426,1353.2403564453125,6561742
2023-03-08,1338.0692966126087,1342.961726985448,1329.585949900398,1339.999267578125,4137080
2023-03-09,1342.0638181835122,1345.0710964615623,1323.7506846342324,1328.9573974609375,5104656
2023-03-10,1310.6443201947616,1323.4814967530424,1308.5347433767442,1321.0128173828125,3699580
2023-03-13,1314.4147222773474,1327.0724033065608,1281.9179661287412,1288.2916259765625,8798403
2023-03-14,1293.5880625550176,1300.1861476889799,1266.657013369278,1274.736328125,7402784
2023-03-15,1290.8950455008883,1295.2488768323813,1271.9086326160925,1274.4222412109375,7556182
2023-03-16,1272.7614692311392,1272.7614692311392,1255.615279699322,1260.462890625,7323117
2023-03-17,1283.7134156369266,1295.2937893448818,1267.016186133299,1275.36474609375,9090018
2023-03-20,1274.4670058884406,1274.4670058884406,1243.1821248798633,1260.0589599609375,8221829
2023-03-21,1255.8845609971513,1261.2707706940655,1247.80524645178,1248.43359375,8536755
2023-03-22,1259.4753551088436,1263.2905869400715,1240.758298512187,1247.1319580078125,8356487
2023-03-23,1242.3739755725935,1242.3739755725935,1229.8510831935948,1233.9356689453125,7607718
2023-03-24,1246.0098280458892,1255.8396167899662,1236.583961191075,1239.4117431640625,7559127
2023-03-27,1244.4389202610448,1252.9670859905164,1233.5318232273341,1246.8626708984375,4170193
2023-03-28,1249.6905026499728,1254.9869645456447,1235.1028501650894,1236.673828125,6633366
2023-03-29,1237.930550460286,1247.7155201650944,1224.958805711683,1242.01513671875,8813966
2023-03-31,1260.37313586201,1283.6684502024389,1251.3063709749888,1281.873046875,8711975
2023-04-03,1288.2018554237902,1288.2018554237902,1261.4054833442367,1266.5223388671875,5242764
2023-04-05,1256.7825403486722,1281.4693402483783,1256.7825403486722,1277.9234619140625,7506334
2023-04-06,1271.1454333092524,1282.2769547830226,1266.0733974815537,1276.44189453125,6948465
2023-04-10,1278.2822049918059,1287.304150296638,1270.247819156027,1281.558837890625,4993788
2023-04-11,1282.7261836983632,1286.7209130613805,1246.9078582930506,1262.303466796875,6942255
2023-04-12,1268.4974270475386,1285.059979527605,1256.7823760661174,1282.1873779296875,5831169
2023-04-13,1265.534971977077,1266.7020280205386,1241.5214514944475,1247.087158203125,11267238
2023-04-17,1122.396511196189,1132.1365530010617,1064.0458990402255,1129.578125,53171705
2023-04-18,1140.0359999245725,1140.0359999245725,1124.909751249896,1130.5203857421875,12430884
2023-04-19,1126.0320630409092,1126.0320630409092,1103.6344503031144,1106.14794921875,11307230
2023-04-20,1104.801324932899,1111.2199133454824,1096.452765729637,1098.2481689453125,8621249
2023-04-21,1102.4674657463806,1107.0906515432816,1095.1961036957662,1101.794189453125,8691352
2023-04-24,1102.3776114514949,1104.1730147274745,1093.4005950715969,1100.8515625,8313774
2023-04-25,1100.537247505562,1109.110341734084,1090.7074586862907,1099.5947265625,6808576
2023-04-26,1102.3777989258251,1106.8663078791062,1095.6899644185316,1101.973876953125,5680192
2023-04-27,1104.1729691026203,1120.152101431663,1100.0435636550399,1118.7606201171875,8020704
2023-04-28,1127.2438790677813,1130.2063382433646,1117.5935866641942,1124.595703125,10118277
2023-05-02,1126.2116409241175,1148.833678512012,1126.2116409241175,1146.7689208984375,8886401
2023-05-03,1136.4903330105763,1142.3253939620522,1132.9892745231455,1139.318115234375,5549783
2023-05-04,1139.13855083866,1145.2878952710685,1133.3484185926052,1143.26806640625,4505401
2023-05-05,1148.1604275980321,1148.1604275980321,1125.9423114267645,1130.296142578125,5373791
2023-05-08,1133.303321607686,1140.3503667127331,1126.7949851195513,1136.131103515625,5260842
2023-05-09,1136.4903186239899,1141.8765286648618,1131.7324559214633,1140.70947265625,4969897
2023-05-10,1145.8264050289897,1145.8264050289897,1130.3410516063245,1134.0216064453125,6515734
2023-05-11,1140.3054042377769,1145.3774399578563,1124.8649812707113,1127.6029052734375,6888461
2023-05-12,1125.1344060204995,1127.5133374467855,1112.2973374345554,1117.818115234375,8292212
2023-05-15,1122.0373891886634,1139.0937216777986,1118.2221569213568,1129.6229248046875,5534710
2023-05-16,1135.5924585788403,1143.6268436028956,1133.572630095202,1134.964111328125,5236469
2023-05-17,1131.6427073715677,1131.9568810406574,1115.3494000856915,1119.34423828125,10465667
2023-05-18,1129.8472737459822,1130.7899043107132,1115.3493701951222,1118.5362548828125,6948732
2023-05-19,1127.5581838226922,1143.043537044953,1124.6406535054546,1139.0936279296875,11094136
2023-05-22,1142.7293613064382,1163.0623271928262,1140.3056104941186,1160.548828125,7625947
2023-05-23,1166.293994801615,1179.714700851119,1164.3640238293533,1167.05712890625,7436031
2023-05-24,1163.6907159656682,1171.500676643536,1159.202207626038,1165.80029296875,4824077
2023-05-25,1162.0747750049484,1173.2960455245018,1157.361841386736,1170.9171142578125,4334121
2023-05-26,1172.398482842331,1188.0633345112276,1172.398482842331,1182.6771240234375,5521606
2023-05-29,1196.3669615854992,1196.3669615854992,1175.8545005172648,1179.9390869140625,4419365
2023-05-30,1180.4776039676979,1190.7114241239608,1175.2260715243845,1188.4222412109375,6274719
2023-05-31,1184.8315574211917,1194.9307014660071,1179.7147016049091,1183.440185546875,17800782
2023-06-01,1187.2553678657034,1193.4943505359809,1183.2605297506059,1184.517333984375,4277841
2023-06-02,1190.885638723748,1194.4337541289267,1179.1041942067427,1181.7879638671875,10909311
2023-06-05,1186.3368642798964,1191.2950529177192,1180.2414662246276,1186.791748046875,5002553
2023-06-06,1172.326397297681,1172.326397297681,1158.1340462786784,1163.5926513671875,10008100
2023-06-07,1174.0550816558036,1177.2392682391398,1166.7769408938925,1172.6448974609375,5397578
2023-06-08,1170.143170160564,1175.419867237597,1165.503377106278,1167.050048828125,5034942
2023-06-09,1166.7769126021076,1166.7769126021076,1149.9462124982956,1151.72021484375,5339073
2023-06-12,1158.5888582525467,1178.7856514064415,1158.1339745233547,1175.3740234375,4785588
2023-06-13,1182.6069242988215,1188.611368241848,1180.0141088524708,1187.1102294921875,4846587
2023-06-14,1188.474840185205,1188.7932366228665,1176.5113744554915,1183.061767578125,3457981
2023-06-15,1177.1937141878004,1177.1937141878004,1166.9134071805377,1170.68896484375,6161155
2023-06-16,1170.8708768960637,1184.0625068222432,1165.4578042106698,1175.101318359375,8536287
2023-06-19,1177.2392578125,1182.2429795419966,1170.9164175038359,1177.2392578125,4451787
2023-06-20,1177.2392998592454,1187.2467436756685,1174.6009515510648,1185.7911376953125,4009180
2023-06-21,1182.6524057587176,1186.1551000366512,1178.1491003379751,1182.1065673828125,4041529
2023-06-22,1173.0543732215287,1173.0543732215287,1158.5890460770524,1165.9127197265625,6676607
2023-06-23,1161.2728742885731,1163.9112226889422,1149.354940265523,1150.8560791015625,7239467
2023-06-26,1155.6321899905513,1159.0438181837924,1148.3540498449702,1155.72314453125,3403244
2023-06-27,1164.5025282959484,1166.322063496411,1159.2258317923613,1163.729248046875,3240024
2023-06-28,1173.600249850804,1179.695648586696,1165.7762703962558,1176.64794921875,5662358
2023-06-30,1190.1579290222737,1218.0878609550978,1186.7463005247835,1214.99462890625,12821692
2023-07-03,1209.9909598221436,1224.547242045568,1208.5807755595015,1213.3570556640625,7732412
2023-07-04,1223.0006455219911,1224.5472060405089,1211.2646211133026,1223.77392578125,5797775
2023-07-05,1235.3278393695025,1235.4187939129251,1219.9982784398992,1225.7298583984375,5414936
2023-07-06,1221.4084327344483,1225.8662047537898,1216.495665897886,1222.6365966796875,5963897
2023-07-07,1213.6298905441663,1224.3651918692738,1205.7603791627248,1210.1727294921875,6295647
2023-07-10,1215.9499539497926,1220.817188493727,1200.2564625432983,1209.2176513671875,3940315
2023-07-11,1213.129595917475,1229.0051076173486,1207.2616391546826,1226.91259765625,6126128
2023-07-12,1229.0960058756348,1229.9148189122855,1207.26158386156,1212.9931640625,8102770
2023-07-13,1214.4487694545699,1252.5680534152623,1210.7641663190607,1241.9237060546875,9977644
2023-07-14,1256.0706748916025,1300.9676843031073,1256.0706748916025,1297.2830810546875,12833381
2023-07-17,1297.2830136298498,1327.3053432456984,1286.68431035238,1294.5537109375,11569884
2023-07-18,1304.60684950845,1344.5910945115115,1300.0580111210427,1342.0892333984375,16743977
2023-07-19,1351.9146708665796,1363.559740717556,1328.8975058703597,1341.8616943359375,13687062
2023-07-20,1338.2681331891117,1338.2681331891117,1310.7021306189188,1318.7081298828125,8347221
2023-07-21,1201.0751601871634,1228.1862795203028,1187.2467368696261,1211.446533203125,45548305
2023-07-24,1219.998238537962,1228.0951916387085,1213.857307807066,1215.9952392578125,8859789
2023-07-25,1216.359245637285,1221.681363730559,1204.759709076421,1214.17578125,6801982
2023-07-26,1221.817896357927,1228.186269607745,1218.5427551834298,1227.1400146484375,5528885
2023-07-27,1236.0103133187197,1240.7411717559758,1225.5025635415454,1231.0521240234375,9191861
2023-07-28,1231.6888321728816,1240.7865080925476,1215.4495028674003,1219.54345703125,6122735
2023-07-31,1227.0489861059361,1235.0094521881804,1212.9475890459607,1233.371826171875,7902180
2023-08-01,1239.1034366209878,1245.471809643269,1234.55459874793,1242.0146484375,6064652
2023-08-02,1245.7448867591504,1248.1556821855895,1226.776142424458,1234.418212890625,7419145
2023-08-03,1228.186323150697,1243.2430221271263,1227.2765555039189,1241.196044921875,6503741
2023-08-04,1245.380890015176,1260.8469392172133,1239.1034713632262,1253.9781494140625,5712345
2023-08-07,1262.6664818373094,1269.1258096249944,1252.7499927266074,1267.3062744140625,3729093
2023-08-08,1267.1698175564386,1267.8067215289614,1259.482325527499,1264.7589111328125,4161877
2023-08-09,1259.1182297003613,1270.0354397844685,1257.7535784398478,1268.579833984375,4090828
2023-08-10,1266.0324754708959,1269.8535657391153,1260.5738702782457,1263.758056640625,3873025
2023-08-11,1266.3962894397187,1270.8086393577535,1243.6976360016695,1248.064453125,5783517
2023-08-14,1248.0646177377491,1269.1257591782453,1242.378570429603,1267.806640625,4304135
2023-08-16,1283.5002048304689,1291.824489722674,1278.5874374632606,1290.50537109375,7735313
2023-08-17,1291.8699868845008,1291.8699868845008,1279.1332405349353,1284.1824951171875,5618346
2023-08-18,1277.0405538875152,1281.5893912399047,1261.0742014139887,1263.485107421875,5134103
2023-08-21,1264.3493965362918,1280.042886077757,1261.9840232223223,1278.5872802734375,3032722
2023-08-22,1277.9505385325194,1279.178813670877,1270.6269757839684,1277.0863037109375,2890714
2023-08-23,1288.230654505673,1288.7764927413791,1278.81458400907,1280.906982421875,2559125
2023-08-24,1293.2345299499723,1296.4642490688886,1286.820624510391,1295.14501953125,5171963
2023-08-25,1285.50173125637,1294.1445242124462,1284.046125180156,1291.9610595703125,4307172
2023-08-28,1291.9611417359445,1296.23711673532,1284.046206842417,1287.9127197265625,3133464
2023-08-29,1295.5091803090381,1295.8731095932837,1287.5942458909171,1289.732177734375,3074444
2023-08-30,1298.2384475504239,1307.0177276584382,1295.5091445772975,1305.653076171875,3070887
2023-08-31,1305.653039664003,1314.5232740786394,1299.7395500542452,1305.9259033203125,9792735
2023-09-01,1301.831847342556,1315.5238935615507,1299.32998654913,1313.56787109375,3582133
2023-09-04,1312.794670582204,1337.3583962271932,1305.243554943164,1332.9005126953125,4609014
2023-09-05,1332.8094095252152,1346.5014550487228,1325.0763856474239,1345.4552001953125,5496840
2023-09-06,1348.184640888555,1349.094408496813,1331.2629855860807,1344.1361083984375,5075786
2023-09-07,1337.90412243496,1340.4515159698167,1330.1256765994524,1333.901123046875,4411743
2023-09-08,1331.4449464210497,1341.6798324116455,1328.4426687748935,1336.9945068359375,3125838
2023-09-11,1336.9943110540305,1344.6819131501657,1332.3545189621761,1343.2261962890625,4182226
2023-09-12,1348.7305652975347,1368.2905701230975,1343.8177976883615,1365.6522216796875,6793161
2023-09-13,1369.2001227261467,1369.2001227261467,1354.3254459295783,1363.150146484375,4804686
2023-09-14,1369.200118850372,1376.068908054887,1363.878001064633,1370.97412109375,6444213
2023-09-15,1381.0271243049056,1381.391053531654,1372.8392164532954,1375.20458984375,8657816
2023-09-18,1369.1092169496771,1369.1092169496771,1353.7341230453653,1357.1912841796875,3991916
2023-09-20,1342.9989700048607,1360.193600922578,1342.9989700048607,1355.78125,4169337
2023-09-21,1352.4151068014573,1368.7909240446215,1342.8170139394665,1366.2435302734375,6779195
2023-09-22,1357.2821697249913,1370.9741041105199,1351.186660777571,1361.148681640625,5455613
2023-09-25,1355.4170944618959,1355.4170944618959,1338.768415761757,1341.1337890625,4217863
2023-09-26,1345.6828747903214,1346.3652005445954,1327.3510339810348,1328.8521728515625,3996528
2023-09-27,1324.6215850268404,1336.994401796738,1319.2085123948889,1334.6290283203125,3863586
2023-09-28,1335.4478965364908,1339.7237598799838,1305.51651996519,1309.56494140625,5814602
2023-09-29,1302.8782039633304,1316.251854791077,1288.2309672949007,1305.9259033203125,6068968
2023-10-03,1306.471635140572,1307.3358698250358,1292.1427973188988,1304.6065673828125,4181867
2023-10-04,1296.41872564626,1319.1173810169118,1290.2322620419864,1314.022705078125,4510406
2023-10-05,1320.982497846701,1342.4985228636597,1319.3448718155562,1331.3992919921875,7384621
2023-10-06,1336.9034978713848,1350.5500119701062,1331.2629831328265,1345.2733154296875,3598672
2023-10-09,1332.7186682048073,1356.4635819349996,1330.2622288878492,1342.316650390625,3567552
2023-10-10,1350.0041284403374,1361.9220614766054,1336.5395238912695,1360.239013671875,5688951
2023-10-11,1361.9220140294271,1381.254574348816,1347.7750842911132,1359.556640625,7220129
2023-10-12,1357.2821666354187,1368.6542604790434,1320.9824208754478,1333.2642822265625,11081662
2023-10-13,1278.2233513513881,1308.2456791767233,1273.6745138020951,1302.0137939453125,17973439
2023-10-16,1302.877974252616,1313.3403001791105,1300.9674847728108,1304.7430419921875,4850745
2023-10-17,1310.2927452175127,1322.2106781963569,1308.2913009819003,1312.294189453125,3923764
2023-10-18,1311.8849145317179,1322.8021260257406,1308.5642404911625,1310.5657958984375,4264837
2023-10-19,1297.4195403384058,1309.746935628435,1297.4195403384058,1304.288330078125,6795691
2023-10-20,1300.9675589324422,1308.7005828841384,1296.6461631947295,1298.4656982421875,3928622
2023-10-23,1296.9647063021316,1303.1056377818345,1278.4509573114844,1281.544189453125,2636516
2023-10-25,1289.2389333048216,1292.5104566531788,1254.4967997562355,1262.560302734375,6940777
2023-10-26,1248.7371699932087,1266.2003688015045,1246.9400932403355,1252.7918701171875,6357656
2023-10-27,1256.662518290247,1276.337444851252,1256.662518290247,1272.05224609375,4634358
2023-10-30,1272.0522558250557,1272.0522558250557,1256.155634097897,1269.01123046875,2667696
2023-10-31,1271.6834287710847,1272.7893480503349,1256.0633173275878,1261.0396728515625,3451595
2023-11-01,1265.324779602583,1269.3794791877367,1245.603735057758,1247.9075927734375,3090672
2023-11-02,1262.5142118386507,1268.3199791238953,1254.819348447591,1262.6524658203125,3758060
2023-11-03,1271.7756915818663,1282.7880874213406,1269.6560973022642,1280.069580078125,3349045
2023-11-06,1284.5391312922866,1296.8417109189295,1281.6823697767961,1293.20166015625,2736381
2023-11-07,1290.1604881630135,1295.5976155760281,1285.4145181543718,1294.1231689453125,2272209
2023-11-08,1294.7681818070128,1294.7681818070128,1277.6735106371746,1281.8665771484375,3550635
2023-11-09,1286.3821608724284,1287.8566074771882,1262.5602919196745,1266.9376220703125,5498051
2023-11-10,1262.46802069147,1265.4170263311844,1254.2202543175401,1261.454345703125,2943649
2023-11-13,1271.5914215374528,1273.9874114709824,1263.2975323492624,1265.7857666015625,3462092
2023-11-15,1289.2390443084512,1303.0621934611509,1283.7097846473714,1299.8367919921875,8551860
2023-11-16,1304.9973516506468,1339.3709592887674,1299.9288638617754,1331.537841796875,6673907
2023-11-17,1327.9898053316556,1337.1591147047359,1322.4605464148888,1324.764404296875,4901251
2023-11-20,1328.8653942384274,1338.0808269307881,1321.170530438921,1323.8890380859375,3584210
2023-11-21,1328.8653376978914,1336.2376835381015,1324.0272357402534,1326.1007080078125,3793135
2023-11-22,1323.5202369954038,1344.4853438157159,1323.5202369954038,1343.4256591796875,3108786
2023-11-23,1352.733312304696,1352.733312304696,1334.1180718038254,1335.5465087890625,3186928
2023-11-24,1332.1369430585005,1338.679877895318,1321.3548191084903,1324.6263427734375,2973195
2023-11-28,1330.7084271755414,1331.6299704076575,1315.088314388403,1329.5103759765625,3755373
2023-11-29,1337.251355220777,1346.0981477081089,1336.0534165206054,1345.08447265625,3875778
2023-11-30,1339.2326879569457,1346.0521303013406,1335.8230230312827,1340.983642578125,10120867
2023-12-01,1345.3610059685648,1345.3610059685648,1332.6897863489253,1338.3572998046875,3489187
2023-12-04,1345.8677509348179,1356.4194883018783,1335.592634024112,1349.4617919921875,5511948
2023-12-05,1350.798062419795,1351.8117374373267,1328.8652893459846,1339.877685546875,5123039
2023-12-06,1342.4582175598755,1361.1194695973477,1337.2054656873006,1358.63134765625,5269178
2023-12-07,1357.2948166644478,1357.2948166644478,1347.1118322726165,1350.89013671875,4424453
2023-12-08,1355.0371580856024,1377.4305905862009,1351.2127312666094,1374.1591796875,6323433
2023-12-11,1373.0993558033465,1380.471701337861,1365.727010268832,1371.717041015625,3862018
2023-12-12,1361.5800891380788,1373.0993792323097,1352.5029110424384,1360.243896484375,6103494
2023-12-13,1360.1977053814053,1360.2438275366712,1320.7096034385588,1335.3160400390625,8549258
2023-12-14,1348.5863495012065,1392.4517835867966,1346.697140932601,1383.6510009765625,12489858
2023-12-15,1403.5564479809898,1463.917528966799,1401.6672393803897,1454.5638427734375,18395389
2023-12-18,1444.9336219034078,1468.0183241638513,1437.88390638634,1441.6160888671875,6467243
2023-12-19,1446.915036424613,1450.4629554436433,1422.1716226248461,1436.0408935546875,4221721
2023-12-20,1442.2612442252062,1459.2636714338232,1409.9611097529205,1415.8590087890625,6592367
2023-12-21,1401.8977151314416,1425.3049369492605,1401.8977151314416,1415.490478515625,5319038
2023-12-22,1414.5228268659648,1443.136790994993,1403.510429556433,1440.280029296875,6741060
2023-12-26,1414.5688833319446,1426.5489455360587,1403.5103643743007,1422.816650390625,6878067
2023-12-27,1422.8627642542663,1446.8228885227966,1422.8627642542663,1444.150390625,4225849
2023-12-28,1445.8552154390939,1445.8552154390939,1432.9997322913293,1440.049560546875,5702253
2023-12-29,1420.144166634131,1437.1004712006081,1419.1765012951132,1421.8489990234375,4388990
2024-01-01,1418.254829482796,1434.8426052662205,1414.7990428612493,1429.6358642578125,2808451
2024-01-02,1424.7057474638627,1427.6086309615123,1403.5102544550214,1414.015869140625,5396313
2024-01-03,1400.6996635455614,1400.6996635455614,1371.2564007445471,1373.0994873046875,7550363
2024-01-04,1386.8763509676678,1400.5152349032498,1375.7718232468026,1394.018310546875,7056038
2024-01-05,1388.5352963045564,1418.9001014903272,1388.0745246781073,1412.3111572265625,8895403
2024-01-08,1408.9934505703893,1415.4903752195028,1394.52526712299,1403.3260498046875,4440136
2024-01-09,1420.9274616897512,1431.1565685607613,1406.1366485499625,1409.3160400390625,4412074
2024-01-10,1405.3071677486228,1414.983370728282,1386.9224270844938,1400.6534423828125,4096845
2024-01-11,1405.261293276588,1405.3534251009314,1369.9661425866611,1376.9698486328125,11296088
2024-01-12,1439.450434041234,1491.056851650907,1433.368271607278,1486.21875,26754401
2024-01-15,1515.8926322468913,1534.3234985619054,1507.6448645681546,1522.481689453125,13228305
2024-01-16,1515.7542704008683,1519.1639351762556,1497.5076704042556,1503.5438232421875,6500917
2024-01-17,1493.1303945709744,1518.2424471875822,1493.1303945709744,1511.51513671875,9209876
2024-01-18,1513.7730508709333,1519.6248280436816,1500.5028054955274,1513.7269287109375,6375464
2024-01-19,1522.0207083253042,1534.830181149936,1515.1552565650597,1529.0244140625,4522736
2024-01-23,1520.6384796288353,1543.3084208611072,1509.2113209406687,1513.312255859375,9401255
2024-01-24,1529.6695716902016,1548.1925674088009,1515.938555587784,1543.9534912109375,8999681
2024-01-25,1541.6956238359799,1548.6994420250173,1527.9185982399085,1538.147705078125,8865304
2024-01-29,1534.5076571987393,1547.5935254301967,1518.3345293026832,1526.62841796875,4253785
2024-01-30,1532.0194213135253,1557.4079810311105,1518.9335530973535,1521.8824462890625,4995943
2024-01-31,1518.9337632044703,1536.4430861232538,1509.5800760939778,1530.59130859375,6763779
2024-02-01,1529.3471931576782,1545.4280783736983,1520.8689274978267,1527.0433349609375,5760011
2024-02-02,1535.3371760388302,1583.6720744845543,1534.3695106294924,1560.4952392578125,7858483
2024-02-05,1561.7853328521521,1567.3145920332188,1549.8974031142452,1554.82763671875,3634135
2024-02-06,1554.4130874102375,1597.0344630098957,1542.6172887335351,1593.762939453125,7694265
2024-02-07,1593.3482914120157,1593.3482914120157,1554.5052206294124,1560.8638916015625,4613877
2024-02-08,1564.7803892211357,1572.4752526176906,1550.7729772594932,1559.34326171875,5919715
2024-02-09,1552.5237167662156,1560.0804381745947,1529.5773820750176,1538.3780517578125,4600004
2024-02-12,1539.2998647238455,1560.1267212932257,1539.2998647238455,1548.284912109375,3555808
2024-02-13,1550.957305138598,1556.578696520759,1532.9872115852988,1552.3857421875,2696481
2024-02-14,1529.9459605809961,1538.4702350970776,1507.1838887623073,1535.4752197265625,3768579
2024-02-15,1545.4278829759044,1555.3344719693396,1531.2360957797196,1544.828857421875,4834391
2024-02-16,1556.486498735968,1574.917363137815,1555.5188333576436,1568.14404296875,4880654
2024-02-19,1571.2311682439513,1577.2211990906292,1555.2884257624896,1566.39306640625,3690993
2024-02-20,1552.800253854097,1561.3245282446908,1537.825177221973,1553.0306396484375,3706389
2024-02-21,1542.663439133254,1542.663439133254,1516.2151921931338,1525.6610107421875,4300508
2024-02-22,1534.3694366019563,1552.4316609246032,1515.3856690741432,1549.4366455078125,5841277
2024-02-23,1563.8587905950133,1565.194983220865,1540.728079066558,1545.2896728515625,5373072
2024-02-26,1543.5386736406174,1543.5386736406174,1515.9385009458492,1529.89990234375,2782438
2024-02-27,1530.6833557243867,1539.9909201570279,1523.1267459853489,1533.079345703125,5159088
2024-02-28,1538.9772213327412,1555.380736114235,1531.6509975218291,1540.129150390625,3188916
2024-02-29,1534.369410109207,1550.2660301238518,1523.5873997921522,1542.5711669921875,7814722
2024-03-01,1538.055430635186,1540.7739377771939,1521.4676548703967,1524.8773193359375,6387291
2024-03-04,1527.7803779385492,1533.8625405850848,1505.479077403563,1508.75048828125,4445156
2024-03-05,1505.8016678459578,1508.888815229402,1476.312283897934,1480.459228515625,4596579
2024-03-06,1477.0495710017406,1493.0383239437163,1452.3521668225044,1490.642333984375,6420684
2024-03-07,1489.7667940250446,1500.6870590284748,1478.3396352373709,1489.6285400390625,6348359
2024-03-11,1481.9796685740168,1487.186409973432,1463.4105512344881,1475.02197265625,6752895
2024-03-12,1474.4691365947879,1497.5077168540815,1472.303532549028,1486.403076171875,4614222
2024-03-13,1486.3570462420234,1497.046924837975,1473.1329238521018,1484.9747314453125,5688997
2024-03-14,1487.7393497230903,1527.6882245455754,1481.8414508033693,1523.58740234375,8803799
2024-03-15,1512.3444475668186,1516.6757678865583,1491.3793408128192,1505.801513671875,11809997
2024-03-18,1502.11556344857,1504.5576756669025,1473.4094674521489,1476.911376953125,4958904
2024-03-19,1467.4191867817187,1473.5474711208267,1435.764202630549,1438.9434814453125,6870411
2024-03-20,1440.371958643916,1451.3843544053573,1430.5575014942751,1432.9534912109375,4759059
2024-03-21,1441.2936639483573,1453.2276042120811,1422.309895221054,1432.7232666015625,11062497
2024-03-22,1401.6672315575609,1408.9474454626866,1380.6560012352104,1390.470458984375,14673890
2024-03-26,1374.9424783172167,1389.1802760076575,1371.164173630106,1375.54150390625,8351081
2024-03-27,1378.628657389427,1381.3932870499673,1365.3124028550521,1367.431884765625,6857402
2024-03-28,1370.472857803067,1393.188917951044,1370.472857803067,1380.5177001953125,12499530
2024-04-01,1405.353474561426,1409.9150687111335,1375.6798265220143,1378.121826171875,6580002
2024-04-02,1368.353462463362,1376.0023163808078,1364.6672894897633,1366.5103759765625,7279400
2024-04-03,1362.9623414349414,1377.7991638971826,1359.2761687738598,1364.48291015625,8736248
2024-04-04,1373.6062588459959,1378.3061066574217,1352.8254147328123,1370.0582275390625,11186915
2024-04-05,1363.9299768430176,1370.0581487632178,1360.2438042627782,1363.054443359375,5072482
2024-04-08,1366.6486630791478,1373.97488704448,1358.4469055155266,1360.8428955078125,6610887
2024-04-09,1373.099263903387,1395.0320353978589,1370.6111424492417,1377.5687255859375,9423230
2024-04-10,1382.6373994109804,1391.3920603288602,1368.0770834855082,1388.5814208984375,6744595
2024-04-12,1386.0009366054892,1388.581302495331,1363.4231287950938,1368.26123046875,12275616
2024-04-15,1363.884010132131,1374.8964069734686,1346.420810540168,1352.9637451171875,8531224
2024-04-16,1337.159257468646,1340.983684459676,1302.1867360834249,1303.476806640625,16173541
2024-04-18,1309.6049788534715,1331.3533752077963,1297.072014216493,1307.900146484375,22107945
2024-04-19,1276.3373231980736,1314.903883353496,1270.5776782377934,1300.52783203125,20603621
2024-04-22,1308.4992564312556,1324.1193692022916,1302.1867077963823,1320.341064453125,5859087
2024-04-23,1329.786912241484,1333.334831262017,1320.571479724218,1329.2340087890625,4856174
2024-04-24,1330.9848800805114,1330.9848800805114,1315.0882599841418,1318.4979248046875,4268213
2024-04-25,1308.5913232271268,1331.5377710414832,1308.5913232271268,1325.59375,9089398
2024-04-26,1326.7457701482465,1331.9986341616486,1315.0422158870554,1318.0372314453125,8062444
2024-04-29,1317.7606297548816,1326.8379201034072,1316.1940513407444,1322.18408203125,5055957
2024-04-30,1322.1380131744238,1323.8429581264434,1306.3336369406475,1309.0982666015625,6936588
2024-05-02,1302.1406139236367,1312.2775896866656,1301.08081668616,1303.476806640625,10076354
2024-05-03,1310.5266461015717,1313.0148803966708,1293.109456008172,1305.1817626953125,8842345
2024-05-06,1308.5913151241766,1332.2749298443393,1305.9188174045357,1314.0284423828125,6445422
2024-05-07,1313.1530130338447,1330.1094313833817,1304.536606119083,1327.897705078125,6080661
2024-05-08,1322.6449494254493,1326.7918940500197,1313.7520345652563,1315.3187255859375,6234983
2024-05-09,1315.5489046143746,1336.1913801730982,1313.060670734901,1326.607421875,6088406
2024-05-10,1322.460619610937,1323.289918499904,1302.1405469699123,1313.10693359375,8777481
2024-05-13,1313.199189050727,1313.199189050727,1300.4818466437416,1311.770751953125,3735954
2024-05-14,1314.489298423798,1321.2626187308836,1306.7944348778417,1312.922607421875,3463230
2024-05-15,1314.120547134986,1319.4655424641765,1307.255095585117,1308.545166015625,4327544
2024-05-16,1321.4467475230538,1341.5364330774394,1315.0420676637514,1339.32470703125,9249145
2024-05-17,1342.6884167000094,1342.6884167000094,1326.3310252131012,1330.98486328125,7542860
2024-05-21,1317.8066770242508,1331.3533160495845,1316.3322305136044,1321.631103515625,6752663
2024-05-22,1316.6550066153582,1345.40711294369,1315.9638491315707,1340.6612548828125,7173285
2024-05-23,1340.5689872639355,1362.17924504405,1336.237778771356,1356.88037109375,8641428
2024-05-24,1353.0558377538796,1359.737026123514,1345.4531061608475,1350.1529541015625,5277938
2024-05-27,1356.373369267408,1363.5153292403581,1345.6834903871545,1355.91259765625,5821844
2024-05-28,1359.737191500069,1360.197963167809,1345.7297777980132,1351.9501953125,6186922
2024-05-29,1350.429650178893,1350.5217820154528,1336.2378600630548,1337.11328125,7401634
2024-05-30,1329.6025651299135,1336.0993771509409,1310.0197722599248,1315.456787109375,9663150
2024-05-31,1325.1858078435043,1350.5182603744363,1315.9739443356261,1322.4598388671875,37113815
2024-06-03,1353.5731158092904,1353.5731158092904,1319.7337879140582,1321.519775390625,10589244
2024-06-04,1324.4336953647442,1330.0735833506835,1276.8236180013437,1310.0050048828125,13736134
2024-06-05,1316.1148183429186,1351.6930870098186,1316.1148183429186,1344.2672119140625,9233424
2024-06-06,1358.2260359203012,1385.8145809499692,1351.2232206049546,1383.8875732421875,12660930
2024-06-07,1392.1123044504961,1447.2891608293014,1388.5873745776473,1441.5552978515625,24075302
2024-06-10,1433.7536304630544,1437.983546630723,1407.4341520864498,1409.737060546875,6810606
2024-06-11,1410.0190163300265,1416.0348049461413,1404.2850385180848,1405.97705078125,4853054
2024-06-12,1416.5518188986746,1418.1967861734406,1393.7572723769142,1396.0601806640625,9564320
2024-06-13,1405.2721826102318,1414.6719965407349,1399.961264790733,1404.28515625,7307565
2024-06-14,1413.4498626747718,1413.4498626747718,1396.8592841989566,1399.5382080078125,4237727
2024-06-18,1407.152097561087,1416.5519111720494,1405.6481503320965,1408.280029296875,5420939
2024-06-19,1414.6718886285164,1424.6827126496337,1406.8699977638037,1420.6407470703125,5493456
2024-06-20,1425.2936379231433,1426.4215695435462,1409.125891319924,1424.4476318359375,7927010
2024-06-21,1452.271166938704,1464.2559289959652,1432.249518545518,1440.7093505859375,17301941
2024-06-24,1433.0486251290843,1437.325471461373,1424.4477727552649,1435.4925537109375,5564989
2024-06-25,1434.4115183965616,1451.237207255743,1429.1006009006553,1449.4041748046875,4551525
2024-06-26,1448.5111662607692,1455.889996430208,1442.8712785271127,1448.2291259765625,4851004
2024-06-27,1446.114304702132,1483.6666295895413,1440.0985156795878,1478.919677734375,14757754
2024-06-28,1478.1677581888457,1493.160415233066,1470.3658668733547,1472.7158203125,8197544
2024-07-01,1465.900925341744,1503.8761950899986,1465.900925341744,1495.3223876953125,6801771
2024-07-02,1500.3982072481522,1535.7415983279318,1491.2804339153117,1523.7568359375,10493173
2024-07-03,1527.4696078755678,1537.809402144264,1509.609963229638,1529.7255859375,7269965
2024-07-04,1530.4774301500665,1560.3688798912892,1530.2894797969993,1551.580078125,8008311
2024-07-05,1552.3320687468383,1565.8678223873435,1535.3184302011182,1548.5721435546875,7065022
2024-07-08,1544.483343885064,1566.008939897241,1541.5694246287367,1561.9200439453125,5880533
2024-07-09,1560.2748898271884,1566.7137383996742,1551.9090338070268,1557.68994140625,5191182
2024-07-10,1557.5490553427878,1573.5287378659184,1539.2664644712022,1549.32421875,9852770
2024-07-11,1556.6091866425368,1565.0690191786375,1543.4964921091096,1553.5072021484375,8857679
2024-07-12,1579.1685341207829,1616.532789615605,1566.6198071109059,1609.012939453125,17078316
2024-07-15,1622.5957659620963,1624.2877782953476,1600.4592739409936,1604.59521484375,6942230
2024-07-16,1615.4519041715741,1633.593589888385,1597.9682742375035,1622.454833984375,6886281
2024-07-18,1615.827983176718,1659.4431419133819,1615.827983176718,1652.5343017578125,11248896
2024-07-19,1733.3255702708213,1733.3255702708213,1679.2295989019908,1685.3394775390625,29819116
2024-07-22,1692.1075281917851,1713.586080081119,1685.3395933133556,1702.165283203125,8462126
2024-07-23,1701.3662125939957,1729.5186076175692,1676.2217119382558,1726.6517333984375,7113056
2024-07-24,1727.2156416274588,1731.7745279912915,1710.3899533806657,1723.878662109375,6002845
2024-07-25,1710.7660645530111,1721.0118842620095,1703.246213719811,1715.324951171875,5815599
2024-07-26,1715.7949342558115,1769.9848820315087,1715.7949342558115,1766.1309814453125,11369047
2024-07-29,1779.9486525351583,1788.78450012986,1752.1252276626687,1758.799072265625,4635931
2024-07-30,1758.799150694115,1767.1179630223214,1748.3653802446454,1764.486083984375,2721265
2024-07-31,1764.344953812893,1772.0058245898792,1753.1122228334534,1756.1201171875,5004209
2024-08-01,1744.699358548906,1755.7911843622094,1734.3595637121655,1741.409423828125,7475014
2024-08-02,1732.3854358825868,1747.8951264371512,1707.146962383465,1711.893798828125,7400938
2024-08-05,1677.8197340219435,1689.616546348778,1615.405061601391,1646.75341796875,10736703
2024-08-06,1654.5551502330297,1689.0994653436978,1640.126459251215,1646.0013427734375,7690163
2024-08-07,1688.2065718679119,1689.9925594528395,1656.341179884447,1684.11767578125,5094329
2024-08-08,1673.1196857214622,1673.1196857214622,1623.4416964698462,1638.5284423828125,6227910
2024-08-09,1664.9419144885312,1673.8717370362467,1650.6071993461458,1664.471923828125,4258524
2024-08-12,1666.6339385624474,1695.2563240862842,1661.9809621451984,1689.5224609375,4315329
2024-08-13,1701.366147109179,1701.366147109179,1681.673584839887,1689.5693359375,4176918
2024-08-14,1693.8464406687062,1715.4660123309595,1689.5694795075585,1713.821044921875,7450718
2024-08-16,1738.9653871768742,1750.1041425189478,1719.6957707243737,1747.378173828125,7335657
2024-08-19,1748.3652410685681,1755.4621458747317,1738.2133969970967,1752.877197265625,2585989
2024-08-20,1767.1647855371516,1772.5226328723743,1756.0729606665764,1759.8328857421875,3870333
2024-08-21,1762.5588344138969,1766.2247842698705,1755.0389843478197,1760.3028564453125,1966902
2024-08-22,1770.9248323444356,1779.9956751616294,1757.4830533776285,1767.39990234375,4300287
2024-08-23,1765.4727869250148,1769.6087274887373,1745.5452297686368,1750.339111328125,5015935
2024-08-26,1757.7652339668489,1775.3898853769442,1752.1253455156184,1763.546142578125,3728589
2024-08-27,1763.54596510821,1788.5494451104064,1761.431007151832,1786.0584716796875,3830679
2024-08-28,1792.450420519267,1833.903574209478,1783.5205978872887,1822.7177734375,6514531
2024-08-29,1816.9840177451665,1833.4336919875568,1805.6102659320495,1817.31298828125,7228284
2024-08-30,1821.6839001205192,1832.9636765918535,1812.284086394407,1827.041748046875,13466759
2024-09-02,1826.712755054023,1857.1681741009113,1826.195834151735,1846.5933837890625,5573739
2024-09-03,1848.943412636329,1848.943412636329,1820.226934986873,1824.7388916015625,4694322
2024-09-04,1805.7981867712704,1811.5320501789129,1786.0116477811107,1807.067138671875,4778310
2024-09-05,1810.638983993486,1823.5637269032381,1794.9882723576418,1817.1248779296875,4081810
2024-09-06,1806.6441381891027,1820.2738676395406,1783.00358450389,1787.7034912109375,5848106
2024-09-09,1776.5648545358595,1805.5632579164233,1775.624873131343,1780.935791015625,4772612
2024-09-10,1790.5703607061942,1818.8637742456988,1782.204504377181,1797.5262451171875,6909600
2024-09-11,1799.7823396853992,1810.404175397044,1790.6645660079796,1795.5054931640625,5312946
2024-09-12,1809.464116978717,1838.9795546148218,1796.1164275717779,1833.3865966796875,8555092
2024-09-13,1833.3865832495185,1841.0474542218399,1819.4749280775688,1827.417724609375,3843127
2024-09-16,1828.9688141569388,1834.8436979233431,1817.0310962411352,1833.19873046875,1570181
2024-09-17,1830.8485176417557,1840.906271327735,1825.5846454813945,1835.3604736328125,2793127
2024-09-18,1822.388800311061,1822.388800311061,1768.3869188956942,1778.585693359375,6385468
2024-09-19,1795.9282898631557,1809.370068657787,1766.036952686509,1780.5125732421875,7976570
2024-09-20,1790.664520804125,1800.0643345616268,1755.3212440246816,1791.3695068359375,15242974
2024-09-23,1794.4243751721033,1803.73021337189,1765.7078993837924,1782.6275634765625,3636672
2024-09-24,1774.6846588682515,1796.2102531560402,1759.0809925494216,1784.6484375,7277616
2024-09-25,1773.1337292502485,1787.4684442930745,1764.156976545127,1781.546630859375,4268341
2024-09-26,1783.8966765192179,1802.8372091877666,1779.384720079492,1786.1995849609375,8952803
2024-09-27,1816.137952637302,1856.0871602157958,1789.0665584656958,1792.3094482421875,14908931
2024-09-30,1767.1648713969455,1787.1394743316184,1758.2350489085036,1763.0289306640625,6986955
2024-10-01,1762.464916843665,1794.3772357071236,1762.464916843665,1790.0533447265625,4029072
2024-10-03,1776.0946700907043,1797.1032292411892,1768.1048290238766,1779.7606201171875,7503887
2024-10-04,1776.1418246086153,1836.8175525476968,1772.8048448832324,1803.0252685546875,10001483
2024-10-07,1807.772048058558,1825.4437429610623,1801.0512733437376,1818.2059326171875,6112575
2024-10-08,1821.5898836675146,1840.436440915146,1791.9334261359113,1831.6007080078125,5637391
2024-10-09,1835.3606336116181,1858.3431317562972,1828.3577036972526,1835.548583984375,4857163
2024-10-10,1840.3893918331603,1846.1232547571165,1799.2181654069389,1803.8240966796875,4782119
2024-10-11,1802.8842276209207,1830.1436867455332,1795.4583520140732,1818.9578857421875,4709431
2024-10-14,1816.1849669571325,1851.2932470173037,1815.1979406537325,1841.3294677734375,3751378
2024-10-15,1842.3635074756771,1871.9258760220825,1834.6086610794148,1841.70556640625,5353705
2024-10-16,1837.6635261263593,1841.9404871358424,1801.3332242595482,1804.858154296875,3111512
2024-10-17,1819.0517651449982,1859.2830106666543,1814.304928428157,1849.9771728515625,8162822
2024-10-18,1780.1366215888147,1820.6027474745542,1757.0600349091483,1766.788818359375,10526196
2024-10-21,1777.5986762175419,1784.8366013292746,1727.6856903747387,1741.5504150390625,4654601
2024-10-22,1746.6732140121014,1765.0969393741664,1736.098424337156,1740.4693603515625,4125240
2024-10-23,1734.500561986716,1772.804801466981,1733.3255853155424,1760.9610595703125,4311910
2024-10-24,1749.6813644323036,1770.9249206806642,1748.3653675509743,1751.5142822265625,2906475
2024-10-25,1751.6082405232555,1763.7340231622866,1735.5816269882255,1750.2923583984375,4689120
2024-10-28,1748.0833692337449,1768.951025226307,1745.5454653432146,1753.394287109375,7018940
2024-10-29,1754.9629211020826,1760.2867290719619,1738.8012907344037,1748.5933837890625,4621252
2024-10-30,1741.653136738328,1748.3079249245552,1707.76122797984,1713.2276611328125,5919715
2024-10-31,1699.728089871948,1699.728089871948,1660.3697457491953,1670.589599609375,7395236
2024-11-01,1677.4821051581494,1678.9081313172524,1665.646134457717,1674.0120849609375,371966
2024-11-04,1639.4546463788554,1679.8587185569368,1633.275200045737,1676.6739501953125,7336722
2024-11-05,1673.2039554066878,1681.2371893406507,1658.9436944231081,1667.68994140625,3160880
2024-11-06,1677.0066599508023,1737.0898453384439,1675.723259696614,1733.762451171875,10421494
2024-11-07,1723.5427837627808,1735.6640066783782,1698.8725764841015,1714.131103515625,4550965
2024-11-08,1728.3437169759088,1749.829154713953,1723.7329222391422,1739.704345703125,4210960
2024-11-11,1738.8011800020988,1775.8778590726738,1732.669314114394,1768.367431640625,3804234
2024-11-12,1778.825053675029,1788.2368497786626,1769.223167165386,1776.6385498046875,5012450
2024-11-13,1769.3181384269985,1780.8213927172376,1764.7549244206982,1776.2581787109375,4257495
2024-11-14,1773.5961711004963,1783.4833086013102,1764.469627272938,1772.5980224609375,4311431
2024-11-18,1758.0049000608628,1758.0049000608628,1706.4778709351956,1722.1165771484375,4839244
2024-11-19,1735.4737552340218,1767.987103735295,1730.7679155470983,1734.7607421875,4669769
2024-11-21,1751.1601874214036,1774.9272909423237,1730.8155235974339,1743.602294921875,5436504
2024-11-22,1762.6633798054363,1819.6569616576032,1743.554652462339,1808.4388427734375,6301486
2024-11-25,1821.5106048142616,1824.647908539123,1789.187347735094,1796.507568359375,12764638
2024-11-26,1811.0057060152076,1842.996250535251,1803.7330651846873,1829.2589111328125,6850495
2024-11-27,1834.9153604909611,1845.6581372544963,1817.4703304442407,1829.591552734375,4447143
2024-11-28,1820.4648690644453,1820.4648690644453,1760.3341042723987,1765.0875244140625,8468790
2024-11-29,1759.811276019277,1784.4340168837268,1754.0121263454853,1766.2283935546875,5244346
2024-12-02,1767.3216723437565,1789.9479994533772,1744.6953452341356,1787.095947265625,2868263
2024-12-03,1793.9408410909798,1806.0620629902432,1778.8725217831325,1798.789306640625,4715792
2024-12-04,1791.0888644737497,1819.56180716774,1782.5327074778559,1796.0799560546875,4705573
2024-12-05,1806.2997139926326,1853.7388717964993,1795.7946087095554,1839.4310302734375,9050038
2024-12-06,1837.4821076532628,1842.3780374823932,1818.0881305684336,1827.594970703125,3573331
2024-12-09,1829.3062538776032,1835.0103583375276,1803.6377838079438,1828.783447265625,4274645
2024-12-10,1843.3764867481466,1868.664660829215,1836.721697987323,1852.45556640625,6174921
2024-12-11,1858.5873457085745,1880.4530791874988,1855.7352935156714,1876.79296875,5025612
2024-12-12,1877.791037372581,1900.227273174294,1873.370449502188,1889.0091552734375,6462130
2024-12-13,1872.6099443049989,1907.500003205855,1857.4465798294907,1901.0828857421875,5362693
2024-12-16,1897.0424188970678,1900.9877808683423,1880.072732013709,1882.4019775390625,3119221
2024-12-17,1870.9462106912868,1884.255787393359,1861.4393701898068,1879.1220703125,5811050
2024-12-18,1869.8055830579622,1887.060407082662,1864.861955978867,1881.5465087890625,3064095
2024-12-19,1838.623014099366,1863.1031292043601,1825.3134369549032,1850.2213134765625,5323592
2024-12-20,1877.7436779576376,1882.3068918972044,1816.9949422253026,1827.357421875,11056720
2024-12-23,1834.867922920088,1844.3271834459897,1814.855975875461,1829.4014892578125,2781793
2024-12-24,1832.0158786013108,1846.2285597653754,1749.2587795923225,1814.903564453125,2360544
2024-12-26,1814.9034908105154,1825.0757640546135,1808.4863732653307,1813.3348388671875,3623321
2024-12-27,1815.236249934069,1829.25884045684,1810.007487366256,1822.2237548828125,3937500
2024-12-30,1821.2254956591669,1821.510747311123,1793.4655661808106,1812.00390625,7789055
2024-12-31,1798.9794709559926,1803.4476395627287,1754.0596496753712,1787.2860107421875,3613063
2025-01-01,1781.5819053214227,1799.5973216045268,1781.5819053214227,1789.6627197265625,1838368
2025-01-02,1793.9408108770863,1865.8600828114977,1792.324694404524,1861.2967529296875,7083645
2025-01-03,1856.6384617090841,1856.6384617090841,1827.214835312903,1843.1387939453125,6218003
2025-01-06,1855.7352837034794,1875.69964894824,1832.9188662808956,1842.2830810546875,7164403
2025-01-07,1849.08049857111,1861.9623140172655,1828.7834170796311,1835.6282958984375,4294832
2025-01-08,1834.8202633622047,1842.9961231909604,1795.6045452981161,1837.81494140625,5482050
2025-01-09,1838.6705399259386,1855.5926464465324,1816.3294646707038,1822.74658203125,6833503
2025-01-10,1841.475056372847,1880.2630131182193,1836.9593070090002,1869.947998046875,8036913
2025-01-13,1859.538056114521,1885.0164358188285,1852.8832675701437,1865.4322509765625,5804152
2025-01-14,1871.7543886244132,1874.5589763818855,1835.8660634362316,1844.374755859375,5792162
2025-01-15,1850.981884706997,1861.4869901029845,1841.5700892018165,1853.501220703125,2985439
2025-01-16,1868.9973329214629,1869.948017007702,1822.3187674971882,1833.3466796875,7533579
2025-01-17,1759.7161759087412,1766.3709642563163,1722.6394979722525,1725.9193115234375,16409953
2025-01-20,1733.0494968108637,1737.8029172097529,1704.7191808636662,1723.87548828125,4333011
2025-01-21,1729.3418737355341,1741.3204695981628,1704.6240883474466,1711.896728515625,7169109
2025-01-22,1718.2664752007781,1773.7864501626696,1716.1274359637641,1764.8974609375,8373913
2025-01-23,1766.370941552174,1786.8582289789933,1761.3322697336553,1773.4534912109375,5907471
2025-01-24,1773.501188842313,1801.4513245969808,1772.312833717117,1782.96044921875,4887027
2025-01-27,1757.577160982871,1771.1244088768565,1722.6395216773292,1732.1463623046875,7652371
2025-01-28,1739.7519532584283,1771.5998715284597,1734.9034874184256,1739.5142822265625,6999495
2025-01-29,1754.0120684956396,1795.5094503993766,1749.7339902797964,1788.474365234375,5145155
2025-01-30,1780.7739533235829,1794.1309953598945,1753.0614884709362,1768.224853515625,7336056
2025-01-31,1778.729881094765,1803.875428129993,1778.729881094765,1787.095947265625,5820470
2025-02-01,1787.571323971164,1797.3633003755383,1754.9628135718901,1760.0489501953125,1701402
2025-02-03,1745.4559465267448,1784.0062318529979,1742.0335070965566,1771.40966796875,4823228
2025-02-04,1795.8421853594061,1816.947325024505,1782.5326085489075,1805.158935546875,7334787
2025-02-05,1812.0039378058837,1825.0282638663168,1800.880979990787,1803.495361328125,4996744
2025-02-06,1822.46137881177,1829.116167362465,1806.2997494743677,1821.177978515625,4765255
2025-02-07,1824.648004479721,1828.8309215990796,1796.2699917999128,1809.769775390625,4126260
2025-02-10,1811.0531389851265,1811.0531389851265,1785.9550565261386,1787.5712890625,3828734
2025-02-11,1790.2330622534764,1809.1516975397526,1777.779124750046,1783.1505126953125,4411601
2025-02-12,1792.0393905493213,1801.1659339967016,1755.91339753029,1771.2669677734375,5633947
2025-02-13,1776.353161119435,1781.1065814060805,1745.1232130462338,1752.348388671875,5237744
2025-02-14,1762.5681886374266,1767.606860408019,1738.1831200991312,1764.849853515625,5292961
2025-02-17,1747.880247229523,1761.3799146336082,1732.2890052365772,1751.4453125,4428956
2025-02-18,1751.445375977347,1769.8410902296603,1746.977091046225,1760.619384765625,4365260
2025-02-19,1756.2937934312417,1758.004955145868,1716.840404092615,1721.498779296875,4611411
2025-02-20,1716.5077280780874,1740.7025920720746,1716.5077280780874,1735.14111328125,2218020
2025-02-21,1731.956275207461,1739.6092122968646,1717.1255109603246,1725.4915771484375,3379879
2025-02-24,1711.2789698500455,1718.8368620656656,1663.9348549947076,1677.101806640625,7594720
2025-02-25,1659.0863139546623,1690.744023588038,1659.0863139546623,1680.524169921875,5092963
2025-02-27,1668.640674098442,1688.2723238346587,1664.7428925260701,1677.2919921875,5757079
2025-02-28,1668.4982752722037,1668.5457398498413,1599.4785126706022,1604.4696044921875,12182167
2025-03-03,1608.8427856333933,1643.3525496222132,1608.8427856333933,1624.3388671875,7504969
2025-03-04,1611.4094536632444,1615.212189837081,1587.642352576766,1605.0399169921875,6759673
2025-03-05,1608.9852468032536,1647.4879525703643,1608.9852468032536,1627.0958251953125,8180782
2025-03-06,1630.4231429408271,1637.3631829139892,1607.7017709749155,1631.231201171875,10610547
2025-03-07,1619.109945155919,1620.9162680194895,1592.8710891886537,1602.853271484375,8019331
2025-03-10,1602.8533592169706,1634.225933863566,1593.5366088108908,1617.5413818359375,7558981
2025-03-11,1597.1492261839649,1597.1492261839649,1556.3173920894415,1579.6566162109375,12671234
2025-03-12,1556.1746748414012,1556.1746748414012,1486.6796971141694,1512.3956298828125,14870008
2025-03-13,1520.381526929375,1526.8462251444753,1492.8592690164621,1501.938232421875,7822888
2025-03-17,1468.949515897204,1515.3904095675546,1468.949515897204,1511.63525390625,7526032
2025-03-18,1511.63525390625,1511.63525390625,1511.63525390625,1511.63525390625,0
2025-03-19,1523.9465678973438,1523.9465678973438,1495.2359553339961,1508.307861328125,7387068
2025-03-20,1513.4891497172634,1551.4214700841842,1513.4891497172634,1535.8778076171875,7186750
2025-03-21,1500.131882621123,1524.8022038807094,1486.5371700431922,1514.011962890625,10074677
2025-03-24,1519.1456594946171,1527.844442496362,1495.140885206093,1514.2021484375,8857726
2025-03-25,1525.84798372026,1555.46181670782,1525.84798372026,1548.1414794921875,9890140
2025-03-26,1545.8122407498795,1556.9827781599724,1516.3410356679321,1520.571533203125,6651302
2025-03-27,1516.8640098840594,1540.0606082841557,1507.7849306219216,1524.469482421875,9426573
2025-03-28,1511.5876072967835,1519.620840928022,1483.0670864043914,1493.19189453125,6799047
2025-04-01,1463.3404602190724,1471.0885586286036,1442.9957978349414,1451.21923828125,12680733
2025-04-02,1459.4902057913214,1478.9317655581158,1459.4902057913214,1473.7030029296875,6193478
2025-04-03,1458.9673514518697,1458.9673514518697,1411.8134441365378,1422.69873046875,10459504
2025-04-04,1388.4742004590178,1399.4070681791675,1376.5906485892897,1380.0606689453125,9590254
2025-04-07,1285.3249277060586,1336.5668248830998,1242.5441423903983,1327.8680419921875,21715252
2025-04-08,1360.4289830692378,1384.671428260199,1345.218037067066,1358.3375244140625,12805001
2025-04-09,1335.758736096975,1339.9416532809853,1313.7503760547593,1334.4752197265625,8546854
2025-04-11,1341.652928180614,1367.844321400648,1328.1532604606723,1339.941650390625,12567440
2025-04-15,1374.3089224037624,1376.3053358191778,1339.513907284088,1355.675537109375,10178530
2025-04-16,1354.7249077086744,1357.1016180730755,1327.9156612183533,1343.4117431640625,12022740
2025-04-17,1329.0563853909828,1359.2881865002564,1310.327954849587,1349.49609375,14264227
2025-04-21,1340.4645789137878,1399.2169026224717,1340.4645789137878,1379.442626953125,15648970
2025-04-22,1368.985143422317,1368.985143422317,1349.3060284057444,1352.6334228515625,9399738
2025-04-23,1374.6892676203474,1414.427911126592,1368.6048659090611,1402.1640625,11136642
2025-04-24,1397.4106437086987,1409.7695375562273,1389.4248737048488,1398.836669921875,7114292
2025-04-25,1402.7343459374797,1427.642222162945,1391.3261370921732,1407.2025146484375,8329979
2025-04-28,1407.2024661808139,1416.1389193452367,1393.0373668593481,1409.0087890625,5886253
2025-04-29,1408.9138107783806,1435.3428747016321,1401.4033833138335,1423.6494140625,8056743
2025-04-30,1422.9840278751349,1434.3922372400868,1409.4842438297574,1426.1212158203125,7704183
2025-05-02,1425.7408206525301,1448.081895785028,1422.4134264838601,1432.5858154296875,7402310
2025-05-05,1440.2864278864722,1447.8919007730015,1428.6881281546378,1434.2020263671875,4282493
2025-05-06,1431.7302219442606,1440.856765886036,1425.170478593818,1436.958984375,4270530
2025-05-07,1426.026145690909,1443.8990531370239,1422.7937965506155,1433.9168701171875,5691799
2025-05-08,1433.6315426322524,1441.7123570303784,1427.166844693632,1436.8638916015625,8424409
2025-05-09,1426.6915991963783,1436.8639888159648,1420.4171072727893,1433.2513427734375,4478653
2025-05-12,1461.2013305506293,1551.5163119444549,1456.4479104772702,1546.6678466796875,11372857
2025-05-13,1529.6505772658943,1532.6927196880702,1487.4401838690076,1491.242919921875,12846210
2025-05-14,1496.3767741072957,1516.3411402167324,1492.0986956552736,1513.869384765625,4870057
2025-05-15,1511.3976659657826,1538.7772990924948,1493.524758023796,1533.4534912109375,11151167
2025-05-16,1533.0731584594146,1533.0731584594146,1503.5069061207216,1511.49267578125,4576751
2025-05-19,1498.7534529196623,1506.8342676039738,1478.9791776249906,1482.8770751953125,8855798
2025-05-20,1492.5740269319685,1505.4082621953962,1481.1658178089215,1483.6375732421875,7143998
2025-05-21,1490.5776840160047,1493.5247816353951,1475.5568282070587,1491.1480712890625,4157309
2025-05-22,1478.789066286349,1483.8277382618005,1464.0534632471729,1471.18359375,6158990
2025-05-23,1473.5603223754533,1508.9257236923431,1473.5603223754533,1487.6304931640625,5038421
2025-05-26,1489.3416207391451,1505.693456152503,1485.6339297061554,1502.55615234375,3170102
2025-05-27,1501.985817890451,1504.8378701621398,1479.6447417622219,1492.6690673828125,7775714
2025-05-28,1503.0315254066693,1509.4010623010483,1492.5740005619675,1494.2852783203125,3623370
2025-05-29,1510.6368898553303,1529.5555248389078,1498.8483849371494,1507.404541015625,8609500
2025-05-30,1514.5387348868949,1515.5027951891782,1499.2101525439637,1506.5369873046875,13148092
2025-06-02,1503.9340358386107,1503.9340358386107,1483.6887699715526,1497.9569091796875,4374509
2025-06-03,1502.9700087561519,1510.9717563250315,1480.410974183671,1487.5450439453125,6853403
2025-06-04,1487.545069852834,1501.3311794658816,1486.0025968815146,1495.4503173828125,4548307
2025-06-05,1492.2689554139665,1511.3572786610305,1486.195328477135,1498.43896484375,6948539
2025-06-06,1498.8244913615613,1512.5142181403369,1487.641415492617,1507.5975341796875,3960020
2025-06-09,1521.2871674371763,1530.9277705261318,1514.5387452749073,1516.3704833984375,2903202
2025-06-10,1527.0715350387688,1549.726952383094,1520.8051430073597,1538.6402587890625,8591925
2025-06-11,1532.9521677606,1575.8528485433976,1532.9521677606,1572.4786376953125,10597410
2025-06-12,1558.8856061675938,1569.4902701551284,1540.6648417796544,1550.7874755859375,10483574
2025-06-13,1519.3591134860721,1551.1731050755648,1513.7675163758718,1544.4246826171875,6968315
2025-06-16,1542.4964798976407,1576.0458254086714,1539.7006814911979,1565.441162109375,5591842
2025-06-17,1562.452616510744,1588.193099360836,1557.535932091381,1580.962646484375,7622083
2025-06-18,1562.7417700471647,1585.589952431105,1562.7417700471647,1574.214111328125,5629707
2025-06-19,1565.5375611980423,1571.4183055533617,1553.5831898154863,1560.2352294921875,5147760
2025-06-20,1560.8136276168789,1572.0930860674746,1551.076642111549,1564.573486328125,9202821
2025-06-23,1543.4605584963404,1543.4605584963404,1518.7806380620095,1527.071533203125,7943676
2025-06-24,1543.4604830931148,1551.172965207259,1519.9373891083474,1524.7576904296875,8083992
2025-06-25,1532.8558375256184,1561.6812632899293,1528.1319186406413,1556.8609619140625,7813533
2025-06-26,1550.9803214172216,1565.6339915058402,1548.8593180602195,1557.9215087890625,6519233
2025-06-27,1560.8136478253264,1571.0326636135578,1544.8102701550988,1550.208984375,8912268
2025-06-30,1556.9573602116636,1556.9573602116636,1536.8084767193552,1544.2318115234375,6294505
2025-07-01,1551.1730095922587,1559.5602870581276,1542.978497111504,1549.0521240234375,4178937
2025-07-02,1559.8495930029494,1589.735462831807,1545.7743359105034,1552.619140625,8653641
2025-07-03,1560.331649069145,1573.7321112354073,1556.9574379034102,1560.5244140625,5259695
2025-07-04,1566.5980642699803,1584.3367981958825,1554.3545449332526,1581.7337646484375,4411273
2025-07-07,1581.058907066303,1584.91514830305,1564.669881810128,1568.526123046875,3294523
2025-07-08,1569.4902652889589,1587.0361167588558,1563.2238729521173,1579.8056640625,4590681
2025-07-09,1578.937970779495,1579.1307357618878,1565.248244218562,1574.9852294921875,4580828
2025-07-10,1579.998406486553,1579.998406486553,1549.341242702206,1557.7286376953125,5330179
2025-07-11,1522.3476337948875,1549.3413228616234,1506.8262861181436,1537.579833984375,11391755
2025-07-14,1534.5911874414394,1534.5911874414394,1503.7412587495296,1513.8638916015625,9173426
2025-07-15,1508.8507771918205,1545.967099361679,1507.790334380739,1528.614013671875,7614807
2025-07-16,1522.2511831800944,1554.0651724422496,1521.7691530397587,1550.112548828125,6223491
2025-07-17,1540.5683518202854,1552.1370753633664,1523.3116489985612,1526.5894775390625,7374814
2025-07-18,1534.8804313290245,1541.8217363306167,1523.2153248462614,1529.0960693359375,5161833
2025-07-21,1523.2153333190533,1531.8918763569468,1510.4897839367352,1527.36083984375,3682661
2025-07-22,1508.7544033781517,1528.806905141675,1508.7544033781517,1514.4423828125,8473741
2025-07-23,1519.648319505044,1534.6876368616054,1494.2934861823694,1517.9129638671875,8035026
2025-07-24,1523.21527148752,1525.14339208434,1492.558106924831,1496.70361328125,14169664
2025-07-25,1487.930738061539,1493.8114825426642,1456.9844249801497,1461.2261962890625,10851259
2025-07-28,1459.4908778130184,1464.6968268487494,1429.2193615593824,1461.515380859375,6439855
2025-07-29,1458.5267960319763,1462.6721845547067,1442.3305365336291,1459.2979736328125,7070448
2025-07-30,1465.2753927209724,1467.0106307922656,1451.8749299240865,1464.40771484375,5719051
2025-07-31,1455.4418850255533,1472.21655890233,1443.198365471235,1454.76708984375,6851407
2025-08-01,1440.2096707795008,1444.8370894973941,1412.83033538686,1416.782958984375,8702978
2025-08-04,1408.9741142502269,1429.5086455065348,1398.8514812022438,1427.291259765625,8610216
2025-08-05,1425.5559991895734,1425.5559991895734,1402.7078158601623,1407.8173828125,10213323
2025-08-06,1399.8155998166778,1403.768223634903,1378.895537719122,1385.0654296875,10566934
2025-08-07,1378.6062610201184,1390.1749848888187,1363.3740608530718,1385.25830078125,9892020
2025-08-08,1373.785961785155,1381.6912093691872,1366.169861688454,1371.9542236328125,10048009
2025-08-11,1368.8693412283471,1381.8841562074572,1363.1813615156616,1376.8709716796875,6625368
2025-08-12,1376.8708364780418,1389.2108550605094,1369.9296495773656,1372.918212890625,9899184
2025-08-13,1373.7858962323605,1382.4624387348806,1371.279363046038,1375.328369140625,10318063
2025-08-14,1374.9427475738962,1417.1686356270611,1374.9427475738962,1395.6700439453125,12902347
2025-08-18,1412.05912550974,1412.05912550974,1378.2206312900619,1384.1978759765625,7254561
2025-08-19,1381.2091389381637,1397.3090164904586,1381.2091389381637,1388.246826171875,3986094
2025-08-20,1388.921654258322,1445.1264179190935,1388.921654258322,1442.427001953125,10413061
2025-08-21,1453.802949118853,1453.802949118853,1430.9547668193538,1442.619873046875,6565539
2025-08-22,1444.258688328196,1450.2359327005538,1432.6899649169563,1434.0396728515625,5543397
2025-08-25,1452.549588321255,1483.6887826854402,1452.549588321255,1477.0367431640625,10694531
2025-08-26,1468.2638125760993,1483.1103644867733,1464.021923789744,1474.6265869140625,15994798
2025-08-28,1474.6266696224122,1474.6266696224122,1444.162386475055,1446.1868896484375,5443364
2025-08-29,1447.922152992462,1447.922152992462,1414.951220922169,1416.782958984375,8169075
2025-09-01,1423.6277245981132,1449.3682038919694,1423.145694472945,1445.511962890625,4546057
2025-09-02,1445.5120710387366,1458.4305028963795,1432.8829043510907,1444.837158203125,5218763
2025-09-03,1446.09053538698,1447.9222736017668,1420.0609057500144,1425.941650390625,4623483
2025-09-04,1430.6654315565193,1430.6654315565193,1407.6243677138264,1410.420166015625,5787724
2025-09-05,1417.1686742864704,1419.771590084351,1381.4984423486478,1392.6815185546875,5466487
2025-09-08,1398.8514448025214,1405.5998666589085,1376.9673238557784,1381.4019775390625,3811567
2025-09-09,1427.7733097648295,1453.0316426482493,1419.5787971834648,1450.2359619140625,13072640
2025-09-10,1455.8274419814547,1479.7361846012639,1455.056264347903,1477.518798828125,7281071
2025-09-11,1469.1314991861996,1472.6020926929066,1452.3568266067848,1455.4417724609375,8003662
2025-09-12,1481.7606968153777,1487.4486761823323,1466.4321143461764,1470.7703857421875,12856963
2025-09-15,1470.7703889313757,1472.6021270614033,1447.2472937742573,1454.1885986328125,6167414
2025-09-16,1454.18869843609,1459.5874130189484,1449.4647790449067,1456.9844970703125,8923112
2025-09-17,1462.3832147820146,1471.830935901443,1459.58741614181,1467.685546875,4795698
2025-09-18,1494.2935138953433,1499.1138155530703,1483.2068200825713,1485.2313232421875,9331945
2025-09-19,1489.0875921991392,1495.546867150236,1465.4681136380061,1484.845703125,12988129
2025-09-22,1429.4121385641438,1460.2620677071914,1428.7373434373958,1445.6083984375,15655204
2025-09-23,1439.3420265057648,1458.6232324870878,1439.3420265057648,1443.6802978515625,9832164
2025-09-24,1433.7504516255494,1442.909024606748,1429.4121802134027,1440.884521484375,4937004
2025-09-25,1435.4858961438838,1448.6934761875953,1423.4351414751138,1431.4368896484375,9491867
2025-09-26,1421.9889772759154,1425.555953399892,1389.4036912657584,1396.8270263671875,8597058
2025-09-29,1407.5280279964163,1412.3483294621576,1384.872611107433,1389.982177734375,10513117
2025-09-30,1391.1390030128964,1400.0083106366037,1386.4150840398418,1389.982177734375,7556305
2025-10-01,1394.0312659732858,1397.405477197979,1376.0997670015454,1393.8385009765625,6250692
2025-10-03,1387.282784330546,1396.2485922754322,1381.6911874663804,1394.609619140625,6877533
2025-10-06,1394.6096065704758,1425.6524188431904,1390.4642178899833,1422.9530029296875,4630590
2025-10-07,1424.5918193613172,1429.6050033943986,1401.743637948074,1406.0819091796875,5570320
2025-10-08,1404.6358503769075,1444.1623224877194,1402.707729786136,1441.2701416015625,4657192
2025-10-09,1448.0185870707542,1459.5873108023447,1433.557682406266,1455.0562744140625,7028753
2025-10-10,1455.7310370996563,1467.0104954131987,1444.933608930849,1460.4549560546875,3738353
2025-10-13,1443.1982662450723,1450.6214834671307,1430.087069727637,1439.5347900390625,5859355
2025-10-14,1445.1264411305913,1459.9729938155936,1433.075686951717,1436.353515625,5600789
2025-10-15,1430.5690952632847,1435.1001315764527,1414.75848288892,1421.4105224609375,6986098
2025-10-16,1420.9285143742625,1421.5069270236047,1408.0100826842827,1418.61474609375,8005748
2025-10-17,1402.6113299617484,1405.9855409539045,1382.462446500531,1389.3072509765625,16959378
2025-10-20,1401.4544470050912,1414.276496397426,1397.8874708768014,1408.395751953125,6994246
2025-10-21,1424.881136066363,1432.5936185349226,1417.1686535978035,1419.482421875,1698704
2025-10-23,1455.7310466373283,1490.4372172856354,1451.8748054541832,1473.566162109375,20358624
2025-10-24,1484.1708637038648,1487.5450748262833,1463.4435668090073,1470.57763671875,8652257
2025-10-27,1478.0165606695539,1483.2043487095048,1466.3685916918344,1472.633056640625,7273211
2025-10-28,1467.9347848431598,1474.5908017388306,1458.9296979699484,1468.4241943359375,8211019
2025-10-29,1468.4241778932897,1488.0005573851865,1465.1941469679696,1478.408203125,4884976
2025-10-30,1475.0801523386458,1476.2546872805226,1457.5592692997866,1462.1597900390625,5608867
2025-10-31,1458.4403008415877,1465.3898918009988,1449.3372364048548,1450.9034423828125,4819814
2025-11-03,1450.9033496746388,1459.8105780526128,1442.974820743242,1454.0355224609375,5470600
2025-11-04,1448.3583414401685,1450.511814804534,1431.9142548968182,1436.808349609375,8691330
2025-11-06,1447.2816360762577,1451.58846323567,1430.9354078512456,1435.6336669921875,7944752
2025-11-07,1438.8638806951196,1449.533031326473,1418.4065403991735,1445.5198974609375,8765759
2025-11-10,1458.5381171839108,1487.8048281611332,1458.4402591842686,1481.4425048828125,9787975
2025-11-11,1492.6989304110698,1500.9210336624128,1479.0933228205395,1497.88671875,13692989
2025-11-12,1507.3812396717751,1526.1745164244364,1505.5214596999074,1518.8333740234375,14635417
2025-11-13,1524.1189242683809,1524.5104757353395,1497.8866487683968,1509.14306640625,19655689
2025-11-14,1487.8047537888665,1497.59294295853,1457.2656513734084,1470.9691162109375,9739549
2025-11-17,1464.3132041198487,1478.212385937251,1460.8873376663598,1475.66748046875,7910354
2025-11-18,1474.1013313334302,1474.1013313334302,1451.784211591062,1454.91650390625,7525119
2025-11-19,1458.9296699222182,1510.317665675936,1458.9296699222182,1508.4578857421875,10981126
2025-11-20,1522.0634729079381,1522.0634729079381,1501.5082748815287,1503.955322265625,7387584
2025-11-21,1498.5718033380108,1518.6375916910017,1493.9714020948772,1512.2752685546875,9186302
2025-11-24,1530.4813442936104,1551.4280945139647,1508.3600590826622,1515.2117919921875,19270381
2025-11-25,1516.1905908718425,1517.7566773334454,1493.5798964672151,1498.1802978515625,8107952
2025-11-26,1499.6485223505715,1527.251289037942,1499.6485223505715,1524.902099609375,7575038
2025-11-27,1530.8728564928056,1540.954739594805,1519.3227449478784,1533.2220458984375,7552252
2025-11-28,1531.8516566735827,1535.179665000364,1524.0211050739736,1527.055419921875,4453221
2025-12-01,1529.4045743430058,1540.6609920101703,1523.042251313739,1530.872802734375,5341800
2025-12-02,1533.8093151456649,1546.4361036663386,1523.1401645511503,1527.9364013671875,6335969
2025-12-03,1522.1613705980963,1552.406900951154,1521.182551618934,1545.261474609375,12895312
2025-12-04,1534.7880917871573,1565.1314788059085,1534.7880917871573,1563.7611083984375,12609619
2025-12-05,1575.8985332981872,1597.2368345243183,1566.1103436503722,1581.9671630859375,10344725
2025-12-08,1582.8481284293375,1595.4749170068917,1566.306063981828,1576.681640625,7550413
2025-12-09,1567.2848235795727,1572.8641631737528,1548.883099378693,1565.1314697265625,6957599
2025-12-10,1573.9408513587562,1573.9408513587562,1549.2746619298632,1551.2322998046875,5116140
2025-12-11,1564.1527099609375,1573.3536321517727,1547.023378030827,1564.1527099609375,5159319
2025-12-12,1567.4806809838458,1567.8722324584342,1549.0788370408115,1564.348388671875,4633912
2025-12-15,1551.4280562362142,1576.6816332735752,1551.4280562362142,1572.766357421875,4190558
2025-12-16,1566.1103574156468,1569.0468143358012,1552.0153403019585,1559.1607666015625,5499258
2025-12-17,1553.5814245843821,1572.8642300238714,1552.4068896118622,1568.0679931640625,4817628
2025-12-18,1576.3879761796316,1595.4749463972676,1572.6684162407605,1592.3427734375,6577293
2025-12-19,1615.0513027562847,1619.847539612933,1595.2792073285575,1603.9906005859375,13149023
2025-12-22,1628.7547583833573,1657.3362243784013,1628.7547583833573,1653.8125,23098923
2025-12-23,1643.4370603643276,1643.4370603643276,1621.3157754082474,1632.9637451171875,6593060
2025-12-24,1625.8182910699556,1632.2784723030877,1617.4983299175808,1628.16748046875,4271167
2025-12-26,1628.167521100225,1633.453167508233,1616.7152673020842,1621.0220947265625,2006491
2025-12-29,1622.8818655924697,1637.6620082639456,1602.4245250544589,1609.863525390625,4062817
2025-12-30,1612.1148331917736,1612.9957941560388,1582.554548282334,1587.2528076171875,9395937
2025-12-31,1586.6655664923117,1594.1045668429529,1575.1154547350545,1581.1842041015625,6538656
2026-01-01,1581.184158007412,1604.8715288376811,1579.9116455766828,1595.2791748046875,3658165
2026-01-02,1601.2499777187402,1608.6889779975038,1593.0278744696911,1605.6546630859375,2524526
2026-01-05,1602.3265912739637,1602.3265912739637,1549.568226955718,1572.374755859375,5917885
2026-01-06,1566.2081943610224,1585.5888575673962,1565.1315174017209,1578.0518798828125,4466729
2026-01-07,1580.7926463324388,1607.2207586859843,1580.7926463324388,1604.2843017578125,4508079
2026-01-08,1604.186403368615,1609.472049603195,1574.5281413468902,1579.128662109375,3942131
2026-01-09,1575.898487352098,1596.747378487979,1572.9620305433675,1579.91162109375,6816681
2026-01-12,1575.996349102621,1579.1286413969012,1558.867017677559,1562.09716796875,6985362
2026-01-13,1583.7290294043642,1583.7290294043642,1552.7983751003353,1565.1314697265625,8080618
2026-01-14,1554.3644397699236,1582.7501883551427,1549.5682031809922,1565.91455078125,7557157
2026-01-15,1565.91455078125,1565.91455078125,1565.91455078125,1565.91455078125,0
2026-01-16,1628.461030733189,1658.119292555676,1618.3792672921977,1654.00830078125,19335957
2026-01-19,1649.309891747184,1649.309891747184,1631.201741600405,1645.59033203125,5104958
2026-01-20,1637.5641409981627,1644.6115898062917,1617.889903547792,1623.7628173828125,6406503
2026-01-21,1616.0301458476063,1621.9030597634667,1596.6494821313709,1619.358154296875,6224582
2026-01-22,1630.712428320841,1635.8022392467942,1618.7708845027832,1628.265380859375,6228892
2026-01-23,1631.8869227568262,1640.2068839190629,1626.9928279555104,1635.4107666015625,5869137
2026-01-27,1650.0930280724322,1653.6167523834592,1625.9161283991023,1647.05859375,10673087
2026-01-28,1644.4158380681818,1653.029492632909,1615.05126953125,1631.2017822265625,8588664
2026-01-29,1622.8818691859371,1631.2018305177105,1607.318623503672,1624.35009765625,4749582
2026-01-30,1619.9454090553113,1619.9454090553113,1583.8269648597889,1606.241943359375,9207926
2026-02-02,1626.7970461591942,1626.7970461591942,1583.7290136495644,1594.8875732421875,6784887
2026-02-03,1690.616056346825,1691.3991593070652,1617.9877374621406,1620.9241943359375,8805868
2026-02-04,1540.66097646391,1551.3301265638145,1478.1144237257668,1503.2701416015625,28828622
2026-02-05,1501.5082372972433,1518.1481590925844,1483.5958031001303,1488.00048828125,10628127
2026-02-06,1489.86026239605,1492.6988611765453,1448.6520095352703,1475.177978515625,13900866
2026-02-09,1489.8602864300617,1495.6353420798034,1461.376679139494,1465.4876708984375,8294615
2026-02-10,1468.2284271414342,1483.7916723660803,1459.4190565785855,1466.0750732421875,8657000
2026-02-11,1469.4029562852068,1474.003477029586,1437.885033967625,1440.7236328125,7934411
2026-02-12,1398.6344233110094,1405.2903204885395,1351.259562174479,1356.64306640625,26048896
2026-02-13,1266.493817560756,1348.1273389393946,1254.3564391221673,1340.1009521484375,45785709
2026-02-16,1344.6035807140283,1346.854912154694,1309.953484521095,1336.6751708984375,14621891
2026-02-17,1340.9819956812096,1400.6899531531467,1338.0455387563604,1361.73291015625,25347684
2026-02-18,1361.4392729027982,1371.3253201935424,1316.805153615715,1344.603515625,20241373
2026-02-19,1355.6643110050506,1372.3042339560152,1334.326009074035,1341.471435546875,14574228
2026-02-20,1330.4106332686276,1336.0878308198503,1309.8554358713993,1324.5377197265625,12633552
2026-02-23,1323.3632672728343,1323.3632672728343,1290.0834217940796,1299.3822021484375,12887826
2026-02-24,1273.4434027288626,1275.988307999553,1237.3249610296912,1248.4835205078125,27839061
2026-02-25,1258.9568742250233,1295.564726518415,1258.9568742250233,1262.7742919921875,16669618
2026-02-26,1277.848187510079,1286.168148899459,1259.054910753846,1261.7955322265625,11493914
2026-02-27,1298.207628321947,1306.723305439908,1266.7874442662774,1272.5625,23141724
2026-03-02,1263.6552272829085,1271.290062662244,1246.0364867011174,1261.5997314453125,9700361
2026-03-04,1264.6340504084835,1289.104523520103,1264.6340504084835,1279.7078857421875,15154950
2026-03-05,1292.0410271405913,1292.0410271405913,1262.7743163409898,1278.141845703125,10362147
2026-03-06,1275.4011212294208,1299.0884925711757,1275.4011212294208,1280.686767578125,8724291
2026-03-09,1262.676497890922,1290.0834296280893,1255.3353554613236,1287.14697265625,10068514
2026-03-10,1292.0410437407636,1293.0198627132945,1256.9014187299574,1268.1578369140625,9600171
2026-03-11,1260.7188580118502,1271.975276386956,1244.3726286871142,1249.2667236328125,7868891
2026-03-12,1245.5471752363726,1251.5179472285731,1231.3542997621664,1238.9891357421875,7599940
2026-03-13,1224.5025045780033,1242.7085131232232,1216.280401513626,1221.8597412109375,7366098
2026-03-16,1213.931245180508,1227.7326883178384,1198.2701415781937,1223.3280029296875,12314450
2026-03-17,1218.6295738865974,1218.6295738865974,1189.3628638376754,1206.785888671875,11223276
2026-03-18,1211.7778669014497,1263.459555545422,1208.7435520363658,1240.261474609375,12365381
2026-03-19,1217.846529327881,1228.4178221249233,1189.3629208552388,1194.9422607421875,9156461
2026-03-20,1215.6930991638783,1238.0102183433878,1203.1641691885866,1229.2987060546875,27299975
2026-03-23,1211.9735596886824,1234.3885372371806,1201.4023868626336,1230.1796875,12420293
2026-03-24,1242.1213008151199,1269.5282325903943,1224.5025589595862,1251.224365234375,13613495
2026-03-25,1243.100095463166,1263.263742406015,1230.4733068170258,1252.00732421875,10824030
2026-03-27,1257.9780904958054,1267.3748481809973,1236.444073189259,1242.806396484375,13092541
2026-03-30,1223.5236944376795,1238.6953882487069,1216.6719617488286,1224.1109619140625,14108486
2026-04-01,1262.6764804554484,1275.4011271577126,1242.610691424955,1248.6793212890625,8137156
2026-04-02,1233.3119397486187,1277.7503462365091,1233.116223742555,1273.247802734375,12873492
2026-04-06,1273.8350657038357,1292.041075138383,1271.4858762157266,1278.5333251953125,10208682
2026-04-07,1274.4222980187042,1316.609371698259,1266.1023367797188,1311.0301513671875,15355792
2026-04-08,1320.4267760360608,1347.7358488962445,1302.8080347694565,1317.68603515625,16030133
2026-04-09,1301.7313192842819,1309.170319257509,1286.1680743957882,1303.395263671875,14894607
2026-04-10,1290.0834192154255,1290.9643801968148,1256.1184483091881,1265.12353515625,19233369
2026-04-13,1245.0577246851824,1261.6976471062894,1238.8911174058185,1249.756103515625,10366082
2026-04-15,1278.631284802942,1294.4881045276459,1272.9540869097948,1277.6524658203125,12098912
2026-04-16,1294.0965334739733,1302.808046184627,1281.2740288923192,1291.2579345703125,18527029
2026-04-17,1285.1893342368037,1300.165312581974,1278.4354593069281,1290.7685546875,12064048
2026-04-20,1292.0410136169874,1296.8372503675125,1280.3930442184933,1284.7977294921875,7172300
2026-04-21,1282.2528368892558,1296.9351212811175,1271.7795218169556,1285.385009765625,10057440
2026-04-22,1267.5705813427946,1270.2133447995752,1229.2987830540255,1241.729736328125,20088378
2026-04-23,1227.438951608261,1238.891085420282,1200.0320212693207,1214.32275390625,14792854
2026-04-24,1174.5826894228176,1197.9764852174349,1127.7950978335834,1130.144287109375,42078914
2026-04-27,1130.1443119385692,1154.9084786451926,1130.04645394258,1145.5118408203125,19579883
2026-04-28,1138.0727223885278,1144.6308809119316,1125.4460537763027,1127.697265625,12720276
2026-04-29,1133.961747660014,1153.2444330805374,1132.2978032475876,1142.7711181640625,8303109
2026-04-30,1142.7711514334947,1164.5988623339997,1135.0384576467616,1156.768310546875,12205669
2026-05-01,1156.768310546875,1156.768310546875,1156.768310546875,1156.768310546875,0
2026-05-04,1169.6886601132755,1169.6886601132755,1140.5198072387318,1143.652099609375,7735811
2026-05-05,1144.728787187228,1160.0961972461241,1135.5278649580357,1153.1466064453125,8164108
2026-05-06,1161.8580797644604,1166.2627649868193,1139.443102180398,1142.4774169921875,9856963
2026-05-07,1148.1546369607545,1150.5038263553197,1134.6468875555572,1138.07275390625,12013987
2026-05-08,1136.4088093734103,1158.4322359116547,1134.2554554613432,1154.2232666015625,7582770
2026-05-11,1151.0911273032605,1161.8581361470833,1147.2737093616843,1152.0699462890625,7336288
2026-05-12,1137.3876630949442,1137.3876630949442,1099.2137225952,1116.1473388671875,16891948
2026-05-13,1112.5255790772605,1118.398492694932,1097.2560275682617,1099.3115234375,6664111
2026-05-14,1096.0815207310736,1098.137016652994,1065.933848927119,1071.8067626953125,16914842
2026-05-15,1078.658538900176,1109.1976439317652,1078.266987402901,1095.2984619140625,17482450
2026-05-18,1095.2984136735845,1121.8243835304838,1094.319594715878,1118.3006591796875,12096377
2026-05-19,1137.3876555901809,1173.0166903851343,1137.3876555901809,1171.5484619140625,32175705
2026-05-20,1161.8580984968487,1181.3366195800531,1159.802602590221,1168.4161376953125,15121010
2026-05-21,1170.7653346096859,1176.3446743746752,1152.0699163634372,1156.180908203125,10021033
2026-05-22,1157.4533539662823,1166.5564175672662,1147.6651649263981,1149.622802734375,8803066
2026-05-25,1157.9428754813864,1159.900513478819,1141.4008105061328,1143.75,5856136
2026-05-26,1141.5965459846338,1155.6914427435413,1138.2685377836078,1142.966796875,8005767
2026-05-27,1136.4088302961693,1142.5754376343073,1130.5359164445094,1135.3321533203125,6371871
2026-05-28,1135.3321533203125,1135.3321533203125,1135.3321533203125,1135.3321533203125,0
2026-05-29,1156.96396849116,1184.370898370815,1129.1654871448488,1136.3109130859375,69085430
2026-06-01,1150.1122640819906,1191.222659904496,1148.8397516554953,1177.02978515625,19439331
2026-06-02,1206.3943648530496,1251.811588367994,1206.3943648530496,1243.8831787109375,36032600
2026-06-03,1215.7909483013548,1223.425783618914,1190.2437985614154,1196.7039794921875,18534303
2026-06-04,1182.4132636253246,1189.4607121046952,1170.8631524946943,1175.855224609375,12755957
2026-06-05,1194.159169493737,1197.8787294549086,1169.0035692089534,1172.1357421875,8692290
2026-06-08,1152.559265415463,1175.26781631171,1151.5804465064052,1162.4453125,8631711
2026-06-09,1168.3182691086097,1168.3182691086097,1142.5754025403635,1155.300048828125,10984054
2026-06-10,1160.0999755859375,1171.4000244140625,1143.300048828125,1145.300048828125,8887626
2026-06-11,1129.699951171875,1133.699951171875,1109.0,1114.5999755859375,9372176
2026-06-12,1120.0,1123.300048828125,1111.5,1116.4000244140625,8075333
2026-06-15,1130.0,1151.0,1123.0,1134.9000244140625,7856192
2026-06-16,1136.9000244140625,1153.800048828125,1123.199951171875,1143.5999755859375,10456090
2026-06-17,1149.0,1162.5,1148.0,1157.699951171875,5995119
2026-06-18,1142.9000244140625,1142.9000244140625,1125.300048828125,1127.5,16781447
2026-06-19,1062.300048828125,1066.0,1030.0,1051.4000244140625,45665442
2026-06-22,1055.0,1080.300048828125,1055.0,1065.4000244140625,10178505
2026-06-23,1053.800048828125,1055.300048828125,1026.0,1029.300048828125,19323064
2026-06-24,1040.9000244140625,1065.5,1037.699951171875,1056.5999755859375,12346266
2026-06-25,1065.0,1068.0,1039.0999755859375,1041.199951171875,15866779
2026-06-26,1041.199951171875,1041.199951171875,1041.199951171875,1041.199951171875,0
2026-06-29,1037.0999755859375,1046.5999755859375,1029.0999755859375,1036.699951171875,15080892
2026-06-30,1030.0,1030.4000244140625,996.0,1000.4000244140625,24128263
2026-07-01,1006.0,1014.0,982.4000244140625,985.2999877929688,13037982
2026-07-02,1006.4000244140625,1045.0,1006.0,1040.9000244140625,18741111
2026-07-03,1063.0,1068.699951171875,1042.0,1047.199951171875,11653534
2026-07-06,1050.0999755859375,1053.0,1033.0,1042.199951171875,5559747
2026-07-07,1040.5999755859375,1087.5,1040.5999755859375,1071.800048828125,18866296
2026-07-08,1071.9000244140625,1079.699951171875,1064.4000244140625,1069.300048828125,13022221
2026-07-09,1062.699951171875,1062.699951171875,1040.4000244140625,1050.800048828125,9003333
2026-07-10,1075.0,1091.300048828125,1064.699951171875,1068.0,9747266
2026-07-13,1057.0999755859375,1114.9000244140625,1057.0999755859375,1102.5999755859375,20994760
2026-07-14,1107.800048828125,1113.5,1090.0,1092.9000244140625,14819413
2026-07-15,1079.0,1088.0999755859375,1073.0,1076.300048828125,8501933
2026-07-16,1082.5,1097.300048828125,1077.9000244140625,1082.4000244140625,8592146
2026-07-17,1105.0,1116.800048828125,1092.0,1096.5,12547728
2026-07-20,1102.0,1103.800048828125,1083.199951171875,1087.0999755859375,6372645
2026-07-21,1080.0,1094.5,1067.199951171875,1073.5,9485229
2026-07-22,1064.0,1069.300048828125,1046.199951171875,1052.0999755859375,7517203
2026-07-23,1046.9000244140625,1058.5,1032.0,1047.4000244140625,13794578
2026-07-24,1028.0,1043.4000244140625,1013.9000244140625,1040.9000244140625,29036900
2026-07-27,1065.0,1082.0,1057.4000244140625,1079.199951171875,15956349
2026-07-28,1097.0,1118.5,1097.0,1105.699951171875,28100895
2026-07-29,1147.0,1164.5,1128.4000244140625,1155.5999755859375,34400369
2026-07-30,1168.0,1187.699951171875,1151.300048828125,1155.0999755859375,22630218
2026-07-31,1118.9000244140625,1139.300048828125,1107.199951171875,1130.0999755859375,14365562
