date,open,high,low,close,volume
2021-08-02,134.15224161158034,136.28766344718284,133.305139022218,133.39337158203125,10203200
2021-08-03,134.08163819631307,135.29054401563636,131.93739729261122,134.91110229492188,10394800
2021-08-04,133.46397363611462,135.3346709744882,133.1639586789139,133.4551544189453,10155000
2021-08-05,134.37285936753747,135.61705575127223,134.1346058449287,135.1405487060547,9151500
2021-08-06,136.94064733660412,139.26138040886985,136.87005321094915,138.97900390625,13328800
2021-08-09,138.9966846687459,139.90556234556138,137.56717689016415,138.8290252685547,9516900
2021-08-10,138.3083889436853,141.16737716497397,137.92894717656085,140.53204345703125,8667000
2021-08-11,141.1850689590071,142.5086789804978,140.3732564282277,142.2086639404297,9156500
2021-08-12,142.84395317663672,143.27632369791723,141.6703510420337,142.7645263671875,8844200
2021-08-13,142.76452710451028,143.09102663193553,140.80559726222518,141.16737365722656,8980900
2021-08-16,140.24970792744102,140.32912129040702,138.34370642951905,140.24087524414062,8755800
2021-08-17,139.04078977792128,140.17908816578048,137.0112522647953,138.546630859375,9347200
2021-08-18,137.92895827473794,139.42904663635017,137.07302289001214,137.28480529785156,8065500
2021-08-19,135.14935874048683,137.26712857814314,135.01698971035066,136.1376495361328,9517700
2021-08-20,136.1994538326342,136.6847666544991,135.1493879034477,136.52593994140625,6974100
2021-08-23,137.06417890748125,138.61720922433867,136.98476556806037,138.2730712890625,7934600
2021-08-24,138.53780239950194,139.90553498869335,138.4230852608647,139.12901306152344,7670900
2021-08-25,139.87022366767383,142.75569616047386,139.24372270833126,141.996826171875,11335000
2021-08-26,143.17923989037837,144.5646242297973,142.1997683690645,142.72921752929688,11027500
2021-08-27,142.7292119474304,143.97340800020234,142.29682803466864,143.8763427734375,8780200
2021-08-30,144.01754199136514,144.2646146848037,141.07912731820102,141.57327270507812,7937600
2021-08-31,141.5732683318009,142.39389972441805,140.61144870030827,141.14088439941406,12340800
2021-09-01,141.37914567739637,141.85563917935198,140.27613774611248,140.9379425048828,8729900
2021-09-02,141.2026661804312,142.60568902840595,140.68203620727675,141.59092712402344,8813300
2021-09-03,141.52916097908056,141.97036417603067,140.43497220344116,140.73500061035156,7959700
2021-09-07,141.17617555260935,142.4027196560747,140.2672982259491,140.48789978027344,9285600
2021-09-08,140.20555764814247,140.81442024143067,139.4555067940577,139.86141967773438,7852700
2021-09-09,139.65844844234337,141.91740640909688,139.49078909154576,140.4702606201172,7904300
2021-09-10,141.67918204737174,141.82037031541444,138.73194764036526,138.85548400878906,8311600
2021-09-13,139.88790588012023,141.22916757343177,139.482006417122,141.06150817871094,10052800
2021-09-14,141.5821189023699,142.3674601414158,137.88483354778205,138.59959411621094,11685600
2021-09-15,138.29076421919348,140.0291063082809,138.0701625679332,139.56143188476562,11691500
2021-09-16,140.66441677718925,141.9350842317079,138.73194447881332,139.4996337890625,10880900
2021-09-17,138.8731062673003,140.31141936457183,138.53778756838295,139.1378173828125,25581600
2021-09-20,135.79356265286674,136.38477350927604,132.79338534418665,134.97293090820312,15819900
2021-09-21,135.4758504940612,136.37590877203897,134.63756712564353,134.9905242919922,8999900
2021-09-22,136.9494742842582,138.75841014598367,136.86124172054812,137.57598876953125,11236200
2021-09-23,139.42019647277522,142.6939297953238,139.1290007758004,142.2262420654297,12336100
2021-09-24,142.45568113348585,144.3528493713746,141.90859351342442,143.86752319335938,10102400
2021-09-27,145.59706204793278,147.71483211012122,145.2529240762158,147.34422302246094,13220900
2021-09-28,147.97955822002362,149.3914139186296,146.1794549955321,146.55006408691406,13387900
2021-09-29,146.66479808898353,147.2736472962202,145.632370580359,146.43536376953125,7777100
2021-09-30,147.29123876374368,147.3530136596209,143.64689691158245,144.44107055664062,13161200
2021-10-01,144.71465654441621,148.50900693938615,144.36169935326012,147.47659301757812,11285000
2021-10-04,147.33540092187218,150.39735227429443,146.2412121146315,147.3177490234375,14120000
2021-10-05,148.4362684606215,151.03729209525454,147.95689013320944,149.7234649658203,12292900
2021-10-06,149.1287211610751,150.11409508867152,147.36214598043946,150.04307556152344,8692600
2021-10-07,151.97830912279974,152.25350132856548,150.50468439031033,150.99293518066406,10195400
2021-10-08,150.930795361939,152.10258366508177,150.29163318001045,151.10833740234375,8190100
2021-10-11,151.623169660543,152.05814548672103,147.77045309550454,147.93023681640625,12154700
2021-10-12,147.14020278889987,147.97466523143729,146.27023735853876,146.7939910888672,13032600
2021-10-13,145.64879469908428,146.83834088548312,142.5683932068052,142.92347717285156,22753500
2021-10-14,143.5892947185567,145.59554521193775,142.08903964199308,145.11618041992188,15176800
2021-10-15,146.78509865931744,148.40074852337628,145.71094717266894,147.90362548828125,14267400
2021-10-18,147.7882251588793,149.67908081294712,147.28222973680852,147.85037231445312,12672900
2021-10-19,148.60492144060018,149.71457591236566,147.87699515082716,149.64356994628906,8053900
2021-10-20,149.4038644672004,151.68530676822732,148.65817999457113,151.65867614746094,8185600
2021-10-21,151.58768893451537,152.09369792803645,149.74122207639823,150.4691619873047,8415200
2021-10-22,150.93964771015538,152.76835622047847,150.64669728681417,152.4931640625,8817900
2021-10-25,153.31877236365895,153.54070329759966,151.33913868008358,151.74749755859375,10159200
2021-10-26,151.80076917119132,153.1234825041247,151.39241026482318,152.15585327148438,8015100
2021-10-27,151.19705415761553,151.53437983453048,148.55162870485327,148.9866180419922,9847000
2021-10-28,149.40386623879314,151.36572756830142,149.10204350280503,151.23257446289062,7212900
2021-10-29,151.96054156249457,152.9015400943602,150.37152204624095,150.8153839111328,8140100
2021-11-01,152.7239658757041,152.98141331145612,150.0341643863311,150.7354736328125,7435500
2021-11-02,150.73547277416088,152.413269867337,149.95427165713926,151.3302459716797,7173800
2021-11-03,151.02839991312652,151.91612339269238,150.15842115033055,151.38348388671875,8402700
2021-11-04,150.91301764530465,151.09055966282864,147.79711256915726,149.39500427246094,9574200
2021-11-05,149.93653336546495,150.992926777002,148.61383367000195,149.18197631835938,7975600
2021-11-08,150.06969514423858,151.72973413916023,149.79450296279046,150.0785675048828,6413700
2021-11-09,148.56051566639584,149.55476153484415,147.89472311972048,148.94223022460938,7990300
2021-11-10,148.64935102716427,149.98093675785657,148.32976990997452,148.80026245117188,6999200
2021-11-11,148.7114899474693,149.74123922743578,148.16109199831212,148.7913818359375,5815300
2021-11-12,148.8268602787252,148.90676569960334,147.11356018475198,148.1255645751953,8113400
2021-11-15,148.4362661266297,148.95113388414381,147.3621146322042,147.85923767089844,6492500
2021-11-16,148.30311866476382,148.31200457091123,146.58093252515914,146.7939910888672,9706100
2021-11-17,146.6608419388863,146.97153711395157,145.04517826442645,146.00392150878906,9909600
2021-11-18,145.93289363536465,146.34125248380784,144.30835769306057,144.74334716796875,8122500
2021-11-19,143.18980203024702,143.9088558917823,141.5475081511071,142.8524627685547,12193600
2021-11-22,145.72869974467815,147.34434954562852,144.69006482715585,145.89736938476562,14549900
2021-11-23,146.91825317693468,149.6346851771418,146.80284477640728,149.38612365722656,12354400
2021-11-24,149.5459718155052,150.41593743113523,147.75276577278112,148.21438598632812,9629800
2021-11-26,143.93554295679928,144.38827723904143,140.98830685004748,143.74911499023438,13619300
2021-11-29,144.97410606515612,146.2790605448086,141.87596007306456,143.1276397705078,12104400
2021-11-30,141.2900970315363,142.5950518589473,140.51776825790085,140.9971466064453,18922600
2021-12-01,142.9235259138965,144.93866264967122,140.0828125800053,140.16270446777344,12253400
2021-12-02,141.88489169754703,144.92090536361414,140.97053729865502,143.10995483398438,12969900
2021-12-03,143.367375485278,143.6603259275297,139.54128856067402,140.5177764892578,12681800
2021-12-06,142.93235223869502,144.35271522095726,141.556391685011,142.17779541015625,11186500
2021-12-07,143.7047139755295,145.0451718589263,143.06555184084783,144.31724548339844,9851600
2021-12-08,144.3971505477642,144.93866258504497,142.18671350137106,142.6660919189453,11705700
2021-12-09,141.72505488326885,142.86133990789585,140.83733136117988,142.44412231445312,11189600
2021-12-10,143.20756181522762,143.54488753492038,141.2634451789516,141.8759765625,10405400
2021-12-13,141.59193618595006,141.84937010986525,139.6211884042916,140.1893310546875,12069000
2021-12-14,139.77210578256617,142.82587773843719,139.63895263443976,141.26348876953125,12563600
2021-12-15,141.90263246789226,141.90263246789226,139.68332331791328,140.2070770263672,14014200
2021-12-16,142.38200674750365,143.65145870937027,140.88175149511085,142.39976501464844,19542800
2021-12-17,141.43211417232354,141.48537541489821,137.75692588764477,139.15953063964844,28082000
2021-12-20,137.1621844316911,137.3308541025031,134.7919637708849,136.65618896484375,15148000
2021-12-21,137.96114320539073,139.53240439857666,137.67706512004878,138.56478881835938,11291300
2021-12-22,138.26297313566954,139.42588907307973,137.8102389026166,139.10630798339844,7273000
2021-12-23,139.91410219974924,141.25455981622252,139.559018215895,139.6033935546875,8055200
2021-12-27,139.90528160559214,140.4379077784434,138.78674090598219,140.40240478515625,6188100
2021-12-28,140.43789060459122,142.16894915945403,140.33136809216552,140.8284912109375,6342300
2021-12-29,141.01490899512024,141.70733236718596,140.39349159583065,140.75746154785156,6398900
2021-12-30,141.24570208556275,142.2488340849387,140.5887817472548,140.68643188476562,6948200
2021-12-31,140.6597938907987,141.40547842240093,140.2248180201573,140.57102966308594,5805900
2022-01-03,141.9114984066782,144.37936898613825,141.60078972150527,143.54490661621094,13120900
2022-01-04,145.86182791909604,149.65241058392385,145.7908084224866,148.9866180419922,20195800
2022-01-05,149.87081836471359,150.35305666868305,146.2182539602125,146.26290893554688,17539400
2022-01-06,149.0581195189452,149.46891251987,146.3432555378449,147.81678771972656,14047500
2022-01-07,147.95074553516426,149.61180957837593,147.40598760629422,149.28138732910156,13913300
2022-01-10,150.9870836967746,151.20140571744204,147.82569762411396,149.42425537109375,12922500
2022-01-11,150.2637456734288,150.4959460928392,148.5223106617765,149.57611083984375,11854100
2022-01-12,150.44234896632423,151.45148043118525,149.299238964396,150.4244842529297,12568000
2022-01-13,150.33515869106003,151.6479356400798,149.9332912555357,150.23692321777344,13623400
2022-01-14,143.56588779923814,143.80701372863592,140.118734070285,141.0028533935547,40158400
2022-01-18,139.1185396382745,139.1185396382745,134.43897924786577,135.09091186523438,32324800
2022-01-19,135.35878003660366,135.9481791313774,132.66178145989167,133.00112915039062,22380000
2022-01-20,133.05477106362076,134.5014995118015,131.59910344486124,131.8670196533203,14860800
2022-01-21,131.72410930711447,131.73303484956145,128.83957838998995,129.5629425048828,20705400
2022-01-24,127.06241044703916,129.92015102305317,124.64226671968898,129.44683837890625,28471400
2022-01-25,128.28590573944658,131.14366057271243,125.73179655529506,130.85787963867188,18915900
2022-01-26,132.813636019071,134.46577450245326,130.34883704894756,132.0991973876953,20709100
2022-01-27,133.43872445171925,134.2960532760623,128.7145244442906,129.768310546875,17536800
2022-01-28,128.7681241211247,131.06324203268753,126.96416991849439,130.92929077148438,14117000
2022-01-31,130.0630779021466,132.87616430194547,129.19682313105207,132.7064971923828,13985700
2022-02-01,132.78680622855316,135.26946917267125,132.43851937313457,134.9836883544922,14584900
2022-02-02,134.40325542198886,134.79619735234516,132.2331628885896,133.9031524658203,12441100
2022-02-03,133.95670669969624,135.43022502268056,132.42959424753613,132.79574584960938,12474900
2022-02-04,133.15294763854328,137.08233820142323,132.85824130231055,136.2428741455078,16654400
2022-02-07,136.87701631580407,137.18957390195027,134.7158489665417,136.6984100341797,12572300
2022-02-08,138.42193492799018,141.52972681281014,138.24332870505225,139.27032470703125,20411400
2022-02-09,139.84189090841247,140.59204531797832,139.154256179702,139.850830078125,9131100
2022-02-10,139.9043924692594,142.0209041459754,138.61840586125626,139.27032470703125,16455600
2022-02-11,138.96667558530245,141.27073236866713,136.60903830435853,137.45742797851562,16830000
2022-02-14,136.3947419739245,137.24313189244884,134.24251414948705,136.180419921875,17026500
2022-02-15,137.98436009618737,139.26142136600333,137.39496082920968,138.17190551757812,9500000
2022-02-16,137.29673482704487,139.4043214434998,137.29673482704487,138.42196655273438,9076500
2022-02-17,136.63585149548837,137.28777037013128,134.55505552050664,135.2337646484375,11367500
2022-02-18,135.85891808502598,137.65393333705288,134.96587323046438,135.8678436279297,11733300
2022-02-22,134.49256703445266,136.8502050191361,134.32288632361673,135.62672424316406,11333500
2022-02-23,136.74301667642388,136.90377182783305,132.14384136472486,132.78683471679688,11799000
2022-02-24,127.65182743648874,129.4825720239917,124.829802563923,129.08963012695312,25655100
2022-02-25,129.71474659809545,134.0728092264706,129.41111466133975,132.14382934570312,18367700
2022-02-28,128.19656381350782,129.54505634599383,125.81213620382164,126.63373565673828,31315300
2022-03-01,125.06198450854104,125.45492639049641,119.29292288319827,121.85595703125,36840400
2022-03-02,122.6061288870693,125.06200237332357,121.99886489314265,124.38329315185547,19405600
2022-03-03,124.88339837713274,125.90146904114475,122.40073458898442,123.49917602539062,16640800
2022-03-04,120.50745164973539,120.93610928188275,118.23911052494552,120.02519989013672,21016000
2022-03-07,118.03370908338547,118.49809611424037,115.15810423661232,115.39030456542969,27560100
2022-03-08,115.77434417201607,117.69438532066783,113.65782523524322,114.57766723632812,19207800
2022-03-09,118.68567105884728,120.7754066449432,118.27487800365869,119.16792297363281,17536200
2022-03-10,117.75688171386719,119.17681960117045,116.38159878958473,117.75688171386719,15604200
2022-03-11,118.31951237610286,119.73945036069834,114.6848134403135,115.10454559326172,20061800
2022-03-14,115.61360350181646,118.70353135182195,115.40819335508925,116.2476577758789,15786900
2022-03-15,117.70332861857143,119.2661573007651,117.10499012974574,118.31059265136719,15096600
2022-03-16,120.4449869201986,123.67781941201142,120.0520449003373,123.5974349975586,20354900
2022-03-17,122.22212093000873,125.19596196959098,121.38265657551736,125.16023254394531,17050500
2022-03-18,125.19595609090248,125.78536894533065,123.65099236046133,125.11558532714844,23656500
2022-03-21,125.33884926222225,125.70498729177903,123.8921073492365,124.71370697021484,12676100
2022-03-22,127.05347798094074,128.5359218813849,126.56230065242858,127.36603546142578,13548600
2022-03-23,125.90144682726317,126.44620467756982,124.31182823983359,124.82979583740234,12093200
2022-03-24,125.29418439702289,125.6603360244383,124.23145893670015,125.64247131347656,10017600
2022-03-25,125.9996770046092,127.86613720979891,125.74070003009193,126.74090576171875,8383500
2022-03-28,125.02626283896025,125.89251732162982,123.15086344566336,125.80320739746094,10818100
2022-03-29,128.01796665028374,128.24122783130846,125.24059701326506,126.08004760742188,11316500
2022-03-30,126.72306362131354,126.9195345859865,124.94591302284023,125.5085220336914,8771000
2022-03-31,124.87443471280103,125.33882174506509,121.68625877992075,121.73985290527344,17353900
2022-04-01,122.70434325350259,122.71328242214666,119.48939032815098,120.83788299560547,15721300
2022-04-04,119.77517554628453,122.29356866138258,118.67673415386987,121.37373352050781,17416400
2022-04-05,120.61802288605615,121.81456455867456,119.66436701015694,119.96125793457031,12110300
2022-04-06,118.37782623079879,119.25949337114811,117.82003877658823,118.29685974121094,12914700
2022-04-07,117.81103637870505,118.6837118408115,115.81378055076945,117.9369888305664,12994200
2022-04-08,118.45882590526581,120.4650739445427,118.29689288072642,120.09622192382812,13126900
2022-04-11,119.65538787841797,121.3647450712786,119.26853870243689,119.65538787841797,10466400
2022-04-12,118.88166974549064,121.07685338221899,117.58615063346794,118.34186553955078,12989900
2022-04-13,114.20340297650245,116.28162557761347,113.36671479643655,114.52728271484375,30838000
2022-04-14,113.80756830839594,115.4269672828485,112.47606172230206,113.4656982421875,18835200
2022-04-18,113.06082848906898,116.2726371281174,112.9438745829109,115.5708999633789,11834400
2022-04-19,115.56190942970362,118.14395603936258,115.36398212923382,117.9640121459961,15015400
2022-04-20,119.22354788129793,120.11420698411048,118.16193659279912,118.37786102294922,13430200
2022-04-21,118.95362839270985,119.48442709549727,116.92039178513346,117.4601821899414,12174200
2022-04-22,117.20827762466395,117.42420202394086,113.9784857042953,114.08644104003906,14318800
2022-04-25,113.36671318273149,114.36534121775318,110.75768504496217,114.05045318603516,17149000
2022-04-26,112.13415538289176,113.72656500330612,110.54175262637114,110.67669677734375,17209500
2022-04-27,110.05593381835912,111.16251704700858,109.05730591120104,109.23723602294922,17215200
2022-04-28,110.48778619022181,111.24350787885761,108.98534824301431,110.96460723876953,13015600
2022-04-29,110.70372116132876,111.20753109257689,106.97011205652652,107.38395690917969,14874800
2022-05-02,107.85175460805671,108.59847762989591,106.35831542827223,108.36456298828125,18545000
2022-05-03,109.33621052814826,111.71132393191763,108.66146224607981,110.68570709228516,15720900
2022-05-04,110.47879802873133,114.6172531567878,110.42481349388046,114.34735107421875,17128500
2022-05-05,112.68295193850777,113.44766520962307,109.90299258655013,111.48639678955078,15055400
2022-05-06,111.3784552068824,111.81928883996807,109.02133201335472,111.30648040771484,14417900
2022-05-09,109.85801851306121,110.95561016010113,108.4095583052652,109.63310241699219,14312300
2022-05-10,110.7576983040585,111.36047187803634,105.764557531208,106.96111297607422,16382400
2022-05-11,107.32996808715706,110.5597600613588,106.10642392643965,106.2863540649414,14630300
2022-05-12,105.26073643046848,106.44829318230772,103.79428590675552,106.1963882446289,16318800
2022-05-13,107.42892855325138,108.18464334933826,106.12441106396625,107.14102935791016,10443200
2022-05-16,106.64621492217657,107.47390449274835,105.46765679747341,106.3943099975586,10269000
2022-05-17,108.89538074384784,110.63173332545871,108.68845490994003,109.9209976196289,11160200
2022-05-18,109.12930286786727,109.73207641494254,107.53689291348013,108.04070281982422,12664900
2022-05-19,106.33133757266812,107.64484677226233,105.82752084150299,106.43929290771484,12765800
2022-05-20,107.47390314946973,107.66283184057187,103.4793912121837,105.56661224365234,13150100
2022-05-23,108.37357999351177,113.87053039147749,108.364581427024,112.09819030761719,24376700
2022-05-24,111.88227354594575,114.6982208536512,110.75769296339475,113.68160247802734,19324900
2022-05-25,113.6096201128851,115.03109152196792,112.61099207292516,114.47329711914062,12780400
2022-05-26,115.48990537525528,117.12730104130958,115.34596951591577,116.45255279541016,15990900
2022-05-27,117.10031005362546,118.09893798828125,116.18264861231768,118.09893798828125,11177800
2022-05-31,117.11832379351456,119.79032858844305,116.69549408724052,118.96263885498047,17015000
2022-06-01,119.53838766189638,119.53838766189638,115.75980045765246,116.8753890991211,10768000
2022-06-02,116.86641346876135,118.76470611953074,115.75982997366175,118.7557144165039,8374800
2022-06-03,118.04496156160818,118.54877138476405,116.94736999210943,117.10031127929688,8596000
2022-06-06,117.93701471465394,119.10658129736305,116.4705709306623,116.71347045898438,11323500
2022-06-07,115.90375941281079,117.24426423116766,115.71482385980927,117.01934814453125,6722200
2022-06-08,116.05671554803848,116.46156181020615,114.16742155143083,115.15705108642578,8422100
2022-06-09,114.59025947584705,115.24701752158325,112.70095870554323,112.73694610595703,13560100
2022-06-10,110.28984405745564,111.01857681328936,107.3479447948261,107.55487060546875,12945200
2022-06-13,105.13477649558172,106.11540734246348,103.51537791993975,104.35206604003906,16805600
2022-06-14,103.95622759852188,105.54863061899442,101.86000782996334,102.61572265625,13357900
2022-06-15,104.01920519830738,105.21575368895456,101.8150231982726,103.83027648925781,14083500
2022-06-16,102.43579856810567,102.79566573403068,100.64546816909525,102.04894256591797,16724900
2022-06-17,102.14791011034775,103.1285411394623,100.90637554756806,101.68907928466797,30919900
2022-06-21,104.24410965072114,105.28771671693652,103.49738660044214,104.20812225341797,11680500
2022-06-22,103.35344996911567,104.54100677343308,102.91261630869728,103.62335205078125,9842700
2022-06-23,103.47041447042326,103.62335578572859,100.29459993264686,102.48977661132812,11851500
2022-06-24,101.8689982043996,105.99845431002949,101.50913108867529,105.54862213134766,14841100
2022-06-27,106.21437064311846,106.61022515236665,104.03718457004187,104.70293426513672,11280500
2022-06-28,105.8635281649754,107.32098723745618,104.00122278208684,104.19915008544922,11590900
2022-06-29,104.36107031734178,105.09879485020168,103.21849955036039,103.73130798339844,9338400
2022-06-30,101.8150281771545,102.6337261536329,99.7997816515162,101.31121826171875,15172600
2022-07-01,101.34719606689474,102.93959903531713,100.006698032334,102.60672760009766,10573600
2022-07-05,100.53734630362622,102.29813625751622,99.20314697860752,102.2164535522461,12514200
2022-07-06,101.40865516961907,102.55225442335892,100.55548788621138,101.55387115478516,10656200
2022-07-07,103.01515879940784,104.28583174661338,102.92439792988112,104.1224594116211,10347400
2022-07-08,104.52181614159608,104.966549252034,103.11499841979317,103.79571533203125,8807800
2022-07-11,103.06054983988244,103.67773348989748,101.85341011013652,102.43428802490234,7939500
2022-07-12,102.18014641847229,104.53996361915219,101.88970748492108,102.53411865234375,11250900
2022-07-13,101.42681382014564,102.08938128834953,100.18336850908824,101.57203674316406,12979900
2022-07-14,98.01414571362936,98.23198008574157,96.26243412106608,98.02322387695312,26204800
2022-07-15,99.07607006855429,103.36004222032456,97.72370763093286,102.51595306396484,18863900
2022-07-18,104.1678384958555,105.13899436116151,101.00931585478635,101.46312713623047,13977900
2022-07-19,102.6793334034956,104.32213487677055,102.26182787440001,103.97723388671875,11862300
2022-07-20,103.55971223502601,104.14059000460475,102.9969907908393,103.95906829833984,11667500
2022-07-21,103.86831742630905,104.8576225923545,102.89716166279044,104.66702270507812,11595900
2022-07-22,104.59441499315257,105.51111565732424,103.16944794470042,104.15876007080078,7645500
2022-07-25,105.13897726407328,105.7017056544162,104.16782155669097,104.57625579833984,9394000
2022-07-26,103.99538846118368,104.903010967723,102.58857080620362,102.94254302978516,10675100
2022-07-27,103.47805706888111,105.04824032709473,102.83364583824078,104.59442901611328,9337400
2022-07-28,104.60350349433055,105.26607103183923,103.04239153164012,104.20414733886719,10384800
2022-07-29,104.91208793316274,105.73802778300616,104.18599404306724,104.70333862304688,12944500
2022-08-01,103.92278015245829,104.47643045221751,102.62487965173575,103.6595687866211,14740400
2022-08-02,103.3963620450305,103.83202392770305,101.89878341189517,102.04400634765625,14942900
2022-08-03,102.96977493279545,103.55973097180934,101.39051364380984,103.11499786376953,14394500
2022-08-04,102.42520951663785,102.85179324862285,100.76425848875998,101.98047637939453,18033900
2022-08-05,102.1347670335409,105.45666897459219,101.69911207627526,105.06639099121094,14174600
2022-08-08,105.51111281209211,105.91954015635945,103.63233456416441,103.78662872314453,10332500
2022-08-09,104.14968923011551,105.27513927070466,103.80479514861854,104.72148895263672,10233800
2022-08-10,107.063152213065,108.3429032970684,106.64564668253766,107.45343017578125,12847300
2022-08-11,108.8239358511279,110.00384091075784,108.28843499148952,109.04176330566406,11684900
2022-08-12,109.52281045751785,110.95685573547384,108.40643860888144,110.84793853759766,9906700
2022-08-15,109.9494069493407,111.38345239410384,109.4592898888035,111.14746856689453,8456200
2022-08-16,110.99316257973668,112.76302378413506,110.61196277026787,112.2093734741211,9555000
2022-08-17,111.00223745622554,111.78279338084268,110.44858716261082,111.26544189453125,8149300
2022-08-18,110.9477780139152,111.15653424619167,109.41390062088134,110.40320587158203,9531800
2022-08-19,109.47743081896355,109.81324671950163,107.19929635562796,107.67125701904297,13464500
2022-08-22,105.96492255513769,106.33705108878003,104.83039447638889,105.8923110961914,8967600
2022-08-23,105.91046477765177,106.45503685692613,104.72147467208859,104.84854125976562,7607000
2022-08-24,104.63978703002445,105.65632660799926,103.87738061539099,105.10267639160156,9771300
2022-08-25,105.42942341647736,107.77108399260915,104.99376160893569,107.59864044189453,10758900
2022-08-26,108.42457687370283,108.90561566350064,104.01353121974553,104.07706451416016,11276200
2022-08-29,103.46897239478419,104.24952835453824,102.97885537880298,103.82294464111328,8117300
2022-08-30,104.3765812604845,104.90300394092198,102.8880810034342,103.8410873413086,10745400
2022-08-31,103.90462432920928,104.40381253734783,102.86992833363875,103.22390747070312,10738300
2022-09-01,102.82456878809654,104.04077979090137,101.57205204906622,103.93186950683594,9979800
2022-09-02,105.16620958271466,106.60024770658246,102.73378128293912,103.20574188232422,10666600
2022-09-06,103.76848735316932,104.14968716060882,101.71725846017837,103.23298645019531,9751900
2022-09-07,102.67931034094742,105.38402789537489,102.34349451504204,105.19342803955078,10647900
2022-09-08,104.63072127029264,107.81647820178921,104.04076525711028,107.64402770996094,11435000
2022-09-09,108.13414175725697,108.96008153820604,107.70755808354569,108.16136932373047,9299700
2022-09-12,109.47744495762137,110.32153428693734,108.72411650707473,109.4411392211914,8614600
2022-09-13,107.16299743006753,107.93447523588812,105.08454089699559,105.63819122314453,12904600
2022-09-14,105.9195585649474,106.95424781322068,104.26768564887853,105.39314270019531,9345700
2022-09-15,105.39313631756322,108.35198093801411,105.06639163530558,106.98147583007812,10821400
2022-09-16,106.54581084854817,106.55488901296111,104.71241633993696,106.26445007324219,14844100
2022-09-19,105.28421430798113,107.76202688119582,104.83948120367455,107.24468231201172,8201300
2022-09-20,106.56396624125445,106.81809944569974,104.0498479159697,105.12992095947266,9619000
2022-09-21,105.77433138429497,105.82878652068666,102.03492403576533,102.09845733642578,12606300
2022-09-22,102.90624588458174,103.10592396061821,100.80963993542022,100.93670654296875,11684500
2022-09-23,99.88385449632825,100.14705891608078,97.26082614080553,99.05791473388672,18138600
2022-09-26,98.02324082588356,99.48451376623828,96.26245076554312,96.92501831054688,15753600
2022-09-27,97.79633024676208,98.17753005774317,94.98270171275183,96.07184600830078,12793600
2022-09-28,96.16260178285361,98.68579816730814,95.88124102174599,98.01415252685547,12762600
2022-09-29,97.07022614935472,97.36974324411146,94.75579286845979,96.35321044921875,12713900
2022-09-30,96.26243885307524,97.67833464296756,94.75578912392284,94.84654998779297,15973400
2022-10-03,95.86309879751497,98.34998271238987,94.81025328743597,97.77818298339844,12248100
2022-10-04,100.39213135049404,102.5522705382755,99.71141443432558,102.35259246826172,16013600
2022-10-05,100.5027922381571,101.60168102153392,99.66031037179722,101.0888671875,10943500
2022-10-06,100.23722280136262,100.90571823117006,98.84529658683022,99.0284423828125,11521400
2022-10-07,98.46069135916748,98.63468477736758,96.40026946115013,97.05045318603516,11681100
2022-10-10,97.73725002819839,98.26837563973788,95.71345192116682,96.14385223388672,8931700
2022-10-11,95.57609987779172,95.73177451175344,93.26842359438685,93.36915588378906,12739700
2022-10-12,93.22264945300141,95.9057769889379,92.74645913323253,94.88014221191406,13181000
2022-10-13,93.38748249226805,100.64016601839472,93.1860178965592,100.15482330322266,22398700
2022-10-14,102.52657587932734,105.53021152133871,101.39105662147124,101.82145690917969,33387100
2022-10-17,105.68591035922663,107.15109786416713,104.68774678655254,106.09799194335938,22276300
2022-10-18,109.57780496566174,110.01735767004864,107.10529480386943,108.82688903808594,21539700
2022-10-19,108.04851008724987,108.81773780803796,105.92398669571581,106.6932144165039,17072000
2022-10-20,107.28843584963444,108.7078330777111,105.9056621874468,106.34521484375,12207400
2022-10-21,106.64743318152028,112.07778966687378,106.52838910195081,111.9312744140625,20593300
2022-10-24,111.78476352818012,112.72797783362668,111.10711556865168,112.06864166259766,12624200
2022-10-25,111.58328366211862,112.88363705127985,110.7041712164928,112.36166381835938,11289100
2022-10-26,112.6364023977851,114.6510344427941,112.52651070955052,113.65287780761719,11667000
2022-10-27,114.65102983413941,115.56677290625414,113.74444614898407,114.1015853881836,10727600
2022-10-28,114.73344843816022,115.6400321082591,113.59792900383482,115.4568862915039,11859500
2022-10-31,115.10888577748291,116.69312415172827,115.00815349427032,115.27371978759766,13295200
2022-11-01,116.18030469754501,117.47149855863724,115.68580269120207,117.35244750976562,13386900
2022-11-02,116.89459424650867,119.37625691475094,115.96969186898045,116.27188873291016,16546100
2022-11-03,115.66750267032388,117.37993770627928,115.30121103875088,116.48251342773438,12474400
2022-11-04,118.57958132159119,119.80667374555378,117.63636702836745,119.66930389404297,14953200
2022-11-07,119.96231943126773,121.1436216194758,119.4861292126526,120.30113983154297,12011200
2022-11-08,120.18212956921158,120.93303164577641,119.17480656916398,120.37442779541016,9884100
2022-11-09,120.25537781826624,120.35609613435625,118.33231192339889,118.80850219726562,9494000
2022-11-10,121.45499513008096,123.85423725089672,121.36341524341654,123.69856262207031,16351600
2022-11-11,123.79929213024351,124.69671631227637,122.5080912121442,123.9000244140625,10704700
2022-11-14,123.44211613970094,124.29375012556058,122.62710571289062,122.62710571289062,11085600
2022-11-15,123.33227567437925,124.27550393545813,120.51179918446361,121.7388916015625,14038300
2022-11-16,121.79380185031164,122.30661562240206,120.90553014753813,121.9036865234375,7893400
2022-11-17,120.87806357276494,121.69307420005013,120.21872756269963,121.37255859375,8820200
2022-11-18,123.23153647713227,123.32310238898967,121.13447727985825,122.56303405761719,9468500
2022-11-21,122.47144912874099,123.22235097113979,121.56485871141508,121.83958435058594,7800500
2022-11-22,122.70954457416349,123.87254193148381,122.42566652017736,123.66191101074219,9185700
2022-11-23,123.57036040358601,124.99891722184935,123.4970992881457,124.98059844970703,7316200
2022-11-25,124.98061732799337,125.58501114182262,124.59600689368325,125.21871948242188,3220500
2022-11-28,124.60516184531049,125.19123683050562,122.88356046305546,123.03008270263672,9906900
2022-11-29,123.3139348215184,125.12710174155866,123.08499911034217,125.05384063720703,7925300
2022-11-30,124.6234616268747,126.53736114501953,121.96781251377331,126.53736114501953,14761200
2022-12-01,126.53734798077052,126.97691463608298,124.01905499052846,124.76081848144531,8858500
2022-12-02,123.15827397065328,123.94581346398753,122.10516119774077,123.77182006835938,8931900
2022-12-05,122.92933144600063,123.23152827859518,119.59602786195005,120.30113983154297,10154500
2022-12-06,122.15095706143653,123.72603612446282,118.92753781929792,120.50261688232422,13966700
2022-12-07,120.24621075738449,121.86707977531921,119.34878653237514,120.42020416259766,11739400
2022-12-08,121.18026801888281,121.77549535581866,120.35609096797697,121.68392944335938,8907300
2022-12-09,121.0612207394694,122.48977757119074,120.8780749357078,121.02459716796875,7957800
2022-12-12,121.24436420664723,123.30478589879809,120.51178100571893,122.90187072753906,8841600
2022-12-13,125.35605721894315,125.53920302213729,121.86707866617365,122.78282165527344,10025400
2022-12-14,122.50808615450605,124.27547724797802,121.57402446793989,122.16926574707031,9966100
2022-12-15,120.09967960294495,120.95132779332344,118.17662783505968,119.1381607055664,12087800
2022-12-16,118.2682046180749,118.95501187828005,117.6088685304276,118.39640808105469,21133700
2022-12-19,118.72605878932468,120.264514093577,118.21324501228305,119.10151672363281,9017200
2022-12-20,119.93485080728036,120.9238548331783,119.22972484959675,119.6784439086914,8549900
2022-12-21,121.0429019671545,121.77549915533008,120.66745796003842,121.02459716796875,8051700
2022-12-22,120.05391488015606,120.2370606885674,117.5905639336046,119.65098571777344,8648200
2022-12-23,119.57770228603422,120.36524169106103,118.71690177668786,120.21871948242188,5091900
2022-12-27,120.48428664378598,121.0795138732544,119.55022507732099,120.63996124267578,5411000
2022-12-28,120.74072784048434,122.16928477590163,119.97149305184182,121.29933166503906,8827700
2022-12-29,121.729711736057,122.04107497935217,121.16195554068072,121.99528503417969,6585200
2022-12-30,121.61982355638521,123.01175680553759,121.281003123464,122.80113983154297,9292500
2023-01-03,123.8450976445849,125.21871224767116,122.60883891255513,123.73519897460938,11054800
2023-01-04,124.53188365034441,126.07947743440992,124.14727330402683,124.88902282714844,11687600
2023-01-05,125.14733363036125,125.19346180691988,123.3392132742021,124.86135864257812,8381300
2023-01-06,125.58092773692631,127.65656923603096,124.06801627396604,127.25066375732422,10029100
2023-01-09,127.85950171392554,128.1178026001078,126.27278822661013,126.72480773925781,8482300
2023-01-10,127.11225445205662,127.97019342427247,126.66945495987473,127.8594970703125,9048700
2023-01-11,128.13623677339942,128.92037347696242,127.39824231868354,128.80967712402344,8703700
2023-01-12,129.15101562447867,129.94437242636852,128.43146109210693,128.6805419921875,11001700
2023-01-13,125.09201091461853,132.37059384486403,124.35400216846979,131.9277801513672,20200000
2023-01-17,130.23034600314747,130.5716691791465,128.44067969679156,129.88902282714844,14292900
2023-01-18,128.1547231856242,129.824459286586,125.83923473571934,125.9868392944336,13392600
2023-01-19,124.83367427199015,125.36871603171208,123.23772676781353,124.3078384399414,13303400
2023-01-20,124.6860764350266,124.99050549995506,123.20083928110803,124.61227416992188,13092500
2023-01-23,124.64916941674768,127.26910058498841,124.3724285154748,126.632568359375,10487100
2023-01-24,125.84841164471764,129.41850946840847,124.53845330650638,127.72109985351562,6945000
2023-01-25,127.35211231112285,128.3391876220703,126.61410379069925,128.3391876220703,8967000
2023-01-26,128.61593612631194,129.206340097772,127.63808086823815,129.13253784179688,7487600
2023-01-27,129.71371836376986,130.31334232266866,128.9203617285406,129.44619750976562,7489900
2023-01-30,128.44066145498658,129.23401813554992,128.14546649840148,128.34841918945312,6729300
2023-01-31,129.04030296441033,129.21558157284034,127.53661182508125,129.11410522460938,9188700
2023-02-01,127.4997460694358,129.9628389860808,127.41670971054376,128.77279663085938,8841800
2023-02-02,129.15101214948385,129.5753716687089,127.30599769020552,128.17315673828125,11822100
2023-02-03,127.47204053619367,131.30045393398444,127.42592643640081,130.1565399169922,11501200
2023-02-06,129.36318646266028,131.21743502591008,129.17868782973096,130.92222595214844,8406200
2023-02-07,130.42404664651858,133.1546595357344,130.23953398193535,132.51812744140625,10447900
2023-02-08,131.5956457857201,132.8779302241988,131.25432262787135,131.58642578125,6958000
2023-02-09,132.02921863498875,132.232171333837,129.03107040131695,129.5384521484375,6443100
2023-02-10,128.94804344115659,130.33180411400602,127.85025772181471,130.1103973388672,6582900
2023-02-13,130.3502776917921,131.6694563072167,129.83367588221756,131.52186584472656,7134600
2023-02-14,131.45725993912467,132.66574197126275,130.6270091910982,132.10301208496094,9249400
2023-02-15,130.63627692306238,132.73959272443733,130.35030187373405,132.6565704345703,6728300
2023-02-16,131.83550073283425,132.27830022529912,130.70080679865134,130.82997131347656,8165300
2023-02-17,130.05506958755439,131.76171364927728,129.21559867888436,131.21743774414062,7948800
2023-02-21,129.7875324452297,130.3871564587718,127.99786633222567,128.80967712402344,9996300
2023-02-22,128.15470448884244,128.625178115217,126.78939771078694,127.82260131835938,11107500
2023-02-23,127.97942905263373,129.30784176770013,127.25065450618847,128.84658813476562,8068000
2023-02-24,128.32995563012386,130.40559648197427,128.16389704227882,130.0089111328125,9126900
2023-02-27,131.0975180581738,132.20452404590353,130.73774076025302,131.14364624023438,10014700
2023-02-28,131.8631779812996,132.61962654587361,130.90376263556865,132.2414093017578,11019800
2023-03-01,131.0882772898551,132.34288763092906,130.81152231767038,131.50340270996094,7139200
2023-03-02,131.21745450158852,131.39271907926147,128.7266733201516,130.13812255859375,11106800
2023-03-03,130.5440056041087,132.60120705981493,130.14733421370593,132.52740478515625,9513100
2023-03-06,132.324467801457,132.877963812771,131.6049131333064,131.7525177001953,9261300
2023-03-07,131.00524382514803,131.28199880341774,127.1307163584009,127.87794494628906,11747600
2023-03-08,127.30598145625316,127.85025727401231,126.28199799887747,127.1214828491211,10002500
2023-03-09,126.16208845622894,126.70637844043762,119.20638987379802,120.23959350585938,25888100
2023-03-10,118.96653619295384,124.77832036454066,117.91487149668787,123.29308319091797,37599700
2023-03-13,121.04216169605475,123.50525394174315,119.38164611571956,121.07905578613281,42901100
2023-03-14,124.79679310443318,125.02741994179004,121.11598371273358,124.18793487548828,29648100
2023-03-15,120.82999101320628,120.83922509421075,116.90934238977314,118.32077026367188,34280600
2023-03-16,118.09015332283113,121.7248343037224,116.25436578335037,120.61782836914062,24558500
2023-03-17,118.43148888954974,118.523731171571,115.72853524450113,116.06063842773438,38396000
2023-03-20,117.14918202793817,119.43700287665557,116.2451289544415,117.28755950927734,22875500
2023-03-21,120.47020555487761,121.52186314469817,120.1012083247568,120.43331146240234,17807800
2023-03-22,120.44255027515833,120.53480663526662,117.23222882747788,117.32447814941406,17250200
2023-03-23,117.98867327821704,119.49235749309963,116.25435522322675,117.01081085205078,16677600
2023-03-24,115.89458413950018,115.9407123176095,113.56986894913054,115.23038482666016,22311100
2023-03-27,116.96467741443716,119.3539744910848,116.50342385907058,118.53294372558594,18853900
2023-03-28,118.73591379966149,119.31708379259778,117.84107360696267,118.89273834228516,10820500
2023-03-29,120.01818138404417,120.12887773349976,117.86873107711466,119.132568359375,14595300
2023-03-30,119.87981010605174,120.03663464387499,117.7580477285773,118.7728042602539,12134700
2023-03-31,119.61228240632168,120.23958052195135,118.86505385479836,120.21190643310547,13105200
2023-04-03,119.84290532067578,121.2543401115248,119.38165175304299,120.07353210449219,11775400
2023-04-04,120.3871851240944,120.47020739068543,117.53664136039777,118.46836853027344,11579900
2023-04-05,117.89193428485298,119.14708434890063,117.57581658451342,118.64502716064453,9614700
2023-04-06,118.0778797956493,119.08200834987258,117.94771577122117,118.51486206054688,8760200
2023-04-10,117.65020018070031,119.22146797348508,117.35268138916051,118.90535736083984,9477300
2023-04-11,119.28656624046724,119.88160386923768,118.57995639627434,119.4911117553711,10516300
2023-04-12,120.10472488738162,121.26690877514532,119.06341266372614,119.47250366210938,11821000
2023-04-13,119.43532049173513,119.97456133339055,117.9198281563234,119.92808532714844,12450200
2023-04-14,125.65532898969498,129.34642652580754,125.42289218861391,128.98382568359375,43931300
2023-04-17,130.11809586712968,130.22036860936103,127.98898138025827,130.00653076171875,16050500
2023-04-18,130.41561260269637,131.8195254325071,129.26272124249093,131.46621704101562,13760100
2023-04-19,131.30816626421534,131.55920192925032,130.53647454341413,131.2988739013672,9158100
2023-04-20,130.08092733043537,131.49413278576523,130.01583822017926,130.91769409179688,10586200
2023-04-21,129.92287013341033,131.19661917231718,129.03030663899233,130.66665649414062,11842500
2023-04-24,130.5922707591097,131.18730827572392,130.20176453203194,130.84329223632812,7567500
2023-04-25,129.79269495570054,130.1274044640123,127.96109211671873,127.99827575683594,10629300
2023-04-26,127.95178545062049,128.12843966134915,124.58610564390162,125.72969055175781,14416100
2023-04-27,126.4456223197612,128.2214429204115,126.12951166879782,127.42185974121094,9041100
2023-04-28,126.96627658910431,128.60264075648055,126.13880214058031,128.52825927734375,9887300
2023-05-01,132.26581836000824,133.29783821644935,130.93628680641368,131.28028869628906,20415800
2023-05-02,131.46623018999736,132.40528381144946,128.70488025365032,129.16046142578125,14113400
2023-05-03,128.71419374312444,128.92803160871594,126.22246408088758,126.42700958251953,12930900
2023-05-04,125.47868364235244,126.18528638056492,122.54997156023859,124.69768524169922,17089200
2023-05-05,126.85470186625903,128.19354001579455,126.3619370177238,127.13362884521484,11261400
2023-05-08,127.83095234103517,128.27722704115507,126.89189855490372,127.44046020507812,7484900
2023-05-09,126.38053149804215,127.3288776249441,125.71112655843577,126.82682037353516,7343600
2023-05-10,128.2586055494036,128.36087829464017,125.39498286959376,126.89187622070312,8133400
2023-05-11,125.51586622421974,127.19870630889098,125.4228858337718,126.49210357666016,7057300
2023-05-12,127.20800566679817,127.36606097216954,123.77723658077858,124.67909240722656,9988600
2023-05-15,124.8371413216115,126.13878152674747,124.54892200381812,125.72969055175781,7639500
2023-05-16,125.94353990014044,126.3898145056844,124.5489193443534,124.88362884521484,6477200
2023-05-17,126.3526073585183,128.8536289739523,125.94353060925548,128.7234649658203,12711500
2023-05-18,128.55615243737296,129.91357543771105,128.08197227429838,129.69973754882812,10999600
2023-05-19,129.9693374456531,130.6201717479733,128.42596808225812,129.40219116210938,13492200
2023-05-22,131.09434260740792,131.68938019077746,127.98899066253614,128.33299255371094,11402500
2023-05-23,127.87741281159326,129.26274112947746,126.87329840506368,126.99415588378906,9514900
2023-05-24,125.88775277144353,126.77102387365669,125.59024107397305,125.83197021484375,8578000
2023-05-25,125.34851738110962,126.69664790918623,125.12537295819699,126.1387939453125,8472500
2023-05-26,126.54788063934289,127.93320895067457,126.10160599557224,127.31957244873047,8579900
2023-05-30,127.18939548186306,128.04476103992013,126.46419393944916,127.80303192138672,7399900
2023-05-31,127.1243037131586,127.2265764509332,124.9579914943427,126.17597198486328,14219900
2023-06-01,126.92908212873873,128.5189417760317,125.93424589021166,127.91461181640625,12248100
2023-06-02,129.7555044833213,131.54061723322627,129.55095898404744,130.60157775878906,12922500
2023-06-05,130.2668425421874,130.2668425421874,128.42594759857207,129.31849670410156,8511900
2023-06-06,128.93731264569107,130.25756592635653,128.50034458893558,129.5509490966797,9329500
2023-06-07,129.74622583432867,131.34539216852002,129.07680670900132,130.80613708496094,9281400
2023-06-08,130.78750968583515,130.99205516218504,129.6811084783462,130.84329223632812,7368100
2023-06-09,130.49001537148624,131.83814587263618,130.3598513407576,131.1036376953125,7249100
2023-06-12,131.15941893506186,131.39185569008666,129.94143842180847,131.09432983398438,7596600
2023-06-13,130.61086044419062,132.83295530635525,130.29474985485163,132.0426788330078,7701600
2023-06-14,132.95383981928003,133.5209861370307,130.81541857922923,131.5499267578125,9068700
2023-06-15,130.71313840646567,133.32572542805949,130.1924823122168,133.03750610351562,9343100
2023-06-16,133.00030246924925,133.8556679507628,132.48893881540624,133.19554138183594,13813500
2023-06-20,132.5912271694313,132.9538279509158,131.1315174934463,132.516845703125,8428600
2023-06-21,132.8608349910178,133.90216123389115,131.7358491133408,132.32159423828125,9926500
2023-06-22,132.31229907643169,132.58193366281853,129.18834845257769,129.7740936279297,10075200
2023-06-23,128.80713396524297,129.40217143539687,127.9517684885725,129.09536743164062,9919500
2023-06-26,129.11400359400008,130.17391495331148,128.0169085847207,129.41152954101562,8429700
2023-06-27,129.2348145722754,130.0157985360789,128.80712477106226,129.42076110839844,8154000
2023-06-28,129.3836156345039,129.43010582894865,128.26792190190724,128.85365295410156,7558600
2023-06-29,130.22968573677505,133.4744941017453,130.02514023569887,133.35362243652344,15423200
2023-06-30,134.44144316929692,135.74308350074216,133.56747858097697,135.22242736816406,14212800
2023-07-03,135.91970392054725,137.11907119999537,135.7430497366165,136.31019592285156,8021600
2023-07-05,135.68300316098157,136.14169879641477,135.14004477164264,135.40216064453125,8934900
2023-07-06,133.88560918832147,134.23197347430613,132.406518841866,134.0634765625,9709500
2023-07-07,134.71879262942724,136.52552097664736,133.866908872023,135.12132263183594,8981500
2023-07-10,135.2710974449543,136.6659395090326,135.2710974449543,135.87957763671875,9100100
2023-07-11,136.99361395127463,138.37910020779015,136.40386024410967,138.004638671875,11260900
2023-07-12,138.03268337093755,140.29812147148584,137.61142675811845,138.68797302246094,11323200
2023-07-13,139.20287398923173,139.83008093340652,138.3135511365733,139.3620147705078,11234900
2023-07-14,141.870843043834,143.12525681027427,138.93138839786866,140.20452880859375,27028400
2023-07-17,140.74751945536332,143.93036406904477,140.74751945536332,143.58399963378906,17262400
2023-07-18,143.58396870813758,144.5388133160355,143.05973693495963,143.84608459472656,13491700
2023-07-19,142.99419342486166,145.2970849199136,142.49804450203536,144.3983917236328,12510000
2023-07-20,144.6605180284174,146.58894821231368,144.5481867273733,146.1770477294922,9935900
2023-07-21,145.84941384000646,146.1676953908266,144.8103064253035,145.05369567871094,10636400
2023-07-24,145.07242527179113,148.64844326937535,144.84774837498787,147.90890502929688,14381400
2023-07-25,147.25361502130073,147.64678887686114,145.99920115581102,146.8042755126953,9944700
2023-07-26,146.70129192030421,148.14292930748638,146.29874762297274,147.68421936035156,8728600
2023-07-27,147.69359033815113,148.63907877636402,145.61537558273733,146.05535888671875,10778400
2023-07-28,147.23489895405842,147.53446817081576,146.44855118644014,146.88853454589844,9103800
2023-07-31,147.14126364731788,149.20076607298495,147.11318082189925,147.8714599609375,8892700
2023-08-01,147.3752836576012,147.9088858617673,146.17703559842258,147.14125061035156,6853900
2023-08-02,145.62469910668463,145.7464008438863,144.1081697598269,145.47491455078125,8299400
2023-08-03,145.10048890583116,146.89786098978126,144.4920086983106,146.36427307128906,6084000
2023-08-04,146.4110794314577,147.7216731631504,145.75578970773367,146.05535888671875,6209400
2023-08-07,146.59832234097993,147.62805928952613,146.59832234097993,146.7480926513672,7251800
2023-08-08,144.46393710846394,146.01790580284208,142.84441801525406,145.92430114746094,8623400
2023-08-09,145.40006893140463,145.58729252584976,143.66821854323672,143.9677734375,6277800
2023-08-10,144.520091916497,145.51238975141104,143.31247339344608,143.75245666503906,5995100
2023-08-11,143.2563261590332,144.65116844231196,142.8818789489863,144.58563232421875,5180700
2023-08-14,143.7992760288352,145.02560699541831,143.15334248845306,144.88519287109375,5044300
2023-08-15,143.08779872306133,143.4809724951409,140.6351228816474,141.19680786132812,10300300
2023-08-16,140.98155027009378,141.3185585176941,140.12029586070057,140.5977325439453,6978200
2023-08-17,141.2436264856294,141.59934699720856,138.92200841764713,139.1373291015625,9953900
2023-08-18,138.2199108469386,139.9517610959369,138.02333108805377,139.4556121826172,8517500
2023-08-21,140.09216992550452,140.5134408185697,138.56628424091537,139.9330291748047,8327000
2023-08-22,139.7271029659488,140.0828378134794,136.53490265589448,137.0310516357422,9673300
2023-08-23,137.00296480788273,138.16375969245578,136.16980765056223,137.9578094482422,7858000
2023-08-24,138.07952671117278,139.86754299375357,137.60210433741545,137.82676696777344,6534000
2023-08-25,137.87357059987212,139.12798451368934,136.53490820324166,137.65826416015625,6695500
2023-08-28,138.14503635752138,139.11860756571915,137.73313590181482,138.1356658935547,5094100
2023-08-29,138.27609058280225,139.34328069655484,137.77992738593437,139.25901794433594,6337000
2023-08-30,139.12800062460886,139.62414968206855,137.78933807296227,138.6973876953125,6277300
2023-08-31,138.79098156731098,138.8752443375692,136.6378885199195,136.9842529296875,10933900
2023-09-01,136.75957572562794,138.62248430088263,136.39448466943944,137.44296264648438,7903500
2023-09-05,137.76124791490443,138.7441897953405,135.7485546770121,135.92642211914062,7854700
2023-09-06,135.45831769328464,136.2446652620402,134.90600315934276,135.70172119140625,8629200
2023-09-07,134.92475701377694,135.9919472963918,134.23201394868647,134.5409393310547,8373700
2023-09-08,134.2132633018919,134.9153624223818,133.53924700348213,134.64389038085938,7107900
2023-09-11,135.5051451671015,135.78598770305322,134.5128472530841,135.23367309570312,6854200
2023-09-12,135.2711113808214,137.9110112067669,134.84985472125945,136.99359130859375,8363200
2023-09-13,137.9297393099169,138.26674753287986,136.50682839895887,137.05914306640625,8325900
2023-09-14,138.39779297567569,140.3262231887897,138.09823807360453,139.71774291992188,10034900
2023-09-15,139.4088070236676,140.16707182842225,138.83776580409716,139.3058319091797,19863400
2023-09-18,138.69734468236973,139.61475020241627,138.31352706736544,139.5960235595703,6512400
2023-09-19,139.95175402826723,140.1577042404797,137.80801772654655,139.41815185546875,7943400
2023-09-20,140.09220027603982,140.65388539898544,138.67864557176296,138.82843017578125,7332000
2023-09-21,138.15440843768323,139.3433004745327,137.2650855973688,137.7425079345703,8052400
2023-09-22,137.88291038548203,138.08886061958907,135.91704126570235,136.42254638671875,7071700
2023-09-25,136.06683591353567,137.16210899360448,134.52220904350628,137.09657287597656,7044700
2023-09-26,135.36471871200064,136.5255134713151,135.01834009270283,135.6736297607422,7468400
2023-09-27,135.91704574382544,136.75955906802622,135.28046837627247,136.4693603515625,6717800
2023-09-28,136.9374263446685,139.36200547860716,136.68466663396703,138.16375732421875,8868100
2023-09-29,139.10929052137706,139.2590608602964,135.6081499471453,135.7579345703125,11917800
2023-10-02,135.58005131127518,136.3195895900525,133.52056297766828,134.58775329589844,9170600
2023-10-03,134.0541240888714,134.41921506435102,133.25842031372002,133.59542846679688,9431100
2023-10-04,134.04474974640985,134.30686557614808,132.86521422834636,134.1945343017578,8128700
2023-10-05,133.94936120720567,134.9489954403181,132.8082911555661,134.7603759765625,8576200
2023-10-06,134.7698235091785,137.57065291285397,134.04367882202118,136.8350830078125,10270600
2023-10-09,135.47710521963256,137.11798531189535,135.32621539355333,136.5238800048828,6964900
2023-10-10,137.13684937657925,138.40995889388373,137.004824376904,137.35374450683594,11288800
2023-10-11,138.16473594337253,138.8437256523832,136.75961605388252,137.8252410888672,8698200
2023-10-12,137.96671807007812,138.58912775754237,136.86336329119763,137.50462341308594,10484400
2023-10-13,140.04138982618178,144.38880324418298,139.41898019566213,139.5698699951172,29427000
2023-10-16,140.93729128323395,141.00331097441395,138.36279673046786,139.42843627929688,12663500
2023-10-17,139.1643775960049,140.80525749010098,138.42879338011554,139.12664794921875,11482700
2023-10-18,138.24021346264712,139.07951838576773,137.08970365032715,137.5989532470703,9620300
2023-10-19,137.1934163017745,138.64570554852048,136.62760109586821,137.0142364501953,11143600
2023-10-20,136.3352597722285,136.87278493216152,134.02480093728053,134.80752563476562,13332900
2023-10-23,134.7981121972243,135.49595244442185,132.71398789413,132.96861267089844,10133400
2023-10-24,133.14778633313443,133.6570214733008,132.36506160371712,133.12892150878906,8881400
2023-10-25,132.5631156887243,133.13835617043748,131.5634813825373,132.4027862548828,8242600
2023-10-26,131.79920893785996,133.60041802221002,131.48800414399508,132.74224853515625,9109400
2023-10-27,131.03534819566326,131.17681276799507,127.48952451636838,127.96104431152344,17434700
2023-10-30,128.66833915982525,130.17719404826093,128.29111464548342,129.59251403808594,9855500
2023-10-31,129.86600415268222,131.3088537506683,129.63966944313077,131.13909912109375,9672500
2023-11-01,131.3182799499032,132.52536963058716,130.5827101254128,131.02593994140625,9432000
2023-11-02,132.1104101835406,133.42123461299101,131.2993955760621,133.36465454101562,10186200
2023-11-03,134.0908457932642,135.58085056324327,133.77021568051663,134.85470581054688,9538700
2023-11-06,135.01499931905428,135.9769038934277,134.6566396092663,135.8731689453125,7625100
2023-11-07,135.3356547192018,136.04293466432486,134.6849692569924,135.8071746826172,6297900
2023-11-08,135.90147545372747,136.58989052573705,135.43938073983261,136.4767303466797,7618200
2023-11-09,137.15568646220893,137.35371672684704,135.51479232127906,136.07118225097656,7992500
2023-11-10,136.68420471665647,138.13647982386263,135.87318983117473,138.08932495117188,7983300
2023-11-13,137.40090396181412,137.91957875986594,136.89166877168356,137.47634887695312,6676300
2023-11-14,138.32505839820212,140.7486773711874,138.17418298003085,139.9848175048828,9927700
2023-11-15,140.00369511859856,141.60685990157586,140.00369511859856,141.21078491210938,8365300
2023-11-16,141.5408447709493,142.89882442983355,141.5408447709493,142.82337951660156,8126200
2023-11-17,143.53067715160955,144.15308697056187,142.9082673326572,144.11537170410156,7812400
2023-11-20,143.41750828184567,144.99238317230925,143.2666184458422,144.55857849121094,7019000
2023-11-21,144.47373111739907,144.8792458168442,143.879625677706,144.2568359375,7083500
2023-11-22,144.67175839734603,145.11498831341973,144.19079882605695,144.5963134765625,5174500
2023-11-24,144.84146638712082,145.64305590080474,144.54912637778605,144.7943115234375,3496900
2023-11-27,144.69059953295755,144.7849092752855,144.0116240688526,144.4642791748047,6259100
2023-11-28,144.4925462972237,145.1055163561744,144.02102643967882,144.7943115234375,6582700
2023-11-29,145.3884426243466,146.76528704849733,145.22812758688474,145.5299072265625,9126100
2023-11-30,146.08628152226098,147.23679109279772,145.5864716387902,147.18963623046875,9869800
2023-12-01,146.94446658886,148.86826142383205,146.94446658886,147.90635681152344,8916000
2023-12-04,147.1330704680428,149.04744006979425,147.0010454744615,148.99085998535156,9607500
2023-12-05,148.30242033448647,149.47179476083681,148.02894514870184,148.97198486328125,9135600
2023-12-06,149.79246032699388,150.15082010818946,147.1142303560781,147.4065704345703,9366000
2023-12-07,147.76489655598155,148.34957657978003,147.25564704716516,147.85919189453125,8130900
2023-12-08,148.3024223551613,149.73584676995327,148.0383723826528,149.49066162109375,7369400
2023-12-11,149.4906786018212,150.22624852159782,149.14174407807883,150.0376434326172,8093900
2023-12-12,150.16022534418147,151.4993401514318,149.83017004353027,151.3767547607422,10223000
2023-12-13,151.376751172791,152.80073607591623,150.66947133004385,151.885986328125,12379100
2023-12-14,152.61213937426155,155.45068411871856,152.49897919789595,154.64910888671875,13643000
2023-12-15,153.79093631953123,155.8656210556817,153.14023653822656,155.81846618652344,20309300
2023-12-18,156.46914985499157,157.61023425667324,156.19567466546889,156.76148986816406,8469600
2023-12-19,156.5445970162341,158.87390632782794,156.12023201068527,158.85504150390625,10345700
2023-12-20,158.42125778345093,159.76037254396365,156.9689684644074,157.0632781982422,10734700
2023-12-21,157.33674255642595,158.51554219987133,156.24281303379408,157.9591522216797,7601700
2023-12-22,157.95916263882626,158.64757764689784,157.70453786994963,157.86485290527344,6576300
2023-12-26,157.9214570337028,159.15683691468658,157.65739264154033,158.79847717285156,4683600
2023-12-27,158.27979105184372,159.8169504768574,158.03460589267718,159.7509307861328,6428600
2023-12-28,159.70378553614376,160.93916529174086,159.373715871676,160.59967041015625,6320100
2023-12-29,160.3167620438129,160.96746179209865,159.96784193110983,160.41107177734375,6435100
2024-01-02,159.45859562508764,162.3631599230326,159.2888553688662,162.27828979492188,9977400
2024-01-03,162.07080905271448,162.24054929758722,160.6656746705868,161.5709991455078,9852300
2024-01-04,161.9126118704199,164.4840152154625,161.81772058185265,162.6432342529297,11972500
2024-01-05,162.70015693042274,164.5124733318374,162.70015693042274,163.45924377441406,10066000
2024-01-08,163.22201538085938,163.54462255510825,160.8214137681895,163.22201538085938,11229900
2024-01-09,162.8424721796584,163.00377577413855,161.40022316605578,161.93157958984375,9923600
2024-01-10,161.3053268268902,162.33009181707794,160.309026324343,162.27316284179688,9670200
2024-01-11,161.61844556584327,161.64691005258496,160.0148785803073,161.58998107910156,11919500
2024-01-12,164.9109602585302,167.29258049499637,160.261563245395,160.40390014648438,19436500
2024-01-16,156.43769533094127,159.49300912270533,155.8968555922771,159.39813232421875,17206400
2024-01-17,158.78138793793093,160.42291746804034,157.9748698967347,158.54417419433594,11107500
2024-01-18,158.57262518214884,158.9616591633274,156.788787827513,158.85728454589844,9382300
2024-01-19,158.98063779337124,161.84618358047715,158.53467484219206,161.59947204589844,13115700
2024-01-22,161.74181876407434,163.18406784238965,161.030177562061,161.4097137451172,12837500
2024-01-23,160.99219920582442,161.06810933054288,159.8251118048267,160.34698486328125,8360800
2024-01-24,160.6980455138972,162.26365010364287,160.2236181256864,161.7797393798828,9967100
2024-01-25,163.49717227262667,164.1424010811721,162.16878131146788,164.09495544433594,8873500
2024-01-26,163.78182804587664,164.2088098113454,162.9942768223619,163.4687042236328,7443000
2024-01-29,163.4307613169015,164.00006552852224,162.5388354591491,163.89569091796875,6971200
2024-01-30,163.9905758624225,167.71956825499603,163.9905758624225,167.254638671875,10822100
2024-01-31,167.18822653609234,169.18082757038678,165.42335588463555,165.4423370361328,11521800
2024-02-01,164.7591499982318,165.89777288401743,162.6621744802231,164.84454345703125,9354800
2024-02-02,164.4365405747899,166.82765873693674,164.398578274706,165.79339599609375,8607600
2024-02-05,164.9679134968324,166.13500096991308,164.07598757427212,165.57518005371094,7820200
2024-02-06,165.67952618156954,166.8750779377934,164.8729938638922,166.14447021484375,6764800
2024-02-07,166.7043226284831,166.87510956386498,165.062807676568,166.45761108398438,7225500
2024-02-08,166.04961611663302,166.34375883435635,164.69276048884402,165.85984802246094,6060300
2024-02-09,166.04961395288615,166.14450523792445,164.78763514943896,166.05909729003906,6296700
2024-02-12,165.84085611158963,167.76703037532326,164.81609109548293,166.7991943359375,8539300
2024-02-13,166.35322558838982,167.21667242740585,163.79130612110933,165.34742736816406,8397600
2024-02-14,166.11602396443158,167.09334329239704,165.49925963075256,167.02691650390625,7056700
2024-02-15,167.1407757730594,170.99313861983137,167.1407757730594,170.67051696777344,8723400
2024-02-16,170.42382695213206,170.77489862748652,169.04799026069725,169.8734893798828,8152600
2024-02-20,170.02531392720303,171.2303637188881,169.28520825442058,170.53768920898438,9668000
2024-02-21,170.74641798610924,171.7332350838135,169.3895625747349,171.6478271484375,7024000
2024-02-22,172.52079484720994,174.03895391200567,171.97045729976963,173.7068634033203,9296500
2024-02-23,174.40898682665662,175.7278943314618,173.82070152301486,174.5797882080078,7105800
2024-02-26,174.3520779572995,175.02577126846347,173.14702824890108,173.98202514648438,7145400
2024-02-27,173.93458948194154,174.15282205509578,172.91932226723353,174.0674285888672,5717100
2024-02-28,174.04845112073724,175.7279283839972,173.60250262820136,174.9498748779297,6131600
2024-02-29,176.16439390725577,176.89500171310078,174.4469689552258,176.54393005371094,9643000
2024-03-01,176.2023120938688,176.90446977292365,175.63300796994122,175.8132781982422,6311800
2024-03-04,175.26298666271404,177.99567880021087,174.84548820991387,177.13221740722656,7063600
2024-03-05,176.82859124567665,179.61822683416162,176.82859124567665,178.90658569335938,6617800
2024-03-06,179.570778102442,180.3488460192698,178.0336378978686,179.83645629882812,7572900
2024-03-07,180.19703992745502,180.75686085108097,177.08479697238374,178.26136779785156,7618300
2024-03-08,178.80222458380084,180.71891558839314,178.3088159683026,178.59347534179688,6172200
2024-03-11,177.70155853816826,178.80223378384542,176.69577458133077,178.65989685058594,5762600
2024-03-12,179.2861501186988,180.4342710440802,178.2993472849781,180.13063049316406,5708400
2024-03-13,180.6240066673423,181.92393315603576,180.1305981000231,181.5918426513672,7795500
2024-03-14,181.25974046676782,181.82905916695464,177.53074786350967,178.3562469482422,10310900
2024-03-15,176.9424601771041,181.17435946088082,176.9424601771041,180.5670928955078,17214200
2024-03-18,180.88022211160907,182.84434431154483,180.17806424275938,182.806396484375,9013800
2024-03-19,182.85382008443563,184.01140965328761,182.5406962541158,183.87857055664062,8478700
2024-03-20,184.25813215855158,186.50691359955096,183.70779458867116,186.28868103027344,9367000
2024-03-21,186.46895863754574,189.23011523950757,186.2886739000261,188.87904357910156,11203800
2024-03-22,188.8316208127196,190.22643876540545,186.48794789784623,186.56385803222656,8108800
2024-03-25,186.54485635359586,186.86746350539403,184.4194164249036,184.85589599609375,8620000
2024-03-26,184.6376815447347,186.6018182440371,184.13478957869043,185.71937561035156,5961500
2024-03-27,186.45000563256713,189.3914618944576,186.33614766678855,189.3155517578125,8725800
2024-03-28,189.28709381016824,190.4541814348802,188.3856699553311,190.0556640625,8628300
2024-04-01,189.76148296386717,190.66289215811688,188.4141108405425,188.7651824951172,7309000
2024-04-02,188.24332231873962,189.56223004560812,187.9491796173942,188.6892852783203,7014700
2024-04-03,188.8600718225351,189.353480421599,187.5886097387711,188.15792846679688,9353400
2024-04-04,190.06669747224808,190.5725228336972,186.63090338860295,186.72633361816406,9243800
2024-04-05,187.21307291356746,189.08366842916283,186.21096089165496,188.44422912597656,6532300
2024-04-08,188.60648563767035,189.90445619693176,188.60648563767035,189.42726135253906,8001000
2024-04-09,189.03596449913155,189.80901778367087,186.02008971749524,188.1579132080078,7351500
2024-04-10,186.63090309212447,188.0815794697576,185.32337934002095,186.55455017089844,7681400
2024-04-11,187.0603818015725,187.60439092248092,184.42627146372058,186.51637268066406,10137700
2024-04-12,179.730669116781,180.31283283345405,174.21428344257563,174.452880859375,31532300
2024-04-15,176.0848925222756,178.90989232756837,173.88979338856458,174.54832458496094,14766600
2024-04-16,174.55785940954902,174.8060100362722,171.45609307815093,172.55364990234375,16451800
2024-04-17,173.0976418055842,174.09975382543902,171.02661806472688,171.86648559570312,9017100
2024-04-18,172.839986403325,174.9969019564357,171.76152134535386,172.98313903808594,9557700
2024-04-19,174.08068859594022,177.40197548789726,173.13585204182792,177.32562255859375,13402300
2024-04-22,177.50692442058224,181.45809672584136,177.49737120450726,180.77093505859375,11529700
2024-04-23,182.41249080398302,183.46231063719642,181.83031255941904,183.3764190673828,9144400
2024-04-24,181.8398780520335,184.41672746658654,181.49629715923766,184.27357482910156,6964900
2024-04-25,183.48141172959566,185.0943325814848,182.46020780549338,184.55032348632812,9802300
2024-04-26,184.74120887546937,185.98190375230607,184.25446084078007,184.66485595703125,6413700
2024-04-29,184.65530678155278,185.3997295490782,183.65319472901302,184.4644317626953,5387800
2024-04-30,184.01589471187933,186.0964720452048,182.8992603952158,182.9947052001953,8153700
2024-05-01,183.50051042268325,185.59062618122607,182.08800319125083,183.1092071533203,7445300
2024-05-02,184.2640125734771,184.67439312359332,180.87592647957385,182.91831970214844,6501700
2024-05-03,183.2428007323514,183.74862604851333,179.86426800149363,181.8207550048828,8922800
2024-05-06,182.98512382682264,183.43368812810877,181.16225065998637,183.24281311035156,7911100
2024-05-07,182.9565195413683,184.13041490362048,182.90879713937719,183.00424194335938,7688800
2024-05-08,182.28842746572758,187.6807232907595,182.28842746572758,186.72633361816406,9227600
2024-05-09,186.26824403253585,188.57786545857692,186.2014443233279,188.49197387695312,7977300
2024-05-10,189.48452041598773,190.24803507157247,189.22684568795714,189.70404052734375,7529800
2024-05-13,189.73267730698475,190.73478941529618,189.00733180699527,189.66586303710938,7049200
2024-05-14,189.9235483988948,192.385875547787,189.121864553999,192.31906127929688,8596200
2024-05-15,192.79626357615743,193.44525616341704,190.65843990714103,192.89170837402344,8370000
2024-05-16,192.9966778539951,195.1535932389949,192.77717231019278,193.2352752685547,8497900
2024-05-17,194.51416504960696,195.69761353618276,193.55977533673882,195.449462890625,9260500
2024-05-20,195.06768523154884,196.4897309451442,186.48771768417754,186.65951538085938,17373300
2024-05-21,188.0147793513531,190.78250378063117,187.6330292793257,190.4198455810547,14420800
2024-05-22,189.92356116796256,191.77507962196466,188.6733129194728,189.26502990722656,9425300
2024-05-23,188.78782176676148,189.25547795628643,187.12719303061385,187.93841552734375,8069400
2024-05-24,188.73055741751145,191.6032650842563,188.54922104999036,191.55555725097656,7356200
2024-05-28,190.74432244521444,191.26923968293062,189.59905773927144,190.40074157714844,6910200
2024-05-29,188.9691437571096,189.91399471851386,187.90977070201868,189.07412719726562,6120000
2024-05-30,189.50359554891975,190.7347662809771,189.35088971872463,190.2384796142578,6829100
2024-05-31,190.20986585230213,194.02742456659686,189.3031985702233,193.3879852294922,14417900
2024-06-03,193.0825708149027,193.18755426057615,190.10487971991847,192.61492919921875,6444300
2024-06-04,191.0306378288864,192.7676194373073,189.2363806080914,190.0762481689453,6848300
2024-06-05,190.6488677581653,190.70614336889636,187.93840469676562,188.2628936767578,8351600
2024-06-06,188.2628758687044,188.9882212410521,186.42091104225034,187.92884826660156,7640300
2024-06-07,188.42514935958465,191.75597461770602,188.024307437637,190.83021545410156,6964500
2024-06-10,190.15260252915212,191.6796172589224,189.38908788285167,190.50572204589844,6070800
2024-06-11,188.88324895141668,188.9118794743479,184.76983211155977,185.4951629638672,9235300
2024-06-12,187.0603890501278,187.74755082799157,182.5842988392324,182.7942657470703,12751300
2024-06-13,183.54822402834617,185.7051393894414,182.17390060566132,184.8271026611328,8587800
2024-06-14,182.71790538052034,185.97237775666235,182.68927485451107,184.94163513183594,6874000
2024-06-17,184.6552991186537,186.65952314056108,183.85361533502265,186.08688354492188,8725400
2024-06-18,185.72424105772285,188.930991025547,185.27567673463204,188.0147705078125,9023000
2024-06-20,187.43258948693125,190.35301959036525,187.16536154039684,189.6085968017578,8731100
2024-06-21,187.73799820567726,188.17700929825324,185.36156268713378,187.34669494628906,20972100
2024-06-24,188.78780188897784,190.14303335508282,188.11019343734003,189.8090057373047,9785900
2024-06-25,189.0550727942404,190.9447750915495,188.7210451005136,189.03599548339844,6862500
2024-06-26,188.44423225132738,188.91188841939731,187.3275981156472,188.42514038085938,7758600
2024-06-27,188.43469489460125,190.74431610090178,187.91931632822877,190.08578491210938,7913500
2024-06-28,190.88747429822308,193.35935463256504,190.20986578187188,193.03485107421875,15307600
2024-07-01,193.58841832722447,197.64457486806845,193.41663515800704,196.07937622070312,10205800
2024-07-02,195.92664354617938,199.33382156432344,195.43037141669657,199.30519104003906,7802900
2024-07-03,199.99237611377828,200.78452135813035,198.1790268412077,199.17160034179688,5560900
2024-07-05,198.64377422771068,199.0084419463454,196.27336816071954,196.532470703125,8093100
2024-07-08,196.77237767256634,198.5573794017683,195.74552979069207,196.8971405029297,8707000
2024-07-09,197.33859380980596,201.30205403205485,197.1658441534367,199.25794982910156,9058900
2024-07-10,197.82801262669597,199.58422503774028,197.2905953160313,199.42108154296875,8328500
2024-07-11,197.89519852111354,199.70898927928098,197.0986640573066,199.08518981933594,10658100
2024-07-12,195.77432240821722,199.08520875553353,193.95093996868792,196.67642211914062,15443400
2024-07-15,198.83568835973134,203.07746338803915,198.3846385255346,201.5803680419922,10719700
2024-07-16,201.5323940342005,205.12159527581198,199.68981390311083,205.0064239501953,11557000
2024-07-17,205.17919240815453,208.78757699823768,204.67056415763426,208.12539672851562,11572500
2024-07-18,206.93537311360464,207.90464262796732,200.80303124118646,201.51318359375,12415100
2024-07-19,202.68401496985885,203.78765358828193,200.49595003902687,201.32127380371094,8095900
2024-07-22,201.97383607849395,203.61487723988253,201.25407758649305,201.80108642578125,7663200
2024-07-23,202.5112860974499,202.95272984342498,200.90862535379435,201.84910583496094,5557300
2024-07-24,201.10054238495405,203.4805398970385,199.6802229423339,200.1792449951172,7119000
2024-07-25,200.2368295595067,201.7147420327881,199.66103148604793,200.2560272216797,6403800
2024-07-26,200.8030488593653,204.56498521561846,200.20803848586095,203.6820831298828,8027800
2024-07-29,204.07553810374966,204.99683550482567,202.06022291940437,202.34812927246094,6533600
2024-07-30,204.63213201184072,207.08890530291896,204.37302950002504,206.5131072998047,8850700
2024-07-31,206.11965617262393,207.66473846208044,204.09473484474648,204.21949768066406,9071600
2024-08-01,204.60333376832233,205.20793555612184,198.0583378357043,199.5746307373047,10918600
2024-08-02,195.65916985684163,196.4173090899953,188.951014866982,191.11029052734375,18041700
2024-08-05,186.2255269573448,188.26003972022244,183.2025323392783,187.04124450683594,13927000
2024-08-06,187.5210898263343,194.4307836748442,186.17754637997143,192.26190185546875,10605800
2024-08-07,195.30407255531497,197.4537566355557,192.12754058739833,192.31947326660156,9204400
2024-08-08,194.30603966721048,196.6476567379348,193.65345089893853,195.83192443847656,7761200
2024-08-09,195.26570304351597,198.14473732678184,194.71867950080318,197.5017547607422,5540200
2024-08-12,198.08715268440758,198.78771357086882,195.44803800867777,197.8760223388672,6936000
2024-08-13,199.35391161147854,199.6993962854889,197.11786006073427,199.55545043945312,6387800
2024-08-14,199.36351554061437,202.26173259433187,198.76850521541047,201.76271057128906,6999800
2024-08-15,204.41141236229493,205.26552518971098,202.5880300343132,203.01988220214844,7001000
2024-08-16,203.15423577226989,205.45745708775618,203.0582621159896,205.34230041503906,7931200
2024-08-19,205.37111918066995,206.83942554351694,205.19838414670022,206.7626495361328,6090800
2024-08-20,206.33075850164272,207.29043644816198,205.06397658334606,205.8701171875,5640000
2024-08-21,205.78375651861572,206.33078003410972,204.25787193885594,205.94691467285156,5202300
2024-08-22,205.92770721801395,208.05819355178016,205.6973792260983,207.89505004882812,5247100
2024-08-23,208.82594575716917,210.3518303146011,207.770294063869,209.50730895996094,7214000
2024-08-26,210.17907434771442,210.82205685305937,209.25779166440867,210.33262634277344,5105200
2024-08-27,210.6589278507846,211.5322384088343,210.3518384830516,211.30191040039062,5185200
2024-08-28,210.40942013221067,213.25007370690733,210.35184179007584,212.36715698242188,6506400
2024-08-29,213.19245279825017,213.98898726168142,210.11189474931135,213.2500457763672,6416100
2024-08-30,213.52837890369267,216.38821556365377,212.98135535356386,215.7356414794922,8574100
2024-09-03,213.33645529562187,215.06387889126577,210.39984250479048,211.41709899902344,8956100
2024-09-04,212.12723207920712,213.1157139537024,208.45167799328414,210.48619079589844,7389500
2024-09-05,211.27311444323652,211.8969139547451,207.31924560820755,208.854736328125,8067900
2024-09-06,208.82596392525963,209.91999639189612,202.57845001745773,203.89321899414062,7777000
2024-09-09,206.51312105129102,209.35375986693387,205.54383685302398,208.0677947998047,8935100
2024-09-10,209.78561744862617,209.82399812562028,192.52100489184315,197.2714080810547,28406900
2024-09-11,196.97391086092546,199.3251190484655,193.6918138354718,198.8740692138672,13658700
2024-09-12,199.27712034695296,200.36156111576474,196.62841447812514,198.26947021484375,9054400
2024-09-13,198.5190120847975,199.4690986741892,194.833851700199,196.08143615722656,10226700
2024-09-16,197.5305381683303,199.81457665233654,197.30021016072058,199.4786834716797,8634900
2024-09-17,199.35390740598294,201.4651960832742,199.28673756042474,200.8126220703125,7573300
2024-09-18,200.58229137057424,202.81834284396587,198.3654375571648,199.16197204589844,8259900
2024-09-19,201.32130066829367,203.36542001204853,198.97968341213897,201.99307250976562,11635200
2024-09-20,201.46520015567114,202.89512568030523,201.05254563504943,202.57843017578125,20885000
2024-09-23,202.4920612297152,203.25980657066546,201.52279170592422,202.91432189941406,7223500
2024-09-24,202.63602786120398,204.36345139466172,201.88748010395994,203.05828857421875,7323200
2024-09-25,203.14463253149498,203.68206451343198,200.19842867858037,201.7147216796875,8976500
2024-09-26,202.61684511643884,203.16385402738385,200.58231755493514,201.32127380371094,7807500
2024-09-27,202.15616813497374,203.87399998332447,200.88940076897532,202.01222229003906,7032500
2024-09-30,197.99118871746668,202.4537007192819,196.9835237723132,202.35772705078125,8663800
2024-10-01,200.47672835038065,200.6590695133516,197.87600917065313,198.6917266845703,8540100
2024-10-02,198.73014693766058,200.52474033695253,197.39619493599187,198.93167114257812,5810900
2024-10-03,197.85684223472236,198.16394627131464,196.1006294647172,196.95474243164062,7251300
2024-10-04,202.09148689963916,204.37985684800876,199.78380164736595,203.9453582763672,10211700
2024-10-07,203.76190602752735,205.98269458084312,202.46806055788844,203.66534423828125,6718900
2024-10-08,203.32740337902976,204.05157258412177,201.20317665741186,203.49154663085938,6021800
2024-10-09,202.47771475974207,206.86136077091666,202.16874354804747,206.06959533691406,7024000
2024-10-10,207.41171960680364,207.41171960680364,204.18675618891916,205.5095672607422,7927100
2024-10-11,208.2421134569088,216.89352881613823,207.74968365741609,214.6341094970703,18320700
2024-10-14,215.51276767760157,215.99554718168815,211.34156042358927,213.8520050048828,9048900
2024-10-15,215.95693117924253,217.68527532023913,214.1803061412129,214.7306671142578,9235800
2024-10-16,214.6727269219523,215.97622268757254,213.42714760377535,215.93760681152344,6382500
2024-10-17,216.54592216463283,218.0715071604394,215.6189790372494,216.6907501220703,6470200
2024-10-18,217.2507648690765,218.13907733966104,215.4162087479307,217.60801696777344,7000500
2024-10-21,217.46318311378727,217.92664727427885,215.22307932710135,215.31964111328125,5870000
2024-10-22,215.33897121583806,217.52112924082374,213.48509971320877,216.4010772705078,9586800
2024-10-23,215.95692013506684,217.05765675812557,214.86583379761672,215.7155303955078,6180500
2024-10-24,214.18995560232,217.3087070595921,214.02581233964898,217.23146057128906,6002200
2024-10-25,217.25076784703845,217.84940969268465,213.2726696126605,214.65341186523438,6369700
2024-10-28,215.6575899885166,217.86871342564066,215.27135758179068,217.73353576660156,6843000
2024-10-29,217.45353704067085,218.9404913371286,215.1361867268046,215.22308349609375,6580000
2024-10-30,214.87550115342282,218.5156628404685,213.94857273050474,216.6811065673828,7110900
2024-10-31,216.96110835965536,217.91701709128074,214.18030840692387,214.27685546875,7829900
2024-11-01,215.86036059570225,218.36115478761525,215.0299792936343,215.26171875,6923500
2024-11-04,214.98169019005127,216.0534611932713,211.6215492339804,212.21054077148438,8229600
2024-11-05,212.45194122469928,214.3154777176928,212.42297563395553,213.86166381835938,5600700
2024-11-06,226.90637065875526,239.4586379717928,226.68429620853013,238.55101013183594,23987800
2024-11-07,236.07919613462954,236.14679234250318,227.11880901010295,228.23886108398438,16451100
2024-11-08,231.0968653627636,231.0968653627636,227.6594780097169,228.81814575195312,9502100
2024-11-11,231.734167897953,233.76184776036473,230.76860886504485,231.04861450195312,9017100
2024-11-12,232.26521962387952,233.14388184693877,230.53686076900374,231.30931091308594,6861000
2024-11-13,232.29419152794952,235.68329839480197,232.0334864664189,232.85421752929688,11472600
2024-11-14,234.07082483230462,235.87641555426896,232.74801363884512,233.53976440429688,10172200
2024-11-15,233.14388893789499,237.93305345699474,233.14388893789499,236.8612823486328,11518800
2024-11-18,239.22688371269956,239.3910269686542,234.32184240561926,236.59091186523438,9051400
2024-11-19,233.90666165823853,236.70677679200912,233.2307733224933,234.7177276611328,6792700
2024-11-20,235.98262370088807,236.1853975821107,230.42100892931995,232.4873046875,9015300
2024-11-21,234.85292652668068,237.0350994361045,233.77150509187655,236.33023071289062,8783500
2024-11-22,235.219821387118,240.5690116009233,234.65979541625032,239.98968505859375,7997300
2024-11-25,240.99386567944467,245.55130530795057,240.4821205914916,241.6697540283203,10295400
2024-11-26,241.86287360225722,242.35530337685785,239.78691296046713,241.36077880859375,6212100
2024-11-27,240.76213237626226,242.53875732525523,240.20210641192003,241.1869659423828,5472300
2024-11-29,241.25456243074825,243.09878358106323,240.8586797210085,241.119384765625,5494800
2024-12-02,240.95526877489638,241.6311571769908,236.59093765481776,237.7689208984375,8899700
2024-12-03,239.68071342355267,240.46281387900356,236.20470976229734,236.38816833496094,6657700
2024-12-04,236.2722889974968,236.89991119978995,233.88735704195787,235.01705932617188,7346300
2024-12-05,236.93850911465168,238.66685314495626,236.19502460109126,237.02540588378906,6572500
2024-12-06,237.23782113991652,239.2075695661081,236.40743988833765,238.8406524658203,5519700
2024-12-09,238.61859624597477,239.3331004642951,235.36465245379455,235.41293334960938,7076500
2024-12-10,235.49017580217017,239.42000786865495,233.87769409575165,234.4956512451172,9108300
2024-12-11,235.59637673776825,235.85708177176627,233.8390524294808,235.14256286621094,7884400
2024-12-12,234.63082916006218,235.692949917877,232.73832710066324,233.21145629882812,6113800
2024-12-13,233.7328690945859,234.3604765375674,230.9037736251097,231.6762237548828,10392700
2024-12-16,232.32313781366128,232.38106899290696,229.33956421642742,231.32861328125,9032000
2024-12-17,230.43065565931622,230.78792251755053,228.4802370347638,230.15065002441406,8083600
2024-12-18,230.7685845656322,230.8361807627836,221.62474030815744,222.43580627441406,11322400
2024-12-19,224.27039218428922,228.21952494296886,224.27039218428922,224.93663024902344,11790800
2024-12-20,223.93242666437249,230.97135955828864,223.61379044750802,229.41680908203125,32348400
2024-12-23,227.93952196997523,230.4016856524641,226.79050439374112,230.1796112060547,8611500
2024-12-24,231.1837698892596,234.13839262104892,230.836182814854,233.96458435058594,3729100
2024-12-26,233.11487900329521,234.88185356471604,232.49692189437698,234.7659912109375,4451800
2024-12-27,234.36049582992294,235.0074186310496,231.7727898921543,232.86387634277344,5730200
2024-12-30,230.54651531283838,232.54521468407714,228.94368391501692,231.07757568359375,5723800
2024-12-31,231.78241857247647,233.1245448638788,230.79754436202174,231.45413208007812,4871000
2025-01-02,232.62248921152107,234.90120920443636,231.20311620096618,231.7341766357422,9220900
2025-01-03,235.49019093770127,236.446099680159,231.98520694861776,234.9011993408203,9491100
2025-01-06,236.52199744283416,238.45338882592614,233.4938994273639,233.75595092773438,9917800
2025-01-07,235.00793797890452,238.03603585964578,233.8044559653357,236.00759887695312,8753400
2025-01-08,235.59999888287567,237.05581761953607,233.41627077788505,235.96881103515625,8675300
2025-01-10,235.9299526770056,236.62874677173156,231.70808773150114,232.80479431152344,10256800
2025-01-13,232.61071202939766,237.33726537542867,231.96044811515128,237.01699829101562,10005300
2025-01-14,235.51264633062303,240.4236056871978,235.0564886219116,240.18096923828125,12407400
2025-01-15,243.0246450469622,246.19833373301464,236.50257655181815,244.91722106933594,18448500
2025-01-16,246.51863391142942,249.46910144518222,244.89782419787434,246.7806854248047,15292300
2025-01-17,246.65449800073918,252.94363035716344,244.71340648745428,251.52664184570312,17678100
2025-01-21,252.409816435987,256.4666901787651,251.85659830232555,255.28262329101562,13712100
2025-01-22,255.1564817205521,255.62235436148842,252.5845413063042,255.09825134277344,9021900
2025-01-23,256.89377150881944,258.999839319307,256.03968646138014,258.1166687011719,10749700
2025-01-24,255.92315468072084,259.232718511734,255.26319082492623,257.0392761230469,7666300
2025-01-27,256.3890825417096,258.13605303558734,254.535336614133,258.01959228515625,7522300
2025-01-28,258.01962450201626,259.4560134282911,257.0296487623303,259.2716369628906,7375400
2025-01-29,259.3395369767374,262.7073321141327,257.7866577607091,258.72808837890625,7684900
2025-01-30,260.71768010583645,261.75617104949805,258.766873890751,260.3294677734375,8753500
2025-01-31,261.30008652055614,262.84325096621404,259.0969283445937,259.4269104003906,7193800
2025-02-03,254.11799568005065,260.2712821624786,253.99184960482245,258.9513244628906,8381400
2025-02-04,261.8920656979003,261.8920656979003,258.97071346699056,260.04803466796875,5626000
2025-02-05,260.9894418764152,262.6684965624178,260.4265087965908,262.46466064453125,5704400
2025-02-06,264.4251692984596,268.8217398268807,263.2022723240967,268.74407958984375,7264400
2025-02-07,269.10318646976515,270.3454837389774,266.61859193134063,267.6764831542969,6857900
2025-02-10,268.01617572204907,268.04529090684423,261.6493986180838,263.05670166015625,8627400
2025-02-11,262.29968817500816,268.0841322055861,261.7173548361182,266.8903503417969,7196400
2025-02-12,266.0071500330046,268.3073682010428,265.20161014147436,267.3368225097656,6683900
2025-02-13,267.38535874167565,268.81206220355733,265.74513402635904,268.18121337890625,8398700
2025-02-14,269.20029238564155,271.0055230328968,268.30740680766394,268.4432678222656,5688600
2025-02-18,268.6082414686908,271.72368491952835,267.89001749911944,271.70428466796875,7919800
2025-02-19,270.18053227508295,271.9954480996811,269.0546956439582,271.02490234375,7007200
2025-02-20,270.47167738640707,270.52990776080935,257.9128132494212,258.94158935546875,13846700
2025-02-21,260.4168439978953,261.27092900098586,255.0982425996441,256.4570007324219,12835600
2025-02-24,257.67020002120825,259.1357336859581,250.9928400471611,253.64244079589844,10372800
2025-02-25,254.50623421668564,255.2535438153115,245.88778282719832,249.8184814453125,9608400
2025-02-26,249.5855472014318,253.22509374318383,249.36231101747035,251.16754150390625,5943600
2025-02-27,252.51658225954176,255.87469182858476,250.2649090455339,251.41986083984375,8204400
2025-02-28,253.05042685493686,257.0102408394051,250.2940802308907,256.8549499511719,10467100
2025-03-03,256.2240989340042,258.47577236645964,250.22613281744813,252.9436492919922,9058300
2025-03-04,247.76091803763094,249.6534940988536,238.70572440707394,242.8790740966797,13465600
2025-03-05,243.8496320279879,245.59661742826808,240.53036717213234,244.1213836669922,7861400
2025-03-06,240.80209946195242,242.015281613365,236.66758002130527,239.27833557128906,9983200
2025-03-07,238.00692097749285,239.4530394207747,232.36805275623323,235.14381408691406,20498700
2025-03-10,229.25259416347373,230.51429165912617,221.96378686477144,225.38011169433594,18887200
2025-03-11,224.9239788967364,226.44774284176466,220.01301974210133,222.39085388183594,18143000
2025-03-12,227.10769746005099,227.4182791975453,220.56621400526214,221.18736267089844,16054000
2025-03-13,222.5461333861297,222.7402395654928,217.62545954737027,218.55718994140625,16467900
2025-03-14,221.40089366257604,226.27303751626079,220.87680546916633,225.59365844726562,11962100
2025-03-17,224.37074846283141,228.72850399973166,223.67196918142557,227.0397491455078,9586000
2025-03-18,227.4182844946614,229.2137852248078,226.6418449421928,228.04913330078125,10344900
2025-03-19,228.79646520042016,235.19235827185224,227.9714953720013,232.06719970703125,10120600
2025-03-20,229.5923043813926,234.6391394103261,229.24290731273203,231.9701385498047,8328500
2025-03-21,230.8054781658387,235.16323383404452,229.53406562636874,234.51296997070312,19326900
2025-03-24,238.24957590512537,241.36503440089746,237.21109961277028,240.7535858154297,9422700
2025-03-25,241.96673880880573,244.40281792040972,240.32651425571743,243.73313903808594,9287700
2025-03-26,245.1598570425021,247.16887900045046,242.42291097853027,243.63609313964844,12779300
2025-03-27,242.18028645376282,243.25759285817858,239.89949795497841,240.8118133544922,8022500
2025-03-28,239.6665652294854,242.16086005777964,234.00828183952703,235.69703674316406,11978400
2025-03-31,232.35836101622476,238.61837812715723,230.36873927152533,238.0748748779297,13603000
2025-04-01,235.47380892493115,238.45339153399044,233.78506877067235,236.48318481445312,8054700
2025-04-02,234.4838551459041,239.9674326166383,234.34797933558323,238.57955932617188,7758800
2025-04-03,227.36976405138714,228.2141341410838,220.60505877931982,221.95411682128906,17188500
2025-04-04,210.2553432331429,212.58923458837728,204.02511643608108,205.3434295654297,27170700
2025-04-07,200.93930233618102,216.8371082788502,197.41405089517536,209.40576171875,22914400
2025-04-08,218.27262514065112,222.49120061794363,208.2437205687665,211.7787322998047,19485700
2025-04-09,207.5113293287422,231.9048922466148,206.04654347465694,228.83860778808594,24022400
2025-04-10,224.60048894505405,224.9422782580252,214.9329086419956,221.77833557128906,18896400
2025-04-11,220.9971025358475,232.97905393688654,219.71785872027854,230.65492248535156,20284500
2025-04-14,231.53380246810318,234.15087913970558,228.14526363842643,229.2096710205078,13017800
2025-04-15,230.5573054576636,233.0474295546492,227.35430816452694,227.6570281982422,10912900
2025-04-16,226.55352634462056,228.09643576900157,222.5790672431111,224.21963500976562,9322300
2025-04-17,225.38170933973876,228.83859723978307,225.13757837531108,226.5144805908203,9557900
2025-04-21,225.21571062759392,226.36800167119193,221.02641477455015,223.6142120361328,8716200
2025-04-22,226.53399818903708,230.44986835764868,225.9383180454656,230.0592498779297,10701400
2025-04-23,234.58055782870665,240.99631170351697,234.36572139205154,235.22506713867188,14126800
2025-04-24,234.111813783322,239.70729080846584,232.00251886579326,238.8967742919922,9055200
2025-04-25,238.9065494767277,239.85377878556818,236.07463632488924,237.83238220214844,8588600
2025-04-28,238.81865487510098,241.04512791658067,235.18598519677712,237.51011657714844,7394300
2025-04-29,236.50431250866183,239.49247309158469,236.01605058594708,238.87725830078125,7216800
2025-04-30,235.5473233123009,239.4631785682675,232.83257331348125,238.87725830078125,12991700
2025-05-01,237.13905420831426,242.61735374261244,236.4847850001896,241.09397888183594,8689600
2025-05-02,245.36137644120922,247.66597331622904,243.60364543700763,246.58203125,7165000
2025-05-05,245.28325170363556,249.16982732673011,244.7071062124704,246.630859375,5450700
2025-05-06,244.13095242759528,246.71873456309945,243.1544286178849,243.3985595703125,6369900
2025-05-07,243.98448584012095,246.5234388677099,242.98842735746476,243.5352783203125,8724100
2025-05-08,245.66411138304096,249.87292678022158,245.64457673393773,247.51950073242188,8320100
2025-05-09,248.52531868880288,249.51160240858812,246.41602360630893,247.13865661621094,5087600
2025-05-12,256.72809074382644,257.41166929681515,252.62670882931454,253.9449920654297,9603900
2025-05-13,254.90201286940857,257.4800500721763,254.27705311794927,256.8355407714844,8589000
2025-05-14,256.82577133737385,260.38033243913924,256.13244775146745,259.40380859375,8643100
2025-05-15,260.7025759874391,263.19269990894253,258.5444666020599,261.2103576660156,9214600
2025-05-16,261.2201585052637,262.15761315969064,258.4956483208318,261.27874755859375,8932900
2025-05-19,259.3159365208725,262.02092707612434,255.78092440576629,258.66168212890625,12145000
2025-05-20,256.3570217379832,260.3998446453458,256.14218530617444,259.4428405761719,8436300
2025-05-21,258.1440958860731,259.41356502066975,254.60908417787425,254.91180419921875,7464000
2025-05-22,253.34931067928278,256.14215415196526,252.7926850189605,254.55044555664062,6514100
2025-05-23,250.78107124918157,255.8394573114257,249.9900893661378,254.58950805664062,6671800
2025-05-27,255.8883093139594,259.0717566921421,255.83946524243134,259.06201171875,7506600
2025-05-28,259.989670011101,260.45841213292607,256.728084308059,257.3042297363281,5535400
2025-05-29,258.5834722711684,259.1791672441841,256.3667741282984,258.16357421875,5081200
2025-05-30,257.265230909512,259.10107079095377,256.56213251620557,257.80230712890625,10977700
2025-06-02,256.84526410102234,258.8080863604011,255.75156227727646,258.44677734375,6011200
2025-06-03,257.5386631607241,260.32173248111746,256.7086118716836,260.0190124511719,6998400
2025-06-04,259.6772534604333,260.8490642816774,257.9780815778546,258.01715087890625,5915700
2025-06-05,258.5249103385397,258.5249103385397,254.1989169051607,255.80043029785156,8173800
2025-06-06,258.12454195712064,260.39008449229345,258.056207934954,259.49169921875,7738100
2025-06-09,259.75531775168025,261.61070691825,257.1675357719009,260.4779357910156,8285000
2025-06-10,259.63816546492893,262.58725675736963,259.6088709415357,262.2943115234375,7538100
2025-06-11,262.3724454128917,263.2903803018637,259.550306718951,261.8548889160156,7434100
2025-06-12,260.5951716975012,261.9916236200851,258.9155790822762,261.9427795410156,6618000
2025-06-13,258.85693405632503,260.75139274608847,256.5425772552077,258.7300109863281,7098300
2025-06-16,260.731864186611,265.3508326588525,260.5853915714537,264.0129699707031,8566000
2025-06-17,261.8744350431756,264.2376062617283,261.51309615663433,263.1927185058594,6739300
2025-06-18,263.66144669321045,271.20021221292876,263.3880211997966,267.5284729003906,9586400
2025-06-20,269.1006625666469,270.79002961674195,267.3819711943445,268.5440368652344,13969700
2025-06-23,268.60264103465835,272.0106996489925,265.7218838292262,271.7372741699219,8094600
2025-06-24,273.631706176909,276.0730155031396,272.948157446248,274.6570739746094,9267900
2025-06-25,274.89142855270444,277.60616331581525,274.31528313116405,277.3913269042969,6826900
2025-06-26,278.0163729885891,282.6157923247423,277.79176175773335,281.9712829589844,8942100
2025-06-27,279.10028187976,281.9224501380631,278.34836923641,280.3697509765625,17868600
2025-06-30,283.58249100733053,285.77966944457916,282.13725493022537,283.10400390625,12689200
2025-07-01,284.0610273166312,284.2953834962509,279.86195702454677,283.59228515625,9338300
2025-07-02,285.18402779363225,285.9457151893501,282.89896560647867,285.14495849609375,8158700
2025-07-03,286.66586822419856,290.8360888827844,285.74351114178125,290.443603515625,6541600
2025-07-07,289.7077166346147,290.48289553951275,284.63475207874944,286.4892883300781,8825700
2025-07-08,283.83993409983367,284.2618850781592,275.048135846527,277.4717712402344,15440900
2025-07-09,281.7891314137912,281.80877514408627,277.1773764457948,277.8446044921875,11273800
2025-07-10,277.687634657396,282.89795501811136,277.687634657396,282.78021240234375,8410900
2025-07-11,280.16031625567433,281.98541661358325,278.3254239763715,281.47515869140625,7384700
2025-07-14,281.6812326297011,283.8693527089549,279.90521169280953,283.2806396484375,9079900
2025-07-15,282.5937831680985,286.46964738040805,280.121098345475,281.1709899902344,12526100
2025-07-16,282.98623724838524,285.2725159686822,277.6974322542774,280.4546813964844,9979800
2025-07-17,278.1194022972347,284.8506152852065,278.1194022972347,284.4581298828125,8509500
2025-07-18,284.0851882327222,287.00925915739543,282.8194253679111,285.8023376464844,12217000
2025-07-21,285.5374617769879,288.6577608735927,285.1253326770995,285.5080261230469,7898100
2025-07-22,286.0280742772089,288.11809552877634,283.75161723688194,285.9593811035156,6717500
2025-07-23,287.34290279554006,291.41499440772435,287.0583381931105,291.1893310546875,7083500
2025-07-24,291.8369090330815,293.96615749170445,290.63980941236923,290.98321533203125,7001200
2025-07-25,291.1304626389869,293.2891470363467,290.4043332995373,293.014404296875,5918500
2025-07-28,292.0724293571669,293.8091927274499,291.2482011503524,292.6807861328125,5840400
2025-07-29,294.3684775536459,295.6342703916454,290.6398221491837,291.46405029296875,7635700
2025-07-30,291.836986615819,294.9670779062804,291.7977290922438,294.0054931640625,8061700
2025-07-31,293.5246633224064,295.33011989507037,289.9529777509294,290.6790771484375,14749700
2025-08-01,284.9487439683445,286.32245784834123,278.9043729516421,283.9380798339844,12007100
2025-08-04,284.81135364584816,288.79513839592664,284.81135364584816,288.73626708984375,6649500
2025-08-05,289.1582290191561,290.237586357945,281.84806471731633,285.9005432128906,7182300
2025-08-06,286.8130388717205,287.784475314663,284.71322574362773,285.8808898925781,6330200
2025-08-07,287.44105083933385,287.95127882891904,281.03363056399576,281.5536804199219,8057100
2025-08-08,283.55537949152693,285.7631432800269,279.365515270513,283.3395080566406,6634100
2025-08-11,283.9674810703858,285.8514526951056,283.3591242790355,284.1244812011719,5510100
2025-08-12,286.02805793473163,289.21705000432985,284.88982947960193,287.35272216796875,8570900
2025-08-13,288.43207746741234,289.0207905053278,281.769528771024,285.0762634277344,8420400
2025-08-14,285.1253385944976,288.67741059714604,284.20301143696577,288.6381530761719,6322400
2025-08-15,289.30536719380285,289.95298150728627,284.3796115875491,285.0370178222656,7340500
2025-08-18,284.5562169634104,286.4205448097455,282.9960675051489,286.0574951171875,5386900
2025-08-19,285.3706494849781,286.9897003409671,284.0950645111781,285.203857421875,6031500
2025-08-20,285.35100110061984,287.8236856501562,281.8774445149503,286.754150390625,7374200
2025-08-21,286.45980522859077,287.2742115786807,284.0361700203976,285.9986267089844,6624000
2025-08-22,287.6961645212777,291.5818204071259,284.6837862966605,290.6790771484375,8552800
2025-08-25,290.6790696581532,291.76824867106194,288.61851412970407,289.3642272949219,5856300
2025-08-26,288.63814183000835,293.13215460321874,287.99052751038425,292.9653625488281,6714700
2025-08-27,291.6701254801894,295.41842494390727,291.46407591230917,293.6620178222656,6056500
2025-08-28,294.38814919051487,295.58524909893663,293.092950392732,295.41845703125,6410500
2025-08-29,296.37022814205386,297.2631495608047,294.10359298088383,295.7618713378906,6796400
2025-09-02,294.62364321253557,294.8198709218748,288.9717581566039,294.07415771484375,7221900
2025-09-03,294.9278255320024,294.9278255320024,290.8164761661132,293.8877258300781,6316900
2025-09-04,294.36852159403367,298.7153562428407,292.68080753910596,298.1168212890625,6605800
2025-09-05,297.9499798501053,299.4218223620716,288.78531073562726,288.85400390625,9837700
2025-09-08,289.3544334283243,290.89493913151904,285.9691837491296,287.4115905761719,8188500
2025-09-09,287.10740161160373,293.38725663423037,286.82283702499797,292.25885009765625,7848200
2025-09-10,291.1304933247864,295.8796354332035,289.8548783719408,294.8984069824219,7787300
2025-09-11,295.5852436958139,299.9909797241969,295.1437088676121,299.82415771484375,7942500
2025-09-12,299.2746842518023,301.7768048799553,297.99909921484516,301.1488342285156,6846700
2025-09-15,301.40393449781925,304.13174819496044,301.40393449781925,303.1014404296875,7122000
2025-09-16,304.18080946841434,305.06390905534744,301.3646887009418,303.3860168457031,10525600
2025-09-17,304.56352337220954,307.0362083705735,302.97390807535027,305.8979797363281,8657800
2025-09-18,305.93718750933925,307.5562082549167,303.79808700514394,307.35015869140625,8050700
2025-09-19,307.7131905464154,309.8718747671735,303.3172771297843,308.87103271484375,23568600
2025-09-22,303.9845245259009,307.8113389670314,303.74903930910966,306.5749816894531,7520200
2025-09-23,305.96661047888983,310.37231588850653,304.7498670452201,306.86932373046875,8584400
2025-09-24,308.15473925887954,310.6372456892681,305.8194410309901,307.5365905761719,7310500
2025-09-25,308.2234462682717,309.72472445454315,305.94698929656073,307.5660400390625,7083200
2025-09-26,308.9888161441515,311.8441943720275,307.8113600348933,310.1270446777344,7258100
2025-09-29,311.10825508542985,312.0404339863167,307.7720847183659,309.76397705078125,6462400
2025-09-30,310.31346452838187,311.45169300349573,304.28870810842403,309.50885009765625,11823300
2025-10-01,308.07628613361976,308.68464295873514,301.6394301376976,304.8774719238281,9235200
2025-10-02,304.1807853263183,304.7302708010082,300.3932583082978,301.7767639160156,7600000
2025-10-03,302.718779227698,305.80964265751953,302.4243927447969,304.2102355957031,6029900
2025-10-06,305.8371035459471,307.38512889871987,300.8578215934895,304.8511047363281,7214500
2025-10-07,305.01875022701944,305.66951307877287,300.43386159315816,303.3819885253906,8454200
2025-10-08,303.8946917756213,304.4567183318842,299.2999336047902,299.7732238769531,6489900
2025-10-09,300.77893750215213,303.7270945284432,299.1422058887319,301.2522277832031,7060300
2025-10-10,301.38045037298497,306.12310303651253,296.5983493251649,296.67724609375,8597400
2025-10-13,301.3212684867699,305.1272097801061,301.17337467050265,303.6580810546875,10788700
2025-10-14,301.5578902761218,302.70165257420854,290.0907186231138,297.85052490234375,16178800
2025-10-15,302.1001843350741,307.7499381556482,301.1634734465224,301.40997314453125,11354800
2025-10-16,301.0747572360179,304.3581201926382,292.9106878973514,294.360107421875,10549400
2025-10-17,294.97143359875633,295.3559575215809,290.08088749555986,293.3938293457031,10153500
2025-10-20,294.32064593592156,299.43798218705626,293.9854099500461,298.1265869140625,6894900
2025-10-21,297.436411288458,299.7929328501146,292.8416531202475,292.9303894042969,7372700
2025-10-22,293.60088610479784,293.88683421544886,286.47213320670807,289.99212646484375,8054100
2025-10-23,290.25834375227123,292.2204718178062,288.4145307332595,290.4161071777344,5438800
2025-10-24,291.93451945757295,298.36325106738366,291.31336547241364,296.2334899902344,7228300
2025-10-27,297.9294427867379,300.26625545589764,296.7955500258321,299.8915710449219,5642200
2025-10-28,300.59159530101573,303.6580673748709,298.915415308335,301.0845947265625,6336000
2025-10-29,299.2605157595805,303.93414060421026,298.7675163425421,301.2325134277344,7520300
2025-10-30,301.50859316866377,308.2330823767899,300.82825156305904,305.10748291015625,7514600
2025-10-31,304.22008283002725,308.4894444595929,302.9481359332913,306.7639465332031,7721300
2025-11-03,306.64562981088375,307.94715546133403,301.92268708722753,305.01873779296875,7770000
2025-11-04,302.41569006657147,307.84855320102554,300.8282464075632,304.9201354980469,7085200
2025-11-05,305.2750763211935,308.71623262048166,301.35082032546103,307.31610107421875,6865200
2025-11-06,306.6357687557767,310.4318702971036,305.9160088624015,309.0317687988281,7206100
2025-11-07,307.5231746391179,310.02758988101914,303.3326798145578,309.8106689453125,7302300
2025-11-10,310.5896337890794,315.08578608051664,309.8106862822301,312.45318603515625,5794100
2025-11-11,313.05464094031504,314.58292715130625,310.86572224729366,311.2009582519531,5030200
2025-11-12,311.83200002815875,317.7381233989844,311.782682032414,315.92388916015625,10578300
2025-11-13,314.7604311532612,316.14082355780937,304.7722577523736,305.1469421386719,8973300
2025-11-14,303.20451997960254,303.3327046462357,297.0124483237873,299.3591003417969,10327000
2025-11-17,299.74363974118836,301.31137424610444,293.5022804823602,296.1644592285156,8344000
2025-11-18,295.30663178632864,298.70833958092004,292.86134400280395,295.2178955078125,8077300
2025-11-19,295.5432899586994,300.1873662746028,295.0798692888629,299.02386474609375,5546600
2025-11-20,302.05087369332443,305.5807663052954,293.9854105998292,294.20233154296875,7501600
2025-11-21,297.0715864028587,297.456110287291,288.71030575970536,293.84735107421875,11766800
2025-11-24,294.0642973394352,295.6221924256846,290.386540762355,293.8276672363281,10940200
2025-11-25,295.848951187077,300.236658228506,291.42182585555855,298.7576599121094,8877200
2025-11-26,300.7296512123902,304.21022597199055,298.95486530692773,303.33270263671875,7910900
2025-11-28,304.7722465716023,309.3275563846455,303.9242719247256,308.6965026855469,4322400
2025-12-01,308.5683618849884,309.6430970545817,304.2201032083801,304.59478759765625,7727300
2025-12-02,304.4172805196406,306.1329390093465,302.7903884074122,303.5693359375,7249000
2025-12-03,302.89888957433027,307.98661767851587,302.5044659219624,307.7598571777344,8535300
2025-12-04,308.87399188892334,314.03074632461573,308.6176225735461,311.6742248535156,9627800
2025-12-05,311.2206641139725,314.0208969911127,310.2740836361238,310.6290588378906,6518900
2025-12-08,310.64879808375287,312.0390600856641,308.96274846028484,310.79669189453125,7417200
2025-12-09,310.5403783790639,314.336450228146,295.8193913272319,296.30255126953125,18049200
2025-12-10,296.2926621709551,306.8329925602339,294.2812160390869,305.7680969238281,18874100
2025-12-11,304.9102649889192,313.5476242674454,304.9102649889192,312.9363098144531,9721900
2025-12-12,315.2040954937631,315.7858311866128,312.16723236849225,314.0603332519531,8982900
2025-12-15,315.1153648797306,318.3593094805321,313.9321843288561,315.5393371582031,10864100
2025-12-16,314.6223718715413,315.0463441586525,309.9980348220149,311.1319274902344,8331300
2025-12-17,313.97159360923496,314.8984348971578,310.254388930852,310.5699157714844,8718700
2025-12-18,311.57564186364317,313.2518519730792,307.84856735129125,308.6176452636719,11444900
2025-12-19,309.39657764946713,314.099781180705,308.8049723403709,312.7686767578125,24494400
2025-12-22,313.0644852104395,318.7043994886834,313.0644852104395,318.56634521484375,8354600
2025-12-23,319.079052742897,323.19068092087537,318.5663442066048,321.3665771484375,6668300
2025-12-24,321.6722493328215,325.36974495293686,320.9426198260136,324.5612487792969,4289300
2025-12-26,324.50208933838474,326.22758744424,321.96809498869885,323.31890869140625,4158300
2025-12-29,322.4216288798564,323.1808371734579,319.0002116144308,319.2171325683594,8635300
2025-12-30,320.2622768741799,320.3904615362508,317.97475237184364,318.8917541503906,7904300
2025-12-31,319.79886991908165,320.3313177342217,317.5310845539587,317.70855712890625,5048500
2026-01-02,317.9846252281575,321.1694123071354,316.2492576445291,320.92291259765625,8054000
2026-01-05,320.942599199713,332.52808473149986,320.63694198865113,329.363037109375,10752600
2026-01-06,329.44229029813283,332.6612412306879,327.49110960074296,331.41326904296875,7660800
2026-01-07,327.9764350864437,328.9767653957764,321.49890717343806,323.8660583496094,9815200
2026-01-08,323.27183137637843,328.2339475379842,322.53888044956136,326.63934326171875,11737100
2026-01-09,326.1936353875406,328.7291759216584,325.0348299492433,326.0450744628906,6738100
2026-01-12,318.8049332018166,322.90536610933975,318.16114900395775,321.3899841308594,12805100
2026-01-13,321.20178657189985,323.73732718365267,307.6029755260753,307.9298095703125,19371200
2026-01-14,305.2556057077196,308.78159262538577,303.19546018048277,304.9287414550781,25951500
2026-01-15,305.5230197927318,309.95031666446005,304.8098971346673,306.30548095703125,14751400
2026-01-16,307.38506061636195,314.17950872864606,307.0383983149945,309.48480224609375,14652500
2026-01-20,303.2845981841295,308.1774060521912,298.9761500928895,299.8477478027344,12900600
2026-01-21,300.53118494697816,302.4823658305288,298.2729680555718,299.15447998046875,10270100
2026-01-22,301.9474777854751,305.2555953909441,300.0062112868251,300.729248046875,10535800
2026-01-23,299.11484222180513,299.4813025896872,293.67730062328087,294.875732421875,11107900
2026-01-26,294.96487880777863,298.8969527426069,294.60833256531976,298.1640319824219,11752700
2026-01-27,298.45122352878457,299.08512378237486,295.3016109870806,297.44097900390625,11527400
2026-01-28,297.4013222225187,299.03558292254246,295.2025300603667,297.89654541015625,9556700
2026-01-29,299.51100066931883,303.898671192008,299.3327275624257,303.49261474609375,11580000
2026-01-30,302.333781642444,304.98817089860455,299.66947824936375,302.9676818847656,11953200
2026-02-02,301.55130128288636,306.3450582127215,298.49082554616626,305.1961669921875,9839400
2026-02-03,306.77099053389486,313.22869052113475,306.14700443281885,311.8420715332031,12688000
2026-02-04,311.40629013300924,316.25947197584406,311.40629013300924,314.23895263671875,9848800
2026-02-05,311.99062599899656,312.9909865673853,302.6210112179966,307.1968688964844,9388000
2026-02-06,311.7034102684662,321.15227836348157,311.7034102684662,319.3199462890625,17797400
2026-02-09,318.27007812796035,323.2817350541263,317.05181803840316,319.0228271484375,11477500
2026-02-10,319.4684837021083,323.01429884581904,312.1094739861534,315.2392883300781,9902200
2026-02-11,320.1518827061323,322.1724018130651,305.78052608370194,307.8505554199219,8703500
2026-02-12,309.2966374972976,310.6238322045743,297.1537535117247,299.7487487792969,13443400
2026-02-13,295.66807823097014,301.3829738793206,293.6871852314235,299.6595764160156,9114500
2026-02-17,299.8675850307636,305.29521237973853,299.6100592744303,304.1958312988281,8896800
2026-02-18,305.51309749540866,309.2966101142475,304.2849535938903,305.8300476074219,7209600
2026-02-19,304.2354272061944,306.2262038721237,302.2049939958365,305.10699462890625,6737700
2026-02-20,305.4536802835111,308.0288471084009,302.75966472033866,307.82086181640625,7792700
2026-02-23,305.84984577889935,308.02884001734253,292.2807478108573,294.8262023925781,12955400
2026-02-24,293.98432184665864,296.886322684036,288.5962907533433,294.459716796875,13554100
2026-02-25,295.7869507950724,300.75898123488724,294.1725181992404,300.40240478515625,8095500
2026-02-26,301.67017313360896,306.05787397622345,300.73918125790124,303.20538330078125,7007800
2026-02-27,297.13393894248406,300.0557680991628,291.636973162459,297.4310607910156,18620800
2026-03-02,291.9935267958635,297.11414843979566,290.4088063693875,294.7172546386719,8508900
2026-03-03,289.4975898716125,299.5011046657454,286.73423592223537,297.3914489746094,10278200
2026-03-04,297.12402886142485,298.12438947518206,292.99388398032096,296.52978515625,8055700
2026-03-05,295.1332451958745,298.3620800816865,289.63624924146006,290.74554443359375,12732500
2026-03-06,283.6044306839189,287.21955415339994,280.99955170429564,286.7144470214844,13496500
2026-03-09,282.7724816341387,288.31898819476027,277.77073879547015,287.1502685546875,12241100
2026-03-10,286.52626625452876,289.9532025593205,284.43640849634494,285.97161865234375,8344900
2026-03-11,286.05081661783123,287.70487537204474,282.13854132603683,284.77313232421875,10205000
2026-03-12,280.1279538528093,281.167940752382,276.4336079693154,280.1874084472656,13760500
2026-03-13,281.9504072447318,284.4463214441296,280.2468381234208,280.7321472167969,9091200
2026-03-16,283.6044205599556,286.506421278288,281.89093739443587,283.4261474609375,8149000
2026-03-17,286.23902796907333,288.97266988082987,283.2181783456238,284.1492004394531,8961200
2026-03-18,284.08974843243266,286.6451172582804,282.3960934275981,284.9910583496094,10057000
2026-03-19,284.1392586396808,286.7441374214082,281.9008401776293,285.2188415527344,9846700
2026-03-20,285.32782503235495,287.9327042603992,282.54467268192724,283.8223571777344,22436500
2026-03-23,291.4982779446762,292.9245231806114,285.2188513876401,287.14031982421875,11470800
2026-03-24,283.4360748065673,292.6571288676103,282.64369950840546,289.6065368652344,11092300
2026-03-25,291.3398308899875,294.7965097163498,289.6461758443202,292.59771728515625,12188200
2026-03-26,289.78482055260446,292.1718002190451,287.95251872814185,288.8736267089844,8669200
2026-03-27,286.3777093696089,287.3384134369941,279.05829538327214,280.13787841796875,9873300
2026-03-30,282.01972478590784,284.50575515603197,279.6327451103039,281.0589904785156,11734400
2026-03-31,285.71408872506316,292.25104134220237,282.22772810140145,291.3497314453125,12956900
2026-04-01,292.567989087923,295.8661624411999,290.1116710297465,292.5580749511719,11267200
2026-04-02,289.1212191631598,292.7957669317203,285.9616926535428,291.7855224609375,6669300
2026-04-06,292.7412191857173,295.4987855589938,291.88509063240025,294.125,7142600
2026-04-07,291.8253790066561,296.8427544058445,291.38734983011653,296.0662536621094,7849100
2026-04-08,306.5888366699219,309.8640903908154,303.96066179364243,306.5888366699219,10590200
2026-04-09,305.5734164156603,309.8640846884941,304.73715687535,308.938232421875,6586600
2026-04-10,308.6097380099313,308.9581744354404,305.344449093958,308.4803161621094,6069700
2026-04-13,306.0910825316173,312.33295236293975,304.0900871089203,312.2732238769531,8318200
2026-04-14,308.4305432499699,312.91036189245165,307.4847916064935,309.7247009277344,11455500
2026-04-15,312.54203541599225,312.8307129741003,302.8954898881459,304.5579833984375,9885800
2026-04-16,303.98059076810495,308.5599670410156,303.8312695552229,308.5599670410156,8208600
2026-04-17,311.068653468178,313.4877482505245,308.69932229637936,308.8984375,11082400
2026-04-20,309.45594165814435,315.70777661938337,308.9780833700189,315.5683898925781,10772000
2026-04-21,316.0661368489313,318.8038038717339,311.3474041387296,311.5962829589844,7084300
2026-04-22,313.43799038623484,313.73663281642627,310.5410372905177,311.6161804199219,5545900
2026-04-23,312.11395497732667,313.57736372602733,307.5047445243564,310.29217529296875,6969700
2026-04-24,309.7545850384977,309.7545850384977,306.5092257615542,306.8974609375,5215300
2026-04-27,305.50372444273444,311.1781431330245,305.50372444273444,310.232421875,7925300
2026-04-28,313.78643555890045,314.03531438457196,309.7745101043047,310.0532531738281,7398600
2026-04-29,309.1771855961317,310.65052875636707,305.91189671624613,307.86309814453125,8031800
2026-04-30,305.6928786901284,312.6913497643884,305.1951210592971,311.82525634765625,8865400
2026-05-01,312.54203812020876,314.6624601726697,310.43152018106696,311.06866455078125,6135400
2026-05-04,309.22694520939064,309.2568094519629,305.13539207341324,306.270263671875,7338200
2026-05-05,306.32999740556414,309.5753869306937,305.42407485773,308.0124206542969,6316800
2026-05-06,310.0532528884956,314.84167905955115,309.95369528217543,313.4877624511719,8629500
2026-05-07,313.23887676443206,314.8814709002291,304.76706239082745,304.8964538574219,8359600
2026-05-08,306.86759124184925,307.60426284206056,299.1523476664256,300.74517822265625,9464300
2026-05-11,300.74515961007836,301.83026757429667,297.5395993270601,298.6545715332031,9512000
2026-05-12,298.67447538308426,304.6873960201211,294.2245209852311,303.5126953125,9498200
2026-05-13,300.91440289675086,301.6411400127173,298.72428743531935,298.9034729003906,7709500
2026-05-14,300.8945046380796,302.38777761395096,297.4699295162906,298.56500244140625,7364300
2026-05-15,298.86362628854243,299.44104214981957,295.1205095874812,296.4743957519531,8699300
2026-05-18,296.6635495230975,299.908939014877,295.8870488301784,299.3813171386719,7546300
2026-05-19,299.7396822358739,300.436555061437,293.935841710235,294.3738708496094,8066900
2026-05-20,295.3694126574367,301.57145376364997,292.35300240137923,300.625732421875,9327000
2026-05-21,299.8790926087445,302.6167597554335,298.8636475324957,301.6411437988281,7874400
2026-05-22,303.31359328873907,306.07119010408854,302.4773640852478,305.0059814453125,5973900
2026-05-26,307.1065011172144,308.54004556072954,304.0701916446211,305.3643493652344,7725400
2026-05-27,303.63215366632585,304.52811132231307,294.42363753054383,297.93780517578125,11779200
2026-05-28,296.23549066837876,299.7197941661088,294.4236455581874,295.3992614746094,9757700
2026-05-29,295.070728717322,298.53513289689414,293.87612858626386,297.9676818847656,13969000
2026-06-01,296.3549462063085,298.20659004481905,293.94578586060317,295.2499084472656,7930000
2026-06-02,295.17027051801705,300.7152977310929,293.9457758280521,299.6102600097656,8296200
2026-06-03,298.5749714904202,300.60580089187994,295.23002417973413,299.50079345703125,7003900
2026-06-04,304.36883009196185,311.5066879726736,303.0746723882986,309.4957580566406,10345200
2026-06-05,312.8805189963161,313.58732636819616,308.211549706599,310.9691162109375,9118800
2026-06-08,311.84516953437026,314.88147906470095,309.3862455138746,309.7147521972656,6827000
2026-06-09,312.1040028799189,315.0009559692908,307.62418415256917,311.2976379394531,11594600
2026-06-10,311.1582462393224,313.3384270822022,307.64407859799763,307.75360107421875,7446200
2026-06-11,308.1717081621576,313.30857066124145,307.4947650619962,312.0840759277344,9116600
2026-06-12,314.5529794375797,319.85906276888113,314.1348496322589,319.28167724609375,7426200
2026-06-15,322.4673390673774,324.4583697274161,317.41010417767774,317.96759033203125,7988900
2026-06-16,322.8455866314347,330.26218746993305,322.56684357389287,329.6549377441406,11094900
2026-06-17,330.69024974688585,336.25517637046335,330.01330666560995,331.9645080566406,12246400
2026-06-18,335.4388795655989,336.57375116590936,322.70623086248213,323.761474609375,20111000
2026-06-22,328.22139226156105,331.2776010100568,325.28461010223134,329.993408203125,10182500
2026-06-23,327.9924099173137,333.86594380335947,325.7425357353925,332.6414794921875,7582200
2026-06-24,331.57628916780243,333.02973300317086,328.291070440402,331.95458984375,7907400
2026-06-25,333.4577793441399,341.90972446819404,333.2586945227413,333.6170654296875,10043100
2026-06-26,334.49312290223526,334.8913229247855,326.03124330500606,327.57427978515625,17640900
2026-06-29,326.80774304304947,330.8993264933345,325.73259994718205,327.91278076171875,7981800
2026-06-30,327.41503128103255,328.95806779511634,325.2149206632551,325.86199951171875,8080100
2026-07-01,326.89735842569155,334.13477419390347,323.5524415571975,332.5718078613281,15210200
2026-07-02,336.5040683580973,338.4751995750331,330.2820977776739,332.9700012207031,8413900
2026-07-06,335.0,339.7200012207031,334.1099853515625,337.7200012207031,8673500
2026-07-07,340.9800109863281,341.3999938964844,337.0899963378906,339.2200012207031,7115800
2026-07-08,336.5299987792969,336.5299987792969,330.1300048828125,330.6199951171875,18505200
2026-07-09,331.4599914550781,337.0,330.80999755859375,335.4700012207031,15570600
2026-07-10,337.4700012207031,338.5899963378906,335.7699890136719,336.4700012207031,6299000
2026-07-13,338.3399963378906,338.3500061035156,332.5,334.5299987792969,7120300
2026-07-14,327.0,344.7300109863281,325.75,342.8900146484375,14537900
2026-07-15,345.8500061035156,351.239990234375,344.04998779296875,346.9100036621094,10750000
2026-07-16,349.2799987792969,349.3399963378906,341.1099853515625,343.1499938964844,12432400
2026-07-17,339.0299987792969,346.1300048828125,335.04998779296875,341.1000061035156,9250900
2026-07-20,341.79998779296875,344.260009765625,337.3699951171875,338.8699951171875,7723300
2026-07-21,340.1199951171875,345.739990234375,337.29998779296875,345.2300109863281,6015300
2026-07-22,345.07000732421875,349.07000732421875,344.25,348.2099914550781,8040200
2026-07-23,346.5799865722656,349.9200134277344,345.4200134277344,349.8999938964844,10913000
2026-07-24,350.6400146484375,353.3699951171875,347.5,353.2099914550781,7520800
2026-07-27,357.8900146484375,359.04998779296875,352.5799865722656,356.20001220703125,7884900
2026-07-28,357.29998779296875,359.29998779296875,354.1499938964844,357.30999755859375,6533800
2026-07-29,356.5,357.3699951171875,343.7799987792969,344.7099914550781,8265300
2026-07-30,347.5400085449219,352.2799987792969,345.3699951171875,350.8500061035156,7606500
2026-07-31,353.29998779296875,354.3999938964844,349.70001220703125,354.19500732421875,1816332
