date,open,high,low,close,volume
2021-08-02,354.9827187252499,356.2713900270993,347.6867723455861,348.8862609863281,13180400
2021-08-03,349.6593922111572,350.6903169230555,344.67318105471554,348.1823425292969,12406100
2021-08-04,349.3521461852516,357.3419802981205,348.450064236777,355.7955627441406,14180600
2021-08-05,356.5093041046294,360.73219970957473,353.79313557019657,359.810302734375,10247200
2021-08-06,358.25396364410295,361.9713194447513,358.25396364410295,360.3456115722656,8925000
2021-08-09,360.59343588294473,362.59584065348304,357.60962860812293,358.4621276855469,7798900
2021-08-10,358.6801552427262,360.9304136184514,355.9144647551812,357.98626708984375,7469900
2021-08-11,358.9478624990702,359.2055785824935,354.6951992255373,356.82647705078125,8400300
2021-08-12,355.32968244107315,359.84006230584646,354.0013206031575,359.49310302734375,7170700
2021-08-13,359.810299682887,361.48559043105394,358.3332800092168,360.0184631347656,7195700
2021-08-16,359.3641791022152,363.75563804663585,354.2689395740163,363.3690185546875,11222100
2021-08-17,359.82024623999826,361.495537099571,351.979099677339,355.3296813964844,12328700
2021-08-18,353.1487977216519,356.72735768431033,352.05836731339076,352.35577392578125,10042400
2021-08-19,348.29145476053645,354.45730999360205,347.9444955095023,352.02862548828125,12004500
2021-08-20,351.5131724701607,356.85623617233426,350.23439359725023,356.24163818359375,8697700
2021-08-23,356.3110147999508,362.50660746457834,355.97397818922514,360.1869812011719,10942000
2021-08-24,360.49431489699504,364.75687096002576,358.69015087883326,362.3282165527344,9235100
2021-08-25,362.4174147958785,367.6316053022577,362.2191437187731,365.1831359863281,9684500
2021-08-26,365.17318705364596,366.2239571323963,360.9601841099284,361.2080078125,7888700
2021-08-27,361.9217510386476,370.48652269932006,360.9106109436815,369.3861999511719,11219100
2021-08-30,369.3167890124131,378.1690443337999,367.2945391457995,377.3462829589844,13547300
2021-08-31,376.6424989511328,379.4280351230296,375.5024856460896,376.07745361328125,12345400
2021-09-01,376.28560528913044,380.984333157656,375.51239652276655,378.72418212890625,11567200
2021-09-02,378.1790396574823,378.4268634056196,370.80380249276317,372.01318359375,14832900
2021-09-03,371.48772380448895,373.8767478866704,369.8619858224901,372.9845886230469,7509600
2021-09-07,372.6078523887986,379.62620547319824,369.90160699824986,378.8529968261719,10793800
2021-09-08,376.85065315181134,377.5544640235521,371.5274046568623,374.283203125,11067200
2021-09-09,374.3526210127369,376.5235290146142,373.29192820798465,374.70947265625,9098900
2021-09-10,378.04023427441945,380.4491040368382,374.96724407679176,375.39349365234375,11549600
2021-09-13,378.35743008330803,378.4268279867525,371.0912517788471,373.2324523925781,13026300
2021-09-14,374.114680002249,375.2943233243702,371.84460626658046,373.25225830078125,8711600
2021-09-15,373.7181835773616,374.27330631053246,364.4694153158542,370.6650085449219,17940300
2021-09-16,369.54486124813184,370.30814748622225,366.4916557919265,369.8125,11934200
2021-09-17,368.176777560259,368.176777560259,358.4422560971855,361.5450134277344,26299000
2021-09-20,356.17224460756535,357.88719567110746,346.7549430803481,352.6036071777344,19822800
2021-09-21,355.37921290978545,356.90581548877753,352.0980292916366,354.36810302734375,11751900
2021-09-22,344.20737636584164,346.79464181465096,337.7242985458591,340.22235107421875,43692900
2021-09-23,342.3536117509413,346.6261208464097,340.01417017387416,342.9483947753906,21806300
2021-09-24,340.2520335333708,351.2653350122628,339.38961185696587,349.8874206542969,18801900
2021-09-27,346.7648435259705,352.0583543102863,344.0585977379562,350.50201416015625,15205800
2021-09-28,344.9409490879519,346.55676490346156,335.96974074358354,337.6846618652344,21710300
2021-09-29,340.1628485218163,342.2247589133075,335.93003006958673,336.6536560058594,14452200
2021-09-30,337.4863475250749,339.8158662468685,335.2063511936451,336.4355773925781,16547100
2021-10-01,338.6362412870357,342.0165605763661,335.69212443224353,340.0240783691406,14905300
2021-10-04,332.6092296951556,333.015664299282,319.8909274082491,323.39019775390625,42885000
2021-10-05,325.71961705579815,332.262168484536,323.32070069147386,330.0614929199219,35377900
2021-10-06,326.8695521281811,331.4691747245333,322.96384802328623,330.7356262207031,26443000
2021-10-07,334.0663682700986,335.89034718472595,326.1161943728777,326.3540954589844,28307500
2021-10-08,328.6241616109095,330.4976931247865,325.84851791179705,327.1768493652344,15946100
2021-10-11,324.77792829946685,327.5832793428931,322.4781170454003,322.6169128417969,14708200
2021-10-12,320.21792864671414,321.5561825542825,314.6071969633952,320.95147705078125,31658700
2021-10-13,324.1236830099349,324.15342064578897,319.8512045646959,321.71484375,14761500
2021-10-14,325.50154103861985,327.64274140416654,324.252530180988,325.6700744628906,14302200
2021-10-15,325.8187812003698,326.2054007094238,319.70250897020327,321.93292236328125,21596400
2021-10-18,326.0864486097068,332.96603719606185,324.6490589958284,332.4208068847656,21585000
2021-10-19,336.6933283328445,339.4788647603777,334.3439641094444,337.0303649902344,18786300
2021-10-20,340.4601857566933,340.98557075141406,336.49500685256254,337.81341552734375,13639500
2021-10-21,337.3178222799958,339.33014968660194,334.8594000743426,338.9039001464844,16354400
2021-10-22,323.5091145151321,326.7605607564553,318.31470838122334,321.78424072265625,35224500
2021-10-25,317.5116968297456,326.69109590997294,316.9367591846728,325.82867431640625,38409000
2021-10-26,325.4024544129807,327.3354612031208,306.9048890368602,313.0608215332031,65654000
2021-10-27,311.45489652400113,316.47084548411294,309.34343388923537,309.5020446777344,29971800
2021-10-28,310.265412028059,322.68633715431775,305.4278875930732,314.1612243652344,50806800
2021-10-29,317.4026841198495,323.1621044820293,316.817823818655,320.7532653808594,37059400
2021-11-01,323.20180896504496,330.5473080610597,323.16214869712104,327.1075134277344,31518900
2021-11-02,328.4953209834724,331.87564034805075,320.98128842176436,325.2240295410156,28353000
2021-11-03,324.6391926245561,329.25863099399135,320.38655881984874,328.7332458496094,20786500
2021-11-04,331.1024126520275,334.33401339052415,329.7542358838118,332.9263916015625,22495300
2021-11-05,337.3475922815804,343.77119464377546,336.68344158594266,338.16046142578125,26872800
2021-11-08,341.4217692170789,341.7885434537286,335.3946798762904,335.6722412109375,18342500
2021-11-09,337.04029263097436,338.33888663242817,331.55843261090627,332.4505920410156,17556700
2021-11-10,329.59562832992003,330.2895468537602,322.67640935822544,324.7878723144531,21872600
2021-11-11,326.9488423984899,329.56584481304134,324.15338393710476,324.8869323730469,12376600
2021-11-12,327.3057558051871,338.88407343601807,326.9092438798421,337.92254638671875,25414300
2021-11-15,341.3424230756894,350.5713745750115,340.212362816545,344.5343933105469,25076600
2021-11-16,340.83693961443635,343.632398718103,337.90271494458875,339.9745178222656,18181100
2021-11-17,341.2433529254867,344.2767129547134,337.1394076955589,337.8035583496094,13602800
2021-11-18,336.7627012277553,339.4788395456353,332.3811645032816,335.7416687011719,17487200
2021-11-19,339.2211080822215,349.0349209979875,336.94111178741986,342.2940979003906,26488500
2021-11-22,346.01143112710747,350.7498189691129,337.5457954807086,338.04144287109375,27116800
2021-11-23,335.9796078452375,338.4281077108217,330.5968832435919,334.3142395019531,17225000
2021-11-24,333.0750841949081,338.80476746889843,329.91285106468973,338.0910339355469,13566200
2021-11-26,332.8768476557866,334.8098849993349,329.01080322061256,330.2201843261719,14750700
2021-11-29,333.95734192750814,337.7044353109097,332.3910790981545,335.08740234375,16650900
2021-11-30,332.08375357003285,332.88669992716825,320.61446562657216,321.635498046875,25390000
2021-12-01,327.41484165994666,327.6230051442653,307.58894119735874,307.896240234375,30329600
2021-12-02,308.6892060123132,311.8613615896398,304.52578585047945,307.6880187988281,24396200
2021-12-03,310.9989509816925,311.0187659884353,296.89281406704816,304.1689147949219,27471000
2021-12-06,305.4477322028446,317.31353452456125,303.67330568804266,315.1029357910156,21758300
2021-12-07,318.7706516350471,323.6973876230622,318.20560638194684,319.9998474121094,18794000
2021-12-08,322.17086695735424,329.85340301556806,320.2576749155764,327.6824645996094,19937700
2021-12-09,326.6713521932828,333.20398240153276,325.14474947217417,326.94891357421875,16879200
2021-12-10,329.66502227155183,332.1135218307641,323.5289045553866,326.8794860839844,14528000
2021-12-13,328.0690544396318,338.120768847072,326.72087766442525,331.5782165527344,22948700
2021-12-14,325.19430696054724,332.77773777942696,324.797795017868,330.83477783203125,20461000
2021-12-15,329.59563392577627,339.1318860901714,321.1597348390758,338.6858215332031,24681300
2021-12-16,336.02911882514184,341.46139491344286,330.8347135539258,331.984619140625,22635000
2021-12-17,329.9029054140039,334.17538368642465,327.8707631250314,330.8843078613281,40012600
2021-12-20,326.9092061224686,327.02815666114145,319.7223186424487,322.6169128417969,17901800
2021-12-21,323.56857565417766,333.0750902240933,320.9317275596732,331.290771484375,16116800
2021-12-22,330.89420831620754,331.5980494399973,325.40245663710306,327.5733947753906,16764600
2021-12-23,327.22641579066516,333.7392298126932,325.50154228707476,332.3216552734375,13987700
2021-12-27,335.90029482489064,344.8417642492237,335.0676107095978,343.1664733886719,17795000
2021-12-28,343.6125808087769,349.63964092460617,342.19503626000375,343.2061462402344,16637600
2021-12-29,343.8900925578149,346.64589097074906,338.6659797027257,339.95465087890625,10747000
2021-12-30,341.00545303663915,344.20734652415706,340.23224420785385,341.3623046875,10593300
2021-12-31,340.03394727133025,340.4503044176008,333.3427070591163,333.4220275878906,12870500
2022-01-03,335.3550557110125,338.1108543487535,334.2547328826255,335.5929870605469,14537900
2022-01-04,336.9907673140269,340.10341806741985,328.98108629845854,333.60052490234375,15998000
2022-01-05,330.12095652506423,332.8371246272023,321.02087826250215,321.3480224609375,20564500
2022-01-06,320.00976127019425,336.2174356126876,319.91062575013507,329.5658264160156,27962800
2022-01-07,329.8434453738167,334.0663712007667,326.01706169641426,328.9017333984375,14722000
2022-01-10,322.47809757856305,325.48171950640443,312.6841004601609,325.2140808105469,24942400
2022-01-11,323.9353346411827,331.71700537861085,322.4483923442952,331.4592590332031,16226800
2022-01-12,332.2622170190989,333.44186036917864,327.15705433912973,330.35894775390625,14104900
2022-01-13,332.06397662403594,332.7083122589069,322.92423643234406,323.6379699707031,14797100
2022-01-14,318.9887365670013,329.8335032289747,318.41376868806327,329.0107116699219,16868500
2022-01-18,320.4757639036312,321.38773834799343,314.8749532934416,315.3804931640625,22645600
2022-01-19,316.7979997340146,324.25255648211686,316.5501760176956,316.80792236328125,20814700
2022-01-20,321.08042246053043,324.96631190525255,313.2293835392829,313.8043212890625,16925000
2022-01-21,312.0694771483107,315.539008543405,300.4019496046395,300.53082275390625,28710700
2022-01-24,295.24727318173785,306.8355131318804,286.4941524130444,306.02264404296875,38878100
2022-01-25,297.33892957316243,303.56426059087903,294.9895351520155,297.53717041015625,25108500
2022-01-26,304.3374197499325,304.8330671393812,288.3180924927191,292.065185546875,28348800
2022-01-27,295.1580159546106,299.08353474916333,291.69840690917283,292.0751037597656,21629900
2022-01-28,293.0465751951822,299.27190556829635,290.4791251947652,299.08355712890625,21871600
2022-01-31,298.0625144426168,311.0584050556387,296.71436802993236,310.53302001953125,21579500
2022-02-01,311.821701482423,316.8773112011151,309.40293966017686,316.2230529785156,18023800
2022-02-02,324.96628079773285,325.1447066079721,314.1115902294131,320.188232421875,58458300
2022-02-03,242.52031426289818,245.84115854360965,233.69779486554827,235.69029235839844,188119900
2022-02-04,232.92455228605658,240.49804434059385,228.10685870647143,235.02609252929688,89342200
2022-02-07,235.63080405625365,236.22558707024265,222.05997391651653,222.9521484375,88613800
2022-02-08,218.92748656351395,223.8046556975706,214.26838839341522,218.2633056640625,94729700
2022-02-09,222.24831952087897,231.33849218278192,220.27565229753864,229.9804229736328,86563300
2022-02-10,226.28289646247256,232.9543070635339,224.72655617184256,226.0846405029297,49310400
2022-02-11,226.47125083503389,228.41418046566048,216.8656003535109,217.63880920410156,46156900
2022-02-14,217.40085580648946,219.07614640503417,212.91029166265295,215.80487060546875,38184000
2022-02-15,218.55078679053494,219.22486005892043,213.18787777639622,219.076171875,42685500
2022-02-16,210.56094601163443,215.56698810761435,210.51137824316746,214.6549835205078,45817500
2022-02-17,212.15693913832794,215.60664116164554,205.35665550630617,205.90187072753906,38747500
2022-02-18,207.5672191801396,208.9153807236556,203.39386138428333,204.36534118652344,37128400
2022-02-22,200.57859302783234,205.673847868195,198.31844201699187,200.32086181640625,39852400
2022-02-23,202.38277377288952,205.13857243054682,196.32596122833482,196.72247314453125,44481400
2022-02-24,189.39677688910578,206.5362719829913,188.5640929101041,205.7928009033203,49957200
2022-02-25,203.15598364447717,209.48045008433152,201.41129490191867,208.6477508544922,37627600
2022-02-28,205.87211866348667,211.29450300532383,205.02952706959343,209.19296264648438,34239800
2022-03-01,208.0430483616429,209.9066875471143,200.45964869899032,201.71859741210938,27094900
2022-03-02,202.99737173398083,207.32932567756626,200.26140321055217,206.2983856201172,29452100
2022-03-03,207.20046210869705,207.25993738193364,199.66661489556296,201.203125,27263500
2022-03-04,200.60835511137336,204.09771758664783,197.05951735897975,198.31846618652344,32130900
2022-03-07,199.04209884176245,199.14123438340457,185.64971001813566,185.8380584716797,38560600
2022-03-08,186.21476736768085,194.9877188332705,184.48990866339375,188.63351440429688,37508100
2022-03-09,194.03609536104702,197.36684727964817,192.23193113907226,196.77206420898438,31894700
2022-03-10,193.14387652938188,194.57134347134718,189.40670599838367,193.5106658935547,24853000
2022-03-11,190.96304930488995,191.87503879956054,185.04501753022495,185.97683715820312,34694500
2022-03-14,185.40188300136523,190.61608870370827,184.20242464895531,185.00537109375,31010500
2022-03-15,189.1390642063968,190.60617637861344,184.29163289751435,190.3583526611328,31721700
2022-03-16,193.00511977047762,201.95651177480704,192.82669394360815,201.85739135742188,40640300
2022-03-17,199.9441810370378,206.22898715868908,199.35932066827604,206.03073120117188,29499700
2022-03-18,204.90063812727288,214.91272195046668,204.20673477217082,214.6054229736328,52128000
2022-03-21,212.63274839506389,212.8409269719916,205.82255751754292,209.64895629882812,30142300
2022-03-22,209.52998723836356,217.5495740565906,208.3503439487697,214.76402282714844,31998800
2022-03-23,211.47291821952788,214.91271233225916,210.31310513662962,211.60179138183594,23717300
2022-03-24,213.12839043651937,218.74903035989297,212.92021186485715,217.6586151123047,31502300
2022-03-25,218.59042908411953,223.53699599289988,216.98453621485453,219.8890380859375,40039000
2022-03-28,220.1963488462626,222.0897106771945,217.628883467782,221.6436309814453,26224100
2022-03-29,224.1020384066852,228.8800718121414,223.3288144925983,227.85903930664062,31417900
2022-03-30,226.9173167936126,229.1378076655561,224.73647106182824,225.86654663085938,25588000
2022-03-31,226.46131389627396,226.50097416228894,220.3251961259612,220.42433166503906,24192300
2022-04-01,222.59526293695754,225.30149365853208,220.7613614029989,222.8926544189453,19544800
2022-04-04,224.01281202415882,232.3099604286333,223.89386147924975,231.8539581298828,28054800
2022-04-05,232.0422984945777,234.7980969460223,229.00893869737314,229.82179260253906,29727200
2022-04-06,224.93469959800777,226.9965945320376,219.48257837010783,221.3561248779297,28995100
2022-04-07,221.9806658434369,223.55683627381228,216.6574169233372,221.0092010498047,21037200
2022-04-08,220.44416005430307,223.17022097182485,218.11461103803705,220.39459228515625,18375700
2022-04-11,216.51864376614157,218.68958215288694,213.3465029132089,214.57571411132812,20516600
2022-04-12,218.32276785764725,220.09717885895486,211.27466136470724,212.27586364746094,20128800
2022-04-13,209.97608164874075,214.72437730811373,209.49034172860436,213.1184844970703,19231800
2022-04-14,213.01936274015176,213.1184982815987,208.1719312322115,208.35035705566406,18379500
2022-04-18,208.17190994324702,211.52249123883075,206.48671179270767,208.93521118164062,16580800
2022-04-19,208.687388784282,216.5285192787811,207.18061642952617,215.41827392578125,20089900
2022-04-20,211.75052199547486,212.29573726150196,197.18839627011295,198.6753387451172,43036500
2022-04-21,199.8450653573932,201.20313458082896,183.96451623076376,186.43284606933594,49954100
2022-04-22,188.71280973536275,191.04235885583572,181.67462485450002,182.50730895996094,36426800
2022-04-25,181.13928776477397,185.55054643388652,180.07861023411346,185.36221313476562,29281100
2022-04-26,185.00536429800306,185.56048699865713,177.93742711598594,179.3748016357422,31747400
2022-04-27,172.9115853358813,179.6325795751234,167.5288605674595,173.42706298828125,71062900
2022-04-28,201.15356583343285,206.71473100829363,191.22078637719784,203.93910217285156,100890600
2022-04-29,202.68015601451035,210.6303299905901,198.15983869617668,198.72488403320312,49193400
2022-05-02,199.41878050998523,210.03555486785692,199.24035469981607,209.29208374023438,49915300
2022-05-03,208.61798702460686,213.02924584651242,206.27853069841137,210.18423461914062,41556300
2022-05-04,208.81627662972593,222.34746186757863,205.15841094441203,221.4652099609375,41375900
2022-05-05,216.83583912776692,218.25338349099627,204.36534820355035,206.46688842773438,41129200
2022-05-06,205.53506951603146,207.55731947021067,199.27009396161898,201.99615478515625,34747200
2022-05-09,198.10034284793426,200.80658845582457,193.87743258072413,194.501953125,36303200
2022-05-10,197.7732063881883,201.19318531179846,192.49952628338684,195.9293975830078,34452500
2022-05-11,194.62092459185249,198.92314071841457,186.6310903208202,187.0970001220703,31153400
2022-05-12,185.4316205639354,196.3259569009474,183.17146941432156,189.5752410888672,38262200
2022-05-13,190.90356178395524,198.14992463211743,189.61487546891254,196.89097595214844,24549800
2022-05-16,195.33468265201552,203.58224918131478,194.22442196706197,198.29864501953125,27112600
2022-05-17,200.36053841838304,203.67147517872874,196.63327470356344,200.85618591308594,24872700
2022-05-18,198.25897094773953,199.25026580247822,189.96183785388354,190.5665283203125,23960000
2022-05-19,189.53557347013006,193.58996580154144,187.9495107758702,189.62478637695312,24446900
2022-05-20,193.2727535593855,196.18716276985003,186.23455423988324,191.85519409179688,31465600
2022-05-23,193.49084953374,195.27518333819546,189.57523779332573,194.52178955078125,25059200
2022-05-24,178.97829378660447,182.08103647842762,174.57694209488812,179.70193481445312,50406300
2022-05-25,178.8295721112959,183.8356137712795,177.75898706063882,182.22972106933594,28030200
2022-05-26,181.28800779348728,191.15138856851496,180.67339469817318,189.9618377685547,23056500
2022-05-27,189.69419516808324,193.62963718300583,188.1477775238642,193.43138122558594,22562700
2022-05-31,193.19346434021034,195.87988020083372,190.33853016005855,191.954345703125,26131100
2022-06-01,194.79933366482274,197.79304816477324,183.38953608152775,186.9978485107422,36623500
2022-06-02,186.80952261492175,199.19080147626636,186.0957890702157,197.12890625,31951600
2022-06-03,194.27396242446108,194.89848302655813,188.12793731775005,189.11923217773438,19465000
2022-06-06,192.30132026201116,195.20580731781783,186.7599697806363,192.55905151367188,30574200
2022-06-07,190.2592201932253,194.81918271881858,189.8230631492287,193.94683837890625,18828700
2022-06-08,192.97537055202793,200.27130140118285,192.7176393311409,194.92822265625,22267200
2022-06-09,192.5887643538881,197.713756969315,182.0810327786021,182.39825439453125,23501600
2022-06-10,181.44658382014677,181.506074210766,173.49641084056702,174.0416259765625,27450800
2022-06-13,169.10497601341515,171.07765810739633,162.60208455665708,162.830078125,31749300
2022-06-14,164.58468395588787,165.29841746325724,159.9553387871744,162.30470275878906,27244300
2022-06-15,165.74450039607447,170.661329641027,162.55252968231065,167.87579345703125,30008300
2022-06-16,162.29476992753766,163.64293132817664,158.22054809461787,159.46957397460938,26944100
2022-06-17,160.2725258484744,164.4557908494942,158.50802242635217,162.31460571289062,31374200
2022-06-21,164.4855494298019,166.2996208450085,154.61226106049688,155.682861328125,50724900
2022-06-22,157.00130705086892,159.39031650682068,154.08689732866276,154.4933319091797,47267800
2022-06-23,154.90965026115896,158.3593520998016,152.90723043126386,157.36805725097656,40499200
2022-06-24,160.32211769945533,168.76795436460003,159.8958681588776,168.67874145507812,68736000
2022-06-27,169.82862813839694,170.25487763124974,166.54742972686054,168.01455688476562,29174600
2022-06-28,168.42098977082756,169.8088116430463,159.21186722566654,159.28125,27744500
2022-06-29,162.1461041676376,164.88207247948387,158.92439593906067,162.51287841796875,28595200
2022-06-30,160.7384422088374,163.7916319403162,157.11031481693823,159.84628295898438,35250600
2022-07-01,158.9144784682679,159.2217774583534,153.6507051194892,158.6369171142578,31423900
2022-07-05,156.76337437522923,166.7853663869358,155.65312893111812,166.72589111328125,28618600
2022-07-06,166.7358044722956,170.09629368542892,164.0196660402876,168.29214477539062,23085900
2022-07-07,167.97490208036592,171.2164403356707,166.31944156720544,170.69105529785156,24083400
2022-07-08,168.50028168128424,170.89921322255273,166.68621042725124,169.3924560546875,19249200
2022-07-11,165.61564033062461,166.0319823587457,160.50055519777845,161.4621124267578,21885600
2022-07-12,163.3654043690906,164.46574232541377,160.68891113440077,161.84872436523438,16639700
2022-07-13,158.76581915783322,163.54385344295133,158.22060385404325,162.06683349609375,16555100
2022-07-14,159.81656687331278,161.17463606202577,155.91086250108654,156.67416381835938,23765200
2022-07-15,159.1424903569766,163.54384251386296,158.42877188312036,163.2662811279297,23342800
2022-07-18,165.29842888667773,170.19542824056563,164.1980909139379,165.7742462158203,23574300
2022-07-19,168.88687825903523,174.95361229046276,168.03436418645316,174.24978637695312,25933700
2022-07-20,175.9449279721321,182.00174009691054,175.16179657187416,181.4961700439453,24784300
2022-07-21,179.05758778878263,182.24955831234044,177.31289922875095,181.57546997070312,27195800
2022-07-22,171.5634172107559,174.0713921211751,166.94397930324826,167.79649353027344,42583900
2022-07-25,167.52884419406948,169.08518450414397,163.37531599182617,165.1992950439453,26166300
2022-07-26,164.49545685595962,164.55493212211556,156.5750061837732,157.76455688476562,28468400
2022-07-27,161.17463351463593,169.38255404365438,160.60960328940018,168.10379028320312,43846600
2022-07-28,159.6579594985726,160.1040391932578,153.50202643480458,159.3209228515625,73214300
2022-07-29,156.31726714948755,158.74593619346265,153.81920021450543,157.71499633789062,42065400
2022-08-01,155.88113278266974,163.75201720151597,153.8787127240558,158.5377960205078,40596700
2022-08-02,156.9318778971807,160.8276743398196,156.63448643098596,158.79551696777344,27374500
2022-08-03,161.2737692383806,168.06413020831988,160.16352379387357,167.33058166503906,31721900
2022-08-04,166.83493095275554,170.65140715656858,165.34798863611059,169.08517456054688,23938200
2022-08-05,165.53632290266512,170.1161000053061,164.35667967902532,165.6552734375,25832700
2022-08-08,166.5375309746696,175.96473933628346,165.67510931528614,168.7679443359375,27299100
2022-08-09,167.47925398956878,168.05420679058827,165.14972027742735,167.0629119873047,18655100
2022-08-10,174.4579875213586,178.90889175358808,172.43573754030913,176.7875213623047,30262100
2022-08-11,178.14560684060112,181.50609582783787,174.8346704958459,175.94493103027344,24079100
2022-08-12,179.23600990455236,179.88036059846178,177.35255583980407,178.9287109375,21274000
2022-08-15,177.40214619257392,179.86055336796744,176.64875236998225,179.31533813476562,15878700
2022-08-16,177.87794669135258,179.41445670283701,175.49883002409837,177.90768432617188,21156700
2022-08-17,175.2212730535076,176.5892647931606,172.65382301032733,173.32791137695312,20118100
2022-08-18,172.82233528191773,174.22997211114853,170.36392836368074,173.13955688476562,18844500
2022-08-19,168.71841605676013,170.81997186799458,165.5958426705519,166.4979248046875,26240800
2022-08-22,164.0493923798729,164.0493923798729,160.84749908058643,161.63063049316406,19499700
2022-08-23,161.06558868342577,163.61322379839797,159.30108499815987,159.70751953125,18111800
2022-08-24,159.20195810249263,164.0196516525699,158.37918156631125,161.8387908935547,20891500
2022-08-25,163.742077693332,167.40988077562878,162.5921871516085,167.3107452392578,15550500
2022-08-26,167.01332991297411,169.43209144591043,160.2626153011381,160.3716583251953,24023600
2022-08-29,159.26142802483227,161.6306220189667,157.62578251049774,157.78439331054688,20052700
2022-08-30,158.9541335935069,160.25272741333785,154.55278208516222,155.79190063476562,19567900
2022-08-31,165.61564843587365,166.3789346284713,160.72855664749912,161.5116729736328,40953000
2022-09-01,162.1560284397458,165.90312211071253,158.95415001211242,163.9205322265625,30145700
2022-09-02,165.99234635137884,166.46816372077225,157.8339926567037,158.92442321777344,22634200
2022-09-06,158.7063296993813,160.2824850610427,156.3173052072264,157.15989685058594,19339800
2022-09-07,156.38667922477052,159.55883503081463,155.44495208745863,158.99378967285156,16831200
2022-09-08,157.32840249210523,160.81774925591185,156.36684533746566,160.64923095703125,22530800
2022-09-09,161.82887235875899,168.06410985118802,161.60087879529817,167.67750549316406,22086800
2022-09-12,165.93284137140463,169.89802070055077,165.82379833481477,167.4891815185547,23220400
2022-09-13,160.13374372024418,160.22297174149972,151.3409643223918,151.79696655273438,44444100
2022-09-14,151.99523720059614,152.20340064312884,147.75249656335097,150.15142822265625,43064200
2022-09-15,148.49596212449558,152.85765313710925,147.40553180836312,148.24813842773438,34606300
2022-09-16,146.76122942760276,147.28661457344126,143.0339505050214,145.01654052734375,40122800
2022-09-19,143.9756772088242,147.28659855580412,143.83689652739272,146.73147583007812,22169500
2022-09-20,144.51096882445577,147.54432878807003,143.9558461024819,144.81826782226562,23217400
2022-09-21,145.11566125945427,148.29772457574842,140.76387720990476,140.88282775878906,38338600
2022-09-22,140.3178028899763,143.32142537181252,139.64371445995508,141.57675170898438,34418500
2022-09-23,140.188915976952,141.37846677265173,137.68094121464907,139.18771362304688,31710700
2022-09-26,138.90023234956038,141.00178775969545,135.0044507707675,135.18287658691406,30497000
2022-09-27,136.71938846907756,138.2063307938041,132.95246488791165,133.2300262451172,30826500
2022-09-28,133.44808764513087,140.79358500078826,133.10114357577916,140.3772430419922,32658500
2022-09-29,138.14686655208894,138.6226838987271,134.02307587866284,135.22254943847656,38985400
2022-09-30,134.86569081109783,139.76269064148596,134.32047552363244,134.4989013671875,33166400
2022-10-03,135.94617669127948,138.40458371235383,134.9152366908158,137.40338134765625,27723100
2022-10-04,139.26701646086826,141.15047059220228,138.12701832793766,139.058837890625,34670700
2022-10-05,137.03662351437458,138.98947583553354,133.60673622730505,137.77017211914062,27979300
2022-10-06,136.5211360812192,140.2186618566196,135.41089062341658,137.85939025878906,36231100
2022-10-07,135.56949885152673,137.0861789925336,131.2871123139666,132.28831481933594,33214800
2022-10-10,132.3874498335573,134.92516260493787,130.72206637361302,132.62535095214844,24024000
2022-10-11,130.4742257772965,131.50518091127628,125.88453325791248,127.42103576660156,38481400
2022-10-12,127.20295996419793,128.54119891036558,125.150972403732,126.39009094238281,34605200
2022-10-13,122.45463039771789,129.9983835044587,121.46333571943897,129.15577697753906,34325700
2022-10-14,129.8596280507722,130.6427443431372,125.41862370269885,125.65653991699219,23559400
2022-10-17,129.1657206658623,133.61662481645823,129.0467549994207,132.87315368652344,29612200
2022-10-18,135.89659941870124,136.6400705127759,130.25612963150132,131.64395141601562,25445000
2022-10-19,131.73316907721394,135.80739142500235,131.06900335762276,132.07020568847656,30691000
2022-10-20,131.77280107717593,135.57938433260037,130.16690845636006,130.38499450683594,26356300
2022-10-21,125.21044703283174,128.987277899163,124.3480253746499,128.87823486328125,46348600
2022-10-24,126.14225997579203,132.31802218177478,123.48558967928369,128.59075927734375,63563400
2022-10-25,129.74068278951964,137.1456569846256,129.45319879479754,136.31295776367188,38433200
2022-10-26,130.53372035500666,134.37004234989396,127.411147107178,128.68992614746094,82791500
2022-10-27,97.12706267059497,101.60771160079246,95.5409850244923,97.08740997314453,232316600
2022-10-28,98.71314556260309,99.97208672735346,96.66116547189773,98.3364486694336,95928300
2022-10-31,97.36498697989708,98.45540986504903,91.7939068796394,92.34903717041016,121361400
2022-11-01,93.50884752374887,96.64133540102044,92.73563873008625,94.37126922607422,110189600
2022-11-02,93.38988905186778,94.37126885823125,89.69236341187202,89.75183868408203,71821100
2022-11-03,89.29583757831013,89.67252688039356,87.64037707410301,88.13602447509766,60664000
2022-11-04,89.56349213325879,90.59443973026505,87.32316355586093,89.99966430664062,55638100
2022-11-07,93.95492212208184,96.03663973796807,92.289546516777,95.87803649902344,81987300
2022-11-08,95.08499570950359,96.94863477985906,93.96483530454036,95.63021087646484,52088300
2022-11-09,100.83451653036997,103.98683455524989,99.86304421903829,100.5866928100586,107677300
2022-11-10,106.18752043883316,111.76850842510328,103.69936793408547,110.89617156982422,80671000
2022-11-11,108.2791322482135,113.89977184094667,107.86278269236072,112.0361328125,59961700
2022-11-14,110.02382205922324,115.25785807460645,109.83548116552747,113.2257080078125,53395000
2022-11-15,115.05958876518682,117.70634410360653,113.41404330659984,116.06079864501953,50670500
2022-11-16,113.50325719818159,115.06950483314925,111.67927835465922,112.24431610107422,33287800
2022-11-17,109.44886503222872,111.35214927717924,108.84417458519039,110.47980499267578,35093800
2022-11-18,112.80935085462384,113.32482082103698,109.65703309957749,111.0745849609375,33357700
2022-11-21,110.54920931683293,111.39181607334933,108.23949783494731,108.9036636352539,24351100
2022-11-22,108.90366185992863,110.64834305828951,107.37706675673539,110.46990966796875,29029000
2022-11-23,110.74745423549801,111.68918125303959,109.76607451912598,111.26292419433594,21343100
2022-11-25,110.33111962036043,111.74867155568367,110.05355070998553,110.4401626586914,12007600
2022-11-28,109.81563553787952,111.06466908990997,107.43652653119547,107.83304595947266,23309400
2022-11-29,108.58643888708252,109.97425319109101,107.59514403607353,108.50713348388672,23899200
2022-11-30,108.55670302333583,117.1314051371035,108.42782985029449,117.0719223022461,43348600
2022-12-01,118.16234470998532,120.14493443708561,117.36931335693296,119.39155578613281,36551400
2022-12-02,116.80428318501569,122.960223780531,116.58619709077205,122.41500854492188,39950500
2022-12-05,120.69016167673439,123.58474115193586,120.29364217916343,121.36424255371094,35474900
2022-12-06,118.86617779381996,119.50060593921687,112.74988237378976,113.12657928466797,43689200
2022-12-07,112.7697064797689,114.87124676294755,111.89736215424148,112.93822479248047,29461100
2022-12-08,115.37682004445702,116.31854723334702,113.59248608731976,114.3260498046875,30619400
2022-12-09,114.29630732414842,116.51680582776,112.8787552857445,114.89108276367188,26033400
2022-12-12,114.17735086937637,114.71265104161625,112.15510829524132,113.71144104003906,24747100
2022-12-13,121.06683205334555,122.22665272537202,117.60721529463237,119.10407257080078,44701100
2022-12-14,118.35069422268502,123.05934486705796,118.35069422268502,120.53153991699219,36922000
2022-12-15,117.29992387771452,117.59730780116884,113.01753033834721,115.13890075683594,34531000
2022-12-16,119.1833816073748,122.23656395816606,117.78565225665622,118.39034271240234,67064000
2022-12-19,115.81298573134167,116.77454300063903,113.33474846530926,113.48344421386719,29769900
2022-12-20,112.27407049744532,116.30864072561505,111.48103149570495,116.07072448730469,28742500
2022-12-21,115.6840935735422,119.29240583585086,114.61350099812724,118.71746063232422,20392800
2022-12-22,116.17975407839512,117.58739852154194,113.38430288746622,116.10045623779297,23618100
2022-12-23,115.01993880119159,117.15122421471159,114.53420644838265,117.01244354248047,17796600
2022-12-27,116.90339613513855,117.5675618364134,115.03976463271712,115.86253356933594,21392300
2022-12-28,115.23803848944327,117.12150041606034,114.50448234056431,114.613525390625,19612500
2022-12-29,115.38672082161865,119.97641320548192,114.76220023247431,119.21311950683594,22366200
2022-12-30,117.1313964151074,119.37171720278398,116.71504685402691,119.29241180419922,19583800
2023-01-03,121.75083704158786,125.26993689605494,121.21553689802785,123.65412139892578,35528500
2023-01-04,126.27113797211675,127.92660615490277,124.75445802924148,126.26123046875,32397100
2023-01-05,125.03202218975811,127.40122394307504,123.45586693938299,125.83497619628906,25447100
2023-01-06,127.84730565506447,129.1954673366725,124.94281126846515,128.88816833496094,27584500
2023-01-09,130.0182164886261,131.79262734629245,128.15457761222828,128.34292602539062,26649100
2023-01-10,126.16209066362623,132.27838555996667,126.04314012341165,131.83230590820312,28684400
2023-01-11,129.81999282847258,132.6848346183648,129.20537967608695,131.73318481445312,25423000
2023-01-12,132.27838952682893,136.48147008401705,130.6130062840878,135.51992797851562,30757700
2023-01-13,133.79505485923653,136.19398636138445,133.66618170023415,135.7875518798828,22423800
2023-01-17,134.99452505190794,135.55957037535876,133.08133325697926,134.18167114257812,21147600
2023-01-18,134.62778242404448,136.05524975971022,131.64398967793943,131.86207580566406,20215500
2023-01-19,131.3366848928604,136.25349980566895,130.98972557953786,134.96481323242188,28625200
2023-01-20,134.70705181876295,138.72179884510555,133.43819566551292,138.15675354003906,28688600
2023-01-23,138.07746248379212,142.50855197768175,137.45295697105522,142.0228271484375,27470100
2023-01-24,140.4565919400712,143.73777599257548,140.12946277269688,141.8939666748047,21970200
2023-01-25,139.9906576507307,141.9236795516066,139.088575721669,140.26821899414062,26622000
2023-01-26,143.1429666455006,146.2258941555542,142.05255141383566,146.01773071289062,25482100
2023-01-27,146.94956565053786,151.85647252156616,146.1069589109038,150.41909790039062,35771900
2023-01-30,148.1093645810106,149.80447027435721,145.67077263719494,145.77981567382812,28040100
2023-01-31,146.66207748102659,148.5752845041938,146.23582793433843,147.67320251464844,29842100
2023-02-01,146.74140591200688,152.2430964973396,145.77984849772523,151.78709411621094,55661000
2023-02-02,181.78364585873078,195.4436870373218,178.59167538221652,187.12672424316406,150475700
2023-02-03,181.87288980447352,195.05711596317784,181.29793690534038,184.90625,76809700
2023-02-06,184.90623267945966,189.03993051222616,183.90503029642124,184.44032287597656,42483800
2023-02-07,183.96451992977168,192.0931355517408,182.7947840150465,189.95193481445312,47080700
2023-02-08,188.34602056954392,189.16879710609436,181.32765125110058,181.8332061767578,36139100
2023-02-09,184.50970705549832,185.02516946385683,175.726834470518,176.3711700439453,37118800
2023-02-10,174.8148481387777,177.33273033452983,171.84096366888724,172.6339874267578,33433600
2023-02-13,176.66858359767645,179.42438229242248,174.2894818165588,177.8680419921875,31463200
2023-02-14,175.61780626083268,179.92992995474845,174.34895001230046,177.9176025390625,24034600
2023-02-15,174.8842342230846,176.6388303288191,173.80372647545715,175.6177978515625,25308900
2023-02-16,171.24620282331836,174.31922322248573,170.29455301472416,170.93890380859375,25827500
2023-02-17,168.73821306504692,171.67243739377372,168.22273550017792,171.37506103515625,24171300
2023-02-21,172.7926146811642,176.61901366845885,170.3837752916554,170.58203125,34592600
2023-02-22,169.58083370599772,171.25610945926005,168.2128418399416,169.63038635253906,22433200
2023-02-23,170.50272851531994,172.17801937262993,167.90554063056828,170.54237365722656,20017800
2023-02-24,167.17194199311467,169.23383683837753,166.2004773968706,168.90670776367188,19791300
2023-02-27,170.3837588103686,171.61295470878045,167.5883001524476,168.06411743164062,19277000
2023-02-28,170.40358459714915,176.00440977021506,170.37384696069057,173.41712951660156,46051100
2023-03-01,173.07016779754176,176.3017987557463,171.54358035250698,171.9103546142578,30998400
2023-03-02,170.87940337141325,173.4864984236013,169.93766120564743,173.01068115234375,17352000
2023-03-03,177.36247652852418,184.99544401107892,175.50875995980698,183.6373748779297,45877700
2023-03-06,186.36342525082924,188.00897827423148,183.03267406683992,183.2904052734375,33209400
2023-03-07,187.35474357650114,188.70290529933874,182.40817638275996,182.90382385253906,36701500
2023-03-08,181.2780921799188,183.64728636833115,179.76141220423,183.3598175048828,19432400
2023-03-09,184.7278056589579,187.28533312080012,178.7304686513036,180.10836791992188,26582800
2023-03-10,179.43431504040515,183.16159418141785,177.2435614078917,177.94737243652344,25665000
2023-03-13,176.41083178227044,182.1801597351484,173.29816667086516,179.32522583007812,24728000
2023-03-14,185.94708314354665,192.62841563950278,184.93595819735492,192.33102416992188,41642600
2023-03-15,191.27033106859906,196.05828682863768,189.17869840894608,196.02854919433594,42123600
2023-03-16,196.53410718154342,203.96881839258782,194.38299921959626,203.1460418701172,50447100
2023-03-17,198.81410277601756,200.14243431213578,193.72875509737597,193.90719604492188,50141100
2023-03-20,196.7521936752625,197.62453796620042,191.95433032702135,196.08802795410156,25186300
2023-03-21,201.43114769852076,201.77810701048668,196.22684877480276,200.40020751953125,31827000
2023-03-22,200.7372186543796,205.56482001084692,197.93185225263778,198.0706329345703,28477800
2023-03-23,201.07425714388052,206.07039199137296,200.39026123164382,202.50172424316406,27389700
2023-03-24,203.39388295313782,205.77299981949574,201.77808253088455,204.21665954589844,27716400
2023-03-27,203.02710138580258,204.06796403208844,199.6071370845429,201.07424926757812,18527200
2023-03-28,198.40765937001166,199.2800036835634,196.17724594410166,198.93304443359375,19127300
2023-03-29,201.78798215208548,203.9291827103764,200.7768571452326,203.56240844726562,18851100
2023-03-30,201.60956435729426,206.27855492955837,201.0544416258621,206.03073120117188,22608300
2023-03-31,205.43596391529096,210.3230405925682,204.97005409451702,210.0950469970703,25440300
2023-04-03,207.02202167585494,211.63155200058463,206.387593549827,211.2152099609375,17924600
2023-04-04,211.53243644925917,214.35763320963352,210.68982966080756,212.85086059570312,21026400
2023-04-05,212.2857781628593,213.31673323896115,208.11243547048335,209.63902282714844,19396600
2023-04-06,207.42847997116294,215.05154098619485,206.83369691727685,214.21885681152344,26104400
2023-04-10,212.84092431935147,213.78265140351988,208.82617714372924,212.8805694580078,16106100
2023-04-11,213.60421896645255,214.1395266783531,211.5522464067262,211.98841857910156,16710100
2023-04-12,212.96979959128493,214.9523894555701,210.72947848998837,212.13711547851562,18972200
2023-04-13,213.85206116832398,219.22487812893516,213.81241602466395,218.43185424804688,23310400
2023-04-14,215.98332984258553,220.17650288269624,215.656200722299,219.56190490722656,21591200
2023-04-17,217.87666982053318,219.05631301145118,215.23983724043396,216.95477294921875,15481900
2023-04-18,217.99567564546845,218.52106075783294,214.32788736305116,215.99325561523438,12281000
2023-04-19,211.61172796314864,215.43812696265397,211.07642023535394,213.8223114013672,15898100
2023-04-20,211.62162937104753,214.8631679041083,210.91781846805821,211.2152099609375,16475400
2023-04-21,208.38008043860845,211.55222068017963,207.75555989265803,211.0367431640625,17717200
2023-04-24,211.81985854910266,212.05777473852407,208.87572700703544,210.93760681152344,15750900
2023-04-25,208.98480961117474,209.42096668543763,205.32692880816302,205.74327087402344,19198200
2023-04-26,210.65015322914314,212.24613852452936,207.0616707532641,207.57713317871094,41992700
2023-04-27,237.80173090551267,239.58606473531918,234.7088956844878,236.48330688476562,71196500
2023-04-28,236.92937263012743,238.3370094781109,233.69775691934507,238.2279815673828,39554000
2023-05-01,236.54277763553986,241.87594888989452,234.4015922066699,241.06307983398438,29143900
2023-05-02,241.0630835614137,242.78794211157887,236.9095706872228,237.1573944091797,24350100
2023-05-03,237.38539100541473,239.6455421682171,230.72388806474677,234.9666290283203,34463900
2023-05-04,234.00508036001702,236.126450919723,230.9023223675368,231.48719787597656,17889400
2023-05-05,230.21832376395497,232.63707051688766,227.84912965326185,230.7536163330078,27000500
2023-05-08,229.40544787827335,233.56888314152786,228.26546487348705,231.23934936523438,16400500
2023-05-09,229.4451239565892,233.8266455946459,229.0684270546972,231.33848571777344,16865600
2023-05-10,234.11407672797583,234.6890294917929,228.71152342484515,231.0509796142578,19119000
2023-05-11,231.0212883085138,236.13637381843506,230.27781710507037,233.7374267578125,20449000
2023-05-12,234.67917557631003,234.8972616787955,229.43521673831066,231.77467346191406,16161400
2023-05-15,234.85757102043314,238.16849214653735,233.28141585947415,236.7806854248047,20653200
2023-05-16,233.73742084776137,237.55391231265511,233.46978211198044,236.74105834960938,18163800
2023-05-17,236.37424976201174,241.71732830364155,236.06695078411929,240.37908935546875,21193100
2023-05-18,239.1994518791044,244.9390424423486,239.09040883985995,244.70114135742188,22943300
2023-05-19,245.315734575223,246.52511548669978,241.29107995629087,243.5016632080078,21733600
2023-05-22,243.27366885675846,251.36263833291363,242.9861848843443,246.15834045410156,27738500
2023-05-23,244.66146956317317,249.41968767494956,244.50285876339035,244.5920867919922,17748100
2023-05-24,243.14480689478242,247.41728540634753,242.81767776935007,247.0406036376953,17724300
2023-05-25,251.19412157731733,253.39479746511117,247.00094838612523,250.4903106689453,22371400
2023-05-26,250.7281993124649,260.0265498517954,250.51012836120594,259.7589111328125,25727200
2023-05-30,262.940956499197,266.31135290723864,259.0154374005094,260.2347106933594,23816500
2023-05-31,257.7366752187053,262.6931497421419,256.2001802172078,262.41558837890625,25473700
2023-06-01,263.5852973969688,271.6147918186333,263.5754050196668,270.23687744140625,25609500
2023-06-02,270.2864603355899,272.9530459308971,268.7598577796487,270.23687744140625,19416900
2023-06-05,267.94701923026497,273.17116310172264,267.21347063050644,269.0275573730469,20742900
2023-06-06,267.7884683922397,274.1624885190308,267.34237350387025,268.7599182128906,19419000
2023-06-07,269.3051479684997,271.8626759666553,260.5123351883348,261.3053894042969,26163600
2023-06-08,258.35124499287787,265.32004620136956,256.6264017277857,262.2767639160156,20899400
2023-06-09,260.19511592437004,265.61750064760685,259.4219070539598,262.64361572265625,16949800
2023-06-12,264.8442615526915,269.38437870914413,263.0202523851898,268.6904602050781,15442500
2023-06-13,272.487106262098,273.3197902235238,266.7475011776496,268.9580993652344,16164000
2023-06-14,269.5231465889594,272.5961361408235,265.9842170382982,270.9704284667969,19175100
2023-06-15,269.92951964285646,281.5177564592008,269.05720576715277,279.3765563964844,25973500
2023-06-16,282.27115750567344,285.3441770354856,277.6913809669585,278.5538024902344,43127700
2023-06-20,276.3036313019316,282.3207681995998,273.81547148594564,281.8548583984375,20701600
2023-06-21,281.06179425259563,281.52770398687585,275.9367871755133,279.1882629394531,20556200
2023-06-22,276.6505869881599,282.7768128958016,275.37183825791345,282.4001159667969,17563100
2023-06-23,279.0594032123411,287.1483722477748,276.5216909955678,286.216552734375,51092000
2023-06-26,286.18679311382806,287.2673007108386,275.1834158502656,276.04583740234375,24232700
2023-06-27,279.55510363818735,286.83120507390686,278.2069267505543,284.55120849609375,26108300
2023-06-28,282.34057829397415,287.0293831058703,281.5871846024581,282.8064880371094,16722100
2023-06-29,282.0234012362909,284.0753889556589,278.2465700581659,279.0792541503906,15395700
2023-06-30,282.2811357109331,286.53376890451335,281.9440990867374,284.4818115234375,19694900
2023-07-03,284.2042548786633,286.88073290993367,282.3703532958794,283.5301513671875,8629300
2023-07-05,285.14596189605084,295.52482034373986,283.8671830495328,291.8074645996094,33865500
2023-07-06,293.31428629533394,295.5248547405756,288.7741383436563,289.4482116699219,47600500
2023-07-07,289.63651542467915,293.62153999226626,286.1471685227358,288.0008850097656,25586000
2023-07-10,292.9771848405433,295.5347425297434,284.5511784998187,291.5398254394531,37058300
2023-07-11,291.3415603139649,297.56689097448395,289.35897054625923,295.693359375,27585900
2023-07-12,299.12320145419704,306.7561834015163,297.48757110889034,306.6471252441406,36677100
2023-07-13,310.88989563213556,313.4870833791565,307.58889699038366,310.6817321777344,30281000
2023-07-14,309.0758382489042,312.13893578938223,304.68437895121997,306.1812438964844,23054100
2023-07-17,304.86278022750025,308.9964621816181,302.05739928801484,307.91595458984375,25323100
2023-07-18,308.17375905316084,311.4648653357093,304.9421280436291,309.33355712890625,20731900
2023-07-19,310.3049944741406,315.905803762913,307.81683497029235,313.2590637207031,21763700
2023-07-20,310.7709333978952,312.7931833489161,299.5891287747079,299.8865051269531,23836900
2023-07-21,301.91864094603187,302.8008775182186,288.66503534415375,291.6983947753906,42139300
2023-07-24,293.2052158926609,294.93005940617286,285.7903188571034,289.0715026855469,24915700
2023-07-25,292.6203803553864,295.70329335700313,289.3193509866379,291.9066467285156,19585600
2023-07-26,298.56810446847095,299.1430421825214,289.358966650914,295.9709167480469,47256900
2023-07-27,322.28978907131307,322.51779778619095,307.14280439627186,308.99652099609375,64229200
2023-07-28,314.12152548725567,323.3604010020382,311.51441512024616,322.64666748046875,39220300
2023-07-31,320.87222512758746,322.82507714780235,314.8253206295678,315.8265380859375,25799600
2023-08-01,314.77580936288706,321.3183621345962,311.92087504418333,319.9007873535156,22817900
2023-08-02,315.2317634870685,315.6183830009451,307.94574026174797,311.5738830566406,20461100
2023-08-03,307.23199229520856,313.1996063950057,307.23199229520856,310.463623046875,15180200
2023-08-04,312.21821272193796,315.6381920030264,307.4996698792332,308.0250549316406,17612800
2023-08-07,310.50332247597623,314.30989138505396,307.75741615279827,313.8043212890625,16236500
2023-08-08,311.6630848225731,315.12272430973746,307.41042158153704,309.9184265136719,15183500
2023-08-09,310.1563455945085,310.89981675139177,300.21365919986573,302.5531005859375,19955800
2023-08-10,305.2593520785052,309.6210435617212,301.22477459946464,303.0784912109375,14358900
2023-08-11,299.93611822813244,302.0673963056542,297.74533462225077,299.01422119140625,14046300
2023-08-14,298.35992905267074,303.5443816563155,295.65368327400716,303.5245666503906,15641900
2023-08-15,303.4749997336149,304.5555074180836,297.4181728716015,299.32147216796875,11623600
2023-08-16,297.58670519685023,298.45901919205147,291.71822678564473,291.7281494140625,18547700
2023-08-17,290.49894440443103,293.47282896172703,282.4694803012663,282.6082458496094,23950100
2023-08-18,276.60097562608496,283.2030023568016,271.99146104324524,280.78424072265625,35347900
2023-08-21,280.98250976931354,287.97112567547384,279.39643211452176,287.3763427734375,20181500
2023-08-22,290.0033584733458,290.35031779565327,284.2538592108278,285.0964660644531,12980200
2023-08-23,285.98859599429807,294.81111508897186,285.1658344882448,291.6786193847656,18287000
2023-08-24,295.9014980911481,296.8531326295478,284.1447562725001,284.2537841796875,18360900
2023-08-25,283.639168964376,285.8795047587146,273.6270860340675,283.0146484375,23701400
2023-08-28,285.4929098624364,288.9128891125971,283.3120491446648,287.7332458496094,14239300
2023-08-29,286.0678471302465,296.5458406851911,285.67133525084813,295.39593505859375,20844500
2023-08-30,294.58308487968134,295.69333019974454,290.875621808572,292.5310974121094,17717000
2023-08-31,293.22499634625575,298.47887705578745,293.0862308021256,293.3142395019531,17229900
2023-09-01,296.76394986830445,299.1133139449209,291.90661090057637,293.79998779296875,12842300
2023-09-05,294.4344124053595,298.76639670796936,292.9375776161612,297.53717041015625,14956000
2023-09-06,299.0835715746785,300.65972681313633,293.08624961534355,296.5657043457031,15418100
2023-09-07,295.4058570001141,304.37706303978695,289.67617413817516,296.0700378417969,33748700
2023-09-08,296.61525335375495,302.59276023279784,294.19649144148667,295.2968444824219,17548000
2023-09-11,298.78617236239313,306.3497566042671,298.6572991967648,304.88262939453125,19489300
2023-09-12,303.6633574024578,305.97309149092956,297.61648263441475,299.0340270996094,13480400
2023-09-13,299.7279106218778,304.5059592872475,298.69698571008445,302.4044189453125,13210900
2023-09-14,304.0698098777926,310.146452893405,302.3747039470629,309.0064697265625,19343100
2023-09-15,308.89739058049656,309.2840101140606,296.14935263325515,297.6957702636719,28131100
2023-09-18,295.5941984466041,300.9571069378391,295.2075789541885,299.9162292480469,14234200
2023-09-19,299.84688704196486,303.50476757967397,297.2001163940275,302.4143371582031,15924400
2023-09-20,302.39448120124234,305.3782883735429,296.8234089972703,297.06134033203125,19379500
2023-09-21,293.1259020127335,297.64620415124955,290.7170325130372,293.1556396484375,21319600
2023-09-22,296.6945570394368,302.7216470856656,295.6735244833445,296.4764709472656,25369600
2023-09-25,293.06644978298425,298.3302234798701,291.1433351844772,298.21124267578125,18987000
2023-09-26,295.06878139486184,297.6857836484757,293.43315120486403,296.3574523925781,19417200
2023-09-27,297.8345632707552,298.677139729877,284.2934713763144,295.14813232421875,36429800
2023-09-28,296.33767574089586,303.66332872549503,294.11718502598364,301.31396484375,22167100
2023-09-29,304.704216042569,307.93584693640213,296.75401197888146,297.59661865234375,25373700
2023-10-02,300.104578636452,304.5059299768926,299.00425592730016,304.1490783691406,16265600
2023-10-03,301.61138822655596,304.0995177904984,297.03161074620874,298.3202819824219,17362300
2023-10-04,296.1295154558936,304.2283772759008,295.9015067543039,302.91986083984375,16880500
2023-10-05,301.97816897158543,303.54440159622794,296.89282131542484,302.13677978515625,19130000
2023-10-06,298.81593709513936,313.5564874187688,298.2905520081828,312.68414306640625,21803900
2023-10-09,309.7796795347402,317.541505874317,309.1056062125338,315.5886535644531,22503700
2023-10-10,316.34203714260326,321.83381959341597,315.3904024685447,319.0383605957031,19038000
2023-10-11,320.1981824390359,325.9774185235088,320.13870716386896,324.96630859375,22036300
2023-10-12,325.14476502943165,327.6626628389175,319.8809909181639,321.33819580078125,20530500
2023-10-13,320.71363525767725,322.22039260310345,309.65078063069194,311.9505920410156,21341000
2023-10-16,315.8662100616769,319.0185204694929,312.7733446736432,318.3543395996094,16536100
2023-10-17,315.4101915615611,321.57604680606164,314.5378472437151,321.1795349121094,16387800
2023-10-18,318.5922912851323,323.1026711047013,312.81302491646005,314.21075439453125,16851000
2023-10-19,317.09543774973184,319.08795030688776,309.03620485654955,310.08697509765625,18709200
2023-10-20,311.40536380308697,312.55523915239206,303.80211935646275,305.963134765625,22312300
2023-10-23,306.80580019592827,314.5973643164918,304.5853090932191,311.27655029296875,17796800
2023-10-24,314.0223812193745,315.5787213935738,307.9259239452391,309.8291931152344,19525500
2023-10-25,307.3014047174126,308.1737490291754,296.2385505173556,296.92254638671875,42192500
2023-10-26,292.4319477072552,292.4319477072552,276.96774374421744,285.83984375,66684100
2023-10-27,291.9165286472556,296.70446963131815,290.41966369017985,294.1469421386719,29596300
2023-10-30,296.4863994004334,306.7066477918955,296.4467391323724,300.02532958984375,28435100
2023-10-31,300.669680667848,301.0364549734393,294.2758158885733,298.6474304199219,19434200
2023-11-01,299.22239566233213,310.017582259887,299.22239566233213,309.1353454589844,20434600
2023-11-02,314.5378056945549,316.0445930452188,305.64589075733045,308.1637878417969,21631800
2023-11-03,309.82921641467783,312.8031011868626,308.31253639094047,311.86138916015625,16764300
2023-11-06,313.2293593857912,315.5588780950848,311.7126794666905,313.0509033203125,12887700
2023-11-07,314.299958512523,318.20566283791453,312.3768439867447,316.0446472167969,14055600
2023-11-08,315.37056897639883,318.53277182519207,312.13893797333276,316.99627685546875,13609700
2023-11-09,316.63938382329235,321.35792628385803,316.0247556638353,317.759521484375,16103100
2023-11-10,317.1549288830637,326.2351948324801,316.6790963861259,325.9080505371094,19096200
2023-11-13,323.36040926035906,329.43702160039675,322.86476180916407,326.3243713378906,16908900
2023-11-14,331.62780417236013,335.1568115946723,330.4283155624995,333.38238525390625,17179400
2023-11-15,334.9882813381861,335.4541911554932,327.1471349777592,329.813720703125,14531200
2023-11-16,326.50277439703774,331.66741200788823,323.53881252614497,331.28082275390625,18932600
2023-11-17,327.38505530805384,332.5794307757708,326.4829733409951,332.1234436035156,14494400
2023-11-20,331.97476378028864,338.89398282519466,331.2808452491062,337.0105285644531,16960500
2023-11-21,335.3847937518308,336.94113402174503,332.9759543798253,334.04656982421875,12027900
2023-11-22,336.2571521863876,339.9348782395706,335.6326315263406,338.5173034667969,10702700
2023-11-24,337.16912925300625,338.88405001830046,333.83836275604654,335.2856750488281,5467500
2023-11-27,333.25353518012435,336.94115367224947,331.290790504135,331.78643798828125,15684500
2023-11-28,330.4976673792026,336.42562094268436,330.4976673792026,336.03900146484375,12637200
2023-11-29,336.7329865734287,336.94115004399055,327.90054487082136,329.3081970214844,16024500
2023-11-30,329.0009134317583,330.5968838674368,319.5935032715394,324.3021545410156,23146400
2023-12-01,322.64665935567007,324.0146208399716,317.96774644363103,321.9924011230469,15276400
2023-12-04,314.52797610294596,318.0668760036283,310.92957067483053,317.23419189453125,19037100
2023-12-05,316.2032218970757,319.0779707276208,312.64447724367363,315.51922607421875,16952100
2023-12-06,319.12756635327975,319.4447879881586,314.2801499252027,314.68658447265625,11294300
2023-12-07,315.0037806878623,325.38263987014375,315.0037806878623,323.74700927734375,15905100
2023-12-08,320.27748073816616,330.26975074319756,320.18826782318274,329.8533935546875,14087400
2023-12-11,326.5325557121071,327.0183108166974,317.2143890831733,322.44842529296875,25802500
2023-12-12,321.77429580813003,331.55837057321145,321.7346355458796,331.310546875,18485500
2023-12-13,331.0231337882988,335.4244860310397,329.74438501312073,331.8260803222656,16353300
2023-12-14,330.9437875845794,331.7863942469266,325.77914995119795,330.26971435546875,19607300
2023-12-15,329.0999994185291,335.7119500187242,328.3367132008549,332.0045166015625,31776900
2023-12-18,334.5421662666255,344.5344041297469,334.08614889595844,341.6199951171875,18993900
2023-12-19,342.57167029164464,350.5218745666176,342.11568311875016,347.31005859375,17729400
2023-12-20,345.6149203637917,351.8699880301821,344.7624213705391,346.23944091796875,16369900
2023-12-21,349.90727608593943,353.30741024884486,346.17007504363573,351.0075988769531,15289600
2023-12-22,352.4846287114761,354.0905518678329,348.1625974502464,350.313720703125,11772800
2023-12-26,351.8997912451386,353.8724888040851,350.3732187747808,351.7411804199219,9898600
2023-12-27,352.9703381036662,355.87482453649875,352.21694439339376,354.7149963378906,13207900
2023-12-28,356.5687668691386,358.7495973710055,354.6952050963075,355.2007751464844,11798800
2023-12-29,355.8649351224526,356.8661526201397,348.7573678571759,350.87872314453125,14987100
2024-01-02,348.2617247349704,350.08570368515996,337.0501820548259,343.2755126953125,19042200
2024-01-03,341.97694461960975,344.921091847354,340.19259554865863,341.47137451171875,15451100
2024-01-04,341.501109198634,345.11932970434566,340.41067870668667,344.0982971191406,12099900
2024-01-05,343.96941637649724,350.4227560194501,343.2457904424102,348.8862609863281,13920700
2024-01-08,351.61229217973874,355.8550328888557,348.98533664973183,355.5378112792969,13890200
2024-01-09,353.2974794746207,357.50059022164334,352.2665243572093,354.3185119628906,13463900
2024-01-10,357.03470018708344,369.6935252666552,355.95416211609205,367.2450256347656,22117200
2024-01-11,368.8905420914892,369.53487766691745,359.77061774846607,366.45196533203125,17205400
2024-01-12,366.9377174545656,373.7776460956339,366.32311946752475,371.2300109863281,19310000
2024-01-16,370.39731754067816,372.3402469912931,364.0332214951215,364.2611999511719,15306900
2024-01-17,363.1112814992652,365.3318024736922,355.48822189160364,365.16326904296875,12724800
2024-01-18,368.25606041918786,373.5694157709935,367.72078305966306,372.8556823730469,16354300
2024-01-19,375.70075575671575,381.0140817393726,374.6797232506199,380.1120300292969,21670800
2024-01-22,384.5728454450382,386.9519470116833,377.8419450079911,378.45654296875,17680500
2024-01-23,381.2718033118794,384.9990814617669,378.75390603497135,381.8467712402344,15506100
2024-01-24,386.60500116462015,392.70145859414,384.4340629686961,387.2989196777344,15698500
2024-01-25,386.7735168364553,392.04718233656905,382.3027674759573,389.7572937011719,15091100
2024-01-26,390.91714783237995,393.3359097959545,388.18116424199445,390.708984375,13163700
2024-01-29,391.5515760143711,399.42246020474215,389.6780443214767,397.5290832519531,18742400
2024-01-30,400.0766619883151,402.8225376750017,396.0916678100326,396.577392578125,18614700
2024-01-31,385.6137142301989,394.53536828693876,383.7302599797155,386.7438049316406,20180800
2024-02-01,390.5107301891786,397.01362256052823,389.6284631736777,391.3434143066406,29727100
2024-02-02,455.59912098341835,481.72963881592403,449.0664915252919,470.8551330566406,84707600
2024-02-05,465.78959358537116,467.7919981396143,455.22238765663445,455.4107360839844,40832400
2024-02-06,459.9608428440702,463.0536781539214,449.056598724922,450.7616271972656,21655200
2024-02-07,454.01300300080743,467.4152973515391,452.20883926554103,465.5021057128906,23066000
2024-02-08,464.2432012847288,466.4934296544483,460.98183282884037,465.9085693359375,18815100
2024-02-09,468.8329280456372,469.4673410411531,463.4006211841716,464.0350341796875,18413100
2024-02-12,464.1143653554513,474.9789490756288,462.5183648227148,464.81817626953125,19382000
2024-02-13,452.89291546087304,463.8170050865518,451.1284116736069,456.1146240234375,20916600
2024-02-14,463.85660058253393,469.982795609744,462.03262165462274,469.1600341796875,16858400
2024-02-15,471.1426369454391,484.3665072274175,468.1092769839316,479.81646728515625,24212300
2024-02-16,473.9479261447908,474.7905327464401,465.12540877603436,469.19964599609375,23324600
2024-02-20,465.63104413431995,472.0348007521129,462.49854860329634,467.64337158203125,18015500
2024-02-21,462.92970889465835,465.41057550181085,458.25576468630754,464.447998046875,12921800
2024-02-22,476.5645485214587,486.23992842019754,472.41654676636847,482.40948486328125,21625800
2024-02-23,484.31475349723246,490.57645821723105,478.658395960272,480.3255310058594,18374300
2024-02-26,479.7698406915825,482.41941959747976,476.92181062419036,478.0530700683594,12101400
2024-02-27,476.3065805684811,483.5407662161046,476.2470421891275,483.32244873046875,10809600
2024-02-28,481.2880928291256,487.2917775435945,479.0553130170317,480.3155822753906,12715500
2024-02-29,484.70180744595217,487.93686726454155,478.91640943030325,486.3788757324219,17732000
2024-03-01,488.3437040291378,500.39080710945973,488.0857144887077,498.4557189941406,16273600
2024-03-04,499.1503515840117,500.5594971142455,492.62072412682585,494.3771667480469,12324100
2024-03-05,491.2115550698729,491.7871027589279,484.1559854515597,486.4681396484375,15325300
2024-03-06,493.8214657207925,499.120593170195,490.50703156108455,492.2932434082031,11757900
2024-03-07,499.4282074814689,515.8713680175964,497.542754953555,508.27001953125,18586400
2024-03-08,510.2547778719805,519.5629952336415,495.5283557341361,502.0778503417969,18597100
2024-03-11,493.2062528362001,493.51387789657764,472.3570385649575,479.8889465332031,20428300
2024-03-12,489.48491194914317,498.46563690206807,481.0201963453091,495.92523193359375,15448200
2024-03-13,491.5986065562737,497.14582052729384,487.27195954593,491.7772216796875,12090700
2024-03-14,496.43133146634375,497.5129856516663,484.4239312675284,488.0658264160156,12620000
2024-03-15,485.2674452189563,488.0658397573239,477.61643073962875,480.39501953125,29153600
2024-03-18,488.14521760990164,493.61305704404583,483.08424391414707,493.1764221191406,11755300
2024-03-19,484.4338634191074,492.82910735533255,477.59658066238825,492.44207763671875,10903100
2024-03-20,495.6771461475813,504.3105740199144,491.3802985259637,501.65106201171875,11711100
2024-03-21,510.7707530405325,511.09818381772453,502.13732529141583,503.8739318847656,9712500
2024-03-22,503.11972128020517,506.06699186474566,500.48007571593536,505.6799621582031,8120600
2024-03-25,501.91901611098194,503.33806453967446,496.4114740821437,499.1701965332031,8380600
2024-03-26,501.26406081847875,506.09678408775653,491.4199688696871,492.09478759765625,11205400
2024-03-27,495.4786906872178,496.0642018848251,484.3346567294072,490.080322265625,9989700
2024-03-28,489.0680934492514,489.1177289495324,481.436945692201,481.8636474609375,15212800
2024-04-01,483.4713059825083,493.62299295598973,478.0927737479156,487.58953857421875,9247000
2024-04-02,481.3873933760893,493.7222556696209,480.94082524456064,493.5634765625,11081000
2024-04-03,495.11150004572073,503.3578981717305,494.9328849193272,502.8617248535156,12099200
2024-04-04,512.4676419362434,525.9437264523161,506.672341112813,507.009765625,26476300
2024-04-05,512.9042437043852,526.6383471527769,510.4729824465434,523.3040771484375,19263300
2024-04-08,525.2292047918388,527.4222518776436,514.9187097239936,515.2759399414062,13260600
2024-04-09,518.2331333714253,521.845289446962,502.86169458913326,512.9439697265625,10863800
2024-04-10,505.39228040139363,518.5607107573752,501.92896968081385,515.8516235351562,11418500
2024-04-11,517.1218290927488,519.8507828068974,513.3310570289301,519.1561279296875,10369500
2024-04-12,513.787472668167,516.2088008915841,505.43190063751956,507.98223876953125,11984500
2024-04-15,512.7653057412805,514.5615112314049,493.4741157112928,496.40155029296875,13512900
2024-04-16,494.2977844340761,500.90681687935023,493.3054377657289,495.9351806640625,9847900
2024-04-17,499.2495874459534,499.30912582005857,483.4117439696621,490.387939453125,12193700
2024-04-18,495.99467632150186,508.28986501966875,495.2206471982187,497.9595031738281,14808700
2024-04-19,498.95191950753076,498.95191950753076,472.0891167696375,477.38824462890625,25215400
2024-04-22,485.97205376724986,488.2445363143098,469.77694746757305,478.043212890625,17271100
2024-04-23,487.4903047021122,494.94283793154807,485.22775549164936,492.3031921386719,15079200
2024-04-24,504.17164864318624,506.09680361298444,480.87133784126775,489.72308349609375,37772700
2024-04-25,418.1749151567085,442.35840065292007,411.32772862601064,438.00201416015625,82890700
2024-04-26,438.08138838825266,443.0232861124123,428.654094250066,439.89739990234375,32691400
2024-04-29,436.195878453334,436.3943598912081,425.28006561859786,429.3089904785156,21502600
2024-04-30,427.751047303974,436.2554660770885,426.4312394735651,426.8778076171875,18429500
2024-05-01,425.3197579943867,446.5162667930731,423.8411409701157,435.8287048339844,20344900
2024-05-02,435.48142162693887,440.562231878881,428.9716297061358,438.2996826171875,15221300
2024-05-03,442.5171275663126,450.694084429791,440.4530598909977,448.5009765625,16489100
2024-05-06,452.0932897323867,462.59233462582085,449.87044284737243,462.1159973144531,15094600
2024-05-07,462.72134472049225,467.92123166453916,457.779447321688,464.6564025878906,13406800
2024-05-08,459.95270159665824,471.94023656788784,459.4565282400275,468.9830627441406,11683900
2024-05-09,466.40287104786233,472.43632465049456,464.0510146073822,471.7814025878906,9437700
2024-05-10,473.4386842914545,473.8455500732435,466.00601718642696,472.5555114746094,10750000
2024-05-13,469.1319366666858,469.72735078694836,459.3077096764244,464.42822265625,14668800
2024-05-14,459.8236291276941,468.9234605753996,456.55880040566063,468.2387390136719,10478600
2024-05-15,471.34482265738814,478.8072585621629,467.59375353224107,477.8546142578125,13100500
2024-05-16,471.364719260923,474.03413451482754,469.1319390117923,469.6082763671875,16608200
2024-05-17,467.2265884372279,469.1815126685142,464.83505951456476,468.29833984375,10807300
2024-05-20,466.3533210681569,469.5784476860999,463.4655886777014,465.2518005371094,11745100
2024-05-21,463.5449077863905,467.0975253346267,458.7320210431168,461.073974609375,11742200
2024-05-22,464.2891671729567,470.09440044310406,462.08615666012173,464.1998596191406,10078600
2024-05-23,469.26093902351244,470.72959284124823,458.0077304397397,462.21527099609375,11747900
2024-05-24,464.04117710669794,476.17758862327844,462.73127214344584,474.56005859375,12024300
2024-05-28,472.93251456909275,477.17975667341176,471.20584122977107,476.2469787597656,10175800
2024-05-29,471.0272448580583,476.17752617925936,470.07460059335506,470.7295227050781,9226200
2024-05-30,468.06016138210737,468.1196997588506,461.1534068397315,463.4754943847656,10719600
2024-05-31,462.23508624663583,465.52968459800337,450.98187816881347,463.2572021484375,16919800
2024-06-03,467.2563385385533,475.92946902820285,464.65639510838076,473.8356018066406,11279400
2024-06-04,473.3493496612414,475.22489935660434,469.60821371186694,473.33941650390625,7088700
2024-06-05,480.74230513672717,492.84891504946904,480.2064295125393,491.2710876464844,15690500
2024-06-06,489.20711088439725,498.9717992536911,487.1331098145105,489.98114013671875,10667300
2024-06-07,492.1146295476639,495.0916694898727,486.4185694824564,489.18719482421875,9380700
2024-06-10,490.0802579177585,498.8129258220912,489.6337201358637,498.7533874511719,11220900
2024-06-11,496.33212967798784,503.71519155721654,494.4565798764981,503.586181640625,9673700
2024-06-12,510.0562580327931,510.07612434807345,500.60912858458613,504.9456787109375,11983200
2024-06-13,501.8396375159677,505.46169688773693,497.5229233456596,500.2419738769531,9954600
2024-06-14,499.2982464674773,503.7682397757163,497.41092202237064,500.7981872558594,10243300
2024-06-17,498.324882260735,507.3443235636685,492.70261945247114,503.2518005371094,11266600
2024-06-18,501.19553219490325,502.6259325307895,491.71913754817786,496.1593322753906,13060400
2024-06-20,498.6526627665969,500.31154054069196,493.45752550637565,498.35467529296875,11801200
2024-06-21,500.09297514636967,500.09297514636967,489.1067263628177,491.48077392578125,22359200
2024-06-24,495.8712961742398,504.4139262555408,490.9940329117928,495.5832214355469,13525300
2024-06-25,493.73567575796005,507.30459499064085,492.1960232296981,507.1953430175781,12063200
2024-06-26,503.2716575193011,510.3839183587047,501.31479224425505,509.6985168457031,8882300
2024-06-27,510.8209300507455,519.3933892059828,510.47328813668884,516.0955200195312,10121200
2024-06-28,513.7016545830614,518.4000954188623,500.48037812073636,500.85784912109375,15855100
2024-07-01,501.58300786062364,503.20211356432793,489.88155805871406,501.3147888183594,10328200
2024-07-02,497.42088904280774,507.0959319918616,496.11962668652535,506.10260009765625,7739500
2024-07-03,502.9934818232005,507.87074521081,502.6458095867641,506.5595397949219,6005600
2024-07-05,508.1886781515911,537.2634960736218,508.1886781515911,536.3098754882812,21354100
2024-07-08,538.733549875278,539.190504390823,523.1382870220716,525.7904663085938,14917500
2024-07-09,530.1908757911539,533.8959841966067,524.667953121388,526.4658813476562,8753200
2024-07-10,527.2506151441854,535.2866968575805,524.8368259127777,531.1246337890625,10983300
2024-07-11,527.3500219197413,531.8895562792189,504.9801666469837,509.28131103515625,16458300
2024-07-12,494.4409036740209,504.70200901700827,490.93444322689584,495.5434875488281,19750500
2024-07-15,495.3051241917836,503.3014344107721,490.0801883381436,492.8515930175781,12539200
2024-07-16,498.1559561053816,500.58963142634576,482.55072018571695,486.5240478515625,14075800
2024-07-17,475.9748899890231,475.9748899890231,456.0585659449274,458.909423828125,28076600
2024-07-18,471.8326332921024,476.0443506761402,461.44239052902367,472.6769714355469,19267200
2024-07-19,472.88563552627363,483.46461539838543,472.53796325902186,473.61077880859375,15149400
2024-07-22,483.33548487567145,488.77895530251675,480.6733623158493,484.1500244140625,12023100
2024-07-23,486.5736915826986,491.9178220255653,484.4678328165319,485.4313659667969,9455500
2024-07-24,469.16054449630434,473.12392871550475,457.5087514583841,458.19415283203125,17649700
2024-07-25,460.1709526223855,460.45899705158166,439.69836609184694,450.3866271972656,18240500
2024-07-26,461.10466771737475,466.6375032130232,456.3565425755035,462.59466552734375,14222400
2024-07-29,466.74682183029705,470.7996028508264,461.9192127867245,462.6046142578125,11339600
2024-07-30,463.88603283345884,469.57783596951856,453.6547256053789,460.1014404296875,11390400
2024-07-31,467.8792258794459,473.32269613102295,463.6377091692654,471.663818359375,24285800
2024-08-01,517.525898740057,523.6547393365818,488.81861406662085,494.4209899902344,43083100
2024-08-02,485.73929115246585,497.80826747717975,472.9749703834954,484.8850402832031,24044700
2024-08-05,448.340392438967,480.256153607523,447.7940416649235,472.5578308105469,21396200
2024-08-06,475.80600414778166,499.2089024694643,475.4583319023931,490.7953796386719,20955000
2024-08-07,499.77508903606014,506.7482681354804,483.61355944940226,485.65985107421875,20105300
2024-08-08,494.18262946631637,506.55953668319745,491.4211679453795,506.23175048828125,16156800
2024-08-09,504.3245575432351,514.8837113715979,502.3279809305961,514.3175048828125,13696600
2024-08-12,513.4134266880446,514.5657254539541,505.7051930277083,512.509521484375,9767400
2024-08-13,516.5424752985086,527.9558478978068,514.6948927145733,525.0155639648438,13743800
2024-08-14,524.5389392158282,530.4393342352577,519.6418193043561,523.2476196289062,11444200
2024-08-15,528.2439725420813,536.1708026803833,523.1879469001557,533.7470703125,13482100
2024-08-16,528.3533057155574,530.1015190770014,521.1615312349661,523.9031372070312,14776700
2024-08-19,523.3568293697928,528.1148678543794,519.2742493741875,525.7507934570312,9879700
2024-08-20,524.8268440690854,527.5486241898866,522.3733435694845,523.2176513671875,7944400
2024-08-21,523.6349538269176,535.8032700316064,523.4163892745524,531.5914916992188,13423300
2024-08-22,533.4193185170498,540.6010899407597,525.0654225328738,528.3831176757812,15708300
2024-08-23,533.3396896345922,536.2700305512936,521.5587891134588,524.4791870117188,11323900
2024-08-26,524.081913244852,524.479270276633,511.5163004380435,517.6451416015625,9584000
2024-08-27,515.5194158515097,520.5159048538387,511.87390443058763,515.6386108398438,6282700
2024-08-28,514.2181257900095,517.615364659823,509.0329621910887,513.3341064453125,9106100
2024-08-29,515.5890089774397,523.6846897588916,512.2414846857666,514.7645263671875,8317400
2024-08-30,517.8735127156259,520.0489117955093,511.76455848669906,517.8338012695312,9157500
2024-09-03,516.1749942685213,521.9859615332059,505.22845751609213,508.3475341796875,12459100
2024-09-04,502.6955072728807,513.1453787891634,500.70884337263965,509.3210144042969,8335200
2024-09-05,508.3078633902029,518.1517873635855,507.74165686241577,513.41357421875,8640900
2024-09-06,518.4000932131843,521.0821016570909,494.92765391819984,496.9341735839844,14744500
2024-09-09,502.7848710640587,507.92037993887993,498.7320599932226,501.42401123046875,11047800
2024-09-10,504.7715348360927,510.7513818768451,496.6957417525211,501.42401123046875,9899000
2024-09-11,503.6292467318183,509.6984904565573,492.29532543071457,508.4170837402344,10782500
2024-09-12,513.6022393471186,523.1978593142228,511.7844250205015,522.09521484375,11970500
2024-09-13,516.8703362242966,524.0620493225885,513.6618330302761,521.1217651367188,10321400
2024-09-16,521.5393768501115,531.0446869851908,514.4402669362904,530.2294311523438,9527600
2024-09-17,534.5245992433219,538.9988566946421,527.5348463816464,533.251953125,11690800
2024-09-18,533.9977098303668,541.0869276726933,530.845860739671,534.8726806640625,10323500
2024-09-19,546.8538127706381,558.8547755441265,543.393738974814,555.9017333984375,15647000
2024-09-20,556.7965408444652,561.2707987619654,553.1176944195414,558.1387939453125,22066800
2024-09-23,566.2421838477487,570.6965366558616,559.1927153838685,561.1812744140625,12830700
2024-09-24,563.4383563302257,564.5022427843289,551.0198138385321,560.1075439453125,12993000
2024-09-25,560.8233803106601,573.580004208347,560.4952510598988,565.0590209960938,16543400
2024-09-26,572.436555499505,574.0970460697704,559.1330900425771,564.5917358398438,14400800
2024-09-27,566.8386958935577,567.574513670228,561.2807076961036,564.1143798828125,9398400
2024-09-30,564.4525297734127,571.392581823153,561.5690947166503,569.1654052734375,12792300
2024-10-01,574.6736128791929,579.7046644318758,566.8386860157418,573.1722412109375,15259300
2024-10-02,571.5715250916941,572.705018338464,566.0831432657689,569.5332641601562,6524700
2024-10-03,566.8885366691163,580.0229313102662,565.4766159470373,579.4363403320312,11581000
2024-10-04,580.3907699305325,593.4357124935896,578.1039391514795,592.5309448242188,14169500
2024-10-07,594.7979355563699,599.5009195077625,580.6990575803541,581.4348754882812,12014200
2024-10-08,586.3166457039373,590.1645022838451,582.6178946285061,589.4983520507812,7857400
2024-10-09,590.5920924118491,590.9898285010107,578.2829068901802,587.1320190429688,9529700
2024-10-10,584.2088915296315,586.8536486528583,579.1877915177303,580.4902954101562,7740400
2024-10-11,581.4846102064073,587.8281195065246,579.376742110834,586.5753173828125,8587100
2024-10-14,590.8207303998246,596.6670986656153,586.585150741633,587.04248046875,8252000
2024-10-15,586.7839608852024,587.2313987957768,576.8213215978997,582.916259765625,9564200
2024-10-16,578.074153352245,578.7502561624128,570.7463179400054,573.490478515625,11268400
2024-10-17,579.9930514580655,581.6236236428501,571.9095546343025,573.629638671875,8701200
2024-10-18,577.7757598855744,580.6293370312779,571.9592494201094,573.1722412109375,7694300
2024-10-21,572.7349521980965,573.9379917697427,565.8544931305977,571.869873046875,8171900
2024-10-22,571.0047942012734,580.1919884331684,568.8472245196812,578.6806640625,8544500
2024-10-23,576.6522311713827,581.6534860008076,559.2821980776996,560.4653930664062,14248400
2024-10-24,563.885737507838,565.6257266322763,558.3078440792799,564.5320434570312,7184700
2024-10-25,570.6469280937719,577.9648119564067,568.4495481592674,569.9708251953125,11337900
2024-10-28,578.67072146079,580.410710743533,570.8357934356153,574.8526611328125,10925100
2024-10-29,576.8312747759295,590.2738923162734,572.1084471625843,589.8861694335938,13019100
2024-10-30,597.5421525719394,597.7609256472491,586.0085331392311,588.4146728515625,26864900
2024-10-31,581.6535232859577,586.5255172425846,559.7893261973286,564.3331909179688,26838400
2024-11-01,564.3630263338429,570.3883582518947,559.3419265164682,563.9155883789062,15303200
2024-11-04,560.8730139446373,565.4367833258351,554.6985773939598,557.4725952148438,12064600
2024-11-05,564.0547974082218,570.1994379718212,563.4283964137084,569.1554565429688,9775400
2024-11-06,559.5308004818795,569.7221655728422,551.9941447200907,568.777587890625,18305400
2024-11-07,573.5898492405502,591.3973663322344,571.9194671553032,588.3151245117188,14653700
2024-11-08,588.1561165108458,589.707190216614,581.1763151778936,585.96875,9415700
2024-11-11,583.0057999151439,583.6421534545929,573.2121696554306,579.8340454101562,10209100
2024-11-12,585.1733003985561,596.2296848177605,577.0600054748132,581.474609375,16287700
2024-11-13,579.2771839216865,582.2898800347385,571.8797417717248,576.68212890625,10757600
2024-11-14,573.6992183637616,577.437718647261,569.7320532359627,573.8582763671875,11053700
2024-11-15,567.9523677618081,569.2946816423462,548.3452030486293,550.9104614257812,17712900
2024-11-18,553.8534284072965,556.6971138862053,546.9432344613651,551.2285766601562,14327300
2024-11-19,548.7031890906989,558.2184532479198,547.4503869397267,557.8804321289062,9522400
2024-11-20,559.7098839990792,563.1103037010454,551.0298413311582,562.2850952148438,9797300
2024-11-21,566.2620449532839,566.739279664007,545.9091133005595,559.8688354492188,11154700
2024-11-22,560.32621328156,560.6046406773982,551.4175075908335,555.9414672851562,9164000
2024-11-25,558.8845280879963,569.3145718667378,553.207230520728,561.8773193359375,13599800
2024-11-26,562.7622479761632,574.1964632618979,561.9668364413141,570.2590942382812,10356600
2024-11-27,571.6013615253704,571.6908126970225,560.8730467836217,565.9439086914062,7200200
2024-11-29,565.7450327371056,575.1509386081322,563.6570700717043,571.0346069335938,7130500
2024-12-02,574.1963992934365,591.0991504414684,572.2774471807156,589.438720703125,12522400
2024-12-03,591.5962520347538,610.6864289434953,587.867704227812,610.1395874023438,14907200
2024-12-04,609.4536043990507,614.2460390304662,601.6385211482492,610.2689208984375,14697000
2024-12-05,613.5500580968196,616.353933785045,603.5774048146206,605.4466552734375,8081200
2024-12-06,606.6098772133706,626.1872423031517,605.0489118572826,620.2017211914062,16935500
2024-12-09,620.3508267816162,622.8166811211822,602.7023662786942,610.06005859375,11426000
2024-12-10,614.0272799520044,622.0113739130567,609.234845211511,615.7772216796875,10938900
2024-12-11,619.8039905100828,634.7480401253283,617.9745502630952,629.0607299804688,10837200
2024-12-12,627.8875399219128,633.0179957315453,623.6221024715439,627.1815795898438,7474700
2024-12-13,623.6319649076017,627.469929936179,613.3611012669363,616.80126953125,8453300
2024-12-16,626.8814975325155,628.0457867533739,615.5376035416824,621.1697387695312,10885600
2024-12-17,623.0902515630854,629.2597698587709,613.5076105410767,616.3933715820312,12897800
2024-12-18,617.9456355913278,624.2743396016706,593.3870305020766,594.2527465820312,17075500
2024-12-19,607.3878008993366,608.5122478337648,592.0734823017316,592.6406860351562,14958100
2024-12-20,587.675323062813,600.1436642411298,577.1473424651591,582.3715209960938,48989400
2024-12-23,586.7000120717197,598.1335492116074,583.366513431805,596.8995971679688,10205800
2024-12-24,599.7555139461255,604.9996130735921,596.3324917694366,604.7608032226562,4726100
2024-12-26,602.5020361613814,603.318010427164,595.9942238388753,600.3825073242188,6081400
2024-12-27,596.4618673609139,598.8898690255031,586.8991472446073,596.8599243164062,8084200
2024-12-30,585.8542270232425,594.0039468527602,582.6998357068834,588.3319702148438,7025900
2024-12-31,589.3570104919964,591.0486006579675,580.9783795227164,582.6302490234375,6019500
2025-01-02,586.8194676993116,601.9347590067932,584.9288491785778,596.2926635742188,12682300
2025-01-03,601.7855544308446,606.5022314682295,593.4765866809927,601.6561889648438,11436800
2025-01-06,608.8208781912972,627.8866176126147,602.6413987192649,627.1005249023438,14560800
2025-01-07,628.5930882935072,628.9910845111622,605.2384904660217,614.8510131835938,12071500
2025-01-08,610.3830585744919,613.4080846789525,599.8251969713253,607.7161865234375,10085800
2025-01-10,607.0296506844576,626.811816790901,594.4020628949343,612.8309326171875,19256600
2025-01-13,604.1139601037415,605.9747576676493,595.5065414878209,605.3379516601562,10785000
2025-01-14,602.0940612489228,602.5119785361296,585.6552929558646,591.3272705078125,13598000
2025-01-15,607.2087904116609,619.3985405217896,603.5170156565779,614.0847778320312,15524300
2025-01-16,608.4924244716136,613.2190622741323,606.7112501958828,608.2933959960938,8355300
2025-01-17,620.9805911305821,621.896049094774,600.7008255237737,609.756103515625,17280600
2025-01-21,614.7912965163201,618.443229069153,606.0146693079478,613.4280395507812,11674000
2025-01-22,620.2343211513619,630.5831936184607,616.3833603918935,620.433349609375,12274000
2025-01-23,624.2743234364817,633.468866899262,618.0949061109532,633.3196411132812,9910200
2025-01-24,633.2699382382675,648.7931865048288,631.0807466276091,644.3053588867188,19065300
2025-01-27,623.5280757089856,660.6048263723562,622.025492753922,656.6344604492188,28399200
2025-01-28,662.7243202820943,679.222789585596,656.2264085295512,671.0133666992188,20950100
2025-01-29,671.6800579089199,677.7002892439266,662.3959298804792,673.1627197265625,21377800
2025-01-30,693.3927409364592,707.294001197109,672.774619401076,683.6210327148438,29322900
2025-01-31,687.6014000766061,701.8310551092019,682.2080746968453,685.7903442382812,19303900
2025-02-03,672.5856051378313,700.5374751524545,671.9288779782597,694.0296630859375,21415700
2025-02-04,699.0448111623289,704.2292080677055,688.2083581609453,700.7265014648438,13826300
2025-02-05,700.0896831751202,714.6079511816394,695.5720343457091,701.4031982421875,17778200
2025-02-06,702.4082250040422,715.364207246352,700.0399258686745,708.4881591796875,13080700
2025-02-07,713.2743693522815,721.4440099000519,708.249220189881,711.005615234375,16427100
2025-02-10,715.0257888589608,717.652818700605,707.8313687608933,713.8715209960938,12904300
2025-02-11,709.8116559132554,720.100766250331,706.5477589206668,716.259765625,12998000
2025-02-12,711.7818168815365,723.523766963731,709.0950845634602,721.812255859375,12016500
2025-02-13,717.9712711727863,725.4144618537392,714.5083460221898,724.9766235351562,12569100
2025-02-14,722.5685149916063,737.2658278537506,722.0510531620941,733.0466918945312,16901200
2025-02-18,732.3800758046814,733.375157429416,702.9654654069245,712.8466186523438,21938700
2025-02-19,700.6369269472729,703.5226878675882,691.9698051227019,700.30859375,17535500
2025-02-20,693.8504867433877,702.1593933249234,690.228375354197,691.4224853515625,12587400
2025-02-21,693.1539301625503,700.4080528713276,679.0038387952945,680.18798828125,15660400
2025-02-24,682.9046273446285,683.8897484077801,659.1918158891808,664.8438720703125,15677000
2025-02-25,662.6944247816905,664.7144694629277,638.703023401866,654.26611328125,20579700
2025-02-26,656.4055307530449,679.650619839028,654.7636219966097,670.3864135742188,14488700
2025-02-27,679.0933232736664,685.2628401887498,654.3356928293598,655.0023803710938,12500000
2025-02-28,654.8035105893175,666.336533697634,639.4394474020801,664.91357421875,17534200
2025-03-03,670.3666237621278,677.8993994226236,647.63899203747,651.8282470703125,10843800
2025-03-04,642.3350817447994,646.554217672348,620.5826142922276,636.8521728515625,21495200
2025-03-05,637.847267619745,656.256276123591,634.523668550264,653.2411499023438,13770000
2025-03-06,644.812846805576,647.3602531536812,621.040333910999,624.841552734375,13446500
2025-03-07,622.294150848658,631.6678021460568,597.6559216844704,622.5827026367188,21375700
2025-03-10,605.0792054575583,607.1091498209839,583.9834658430217,595.0487670898438,21999900
2025-03-11,592.1231722383052,611.9053952394079,590.4116613908407,602.7307739257812,17401500
2025-03-12,626.8018027522027,630.2149246910475,606.3528312442298,616.5126342773438,15747000
2025-03-13,617.1992715803975,617.4480419437915,583.625233054342,587.7349243164062,16480300
2025-03-14,600.3688460487675,606.4044031406513,592.381232702444,605.1494750976562,12364500
2025-03-17,605.01006095703,610.6272679434014,595.5881924170304,602.4603881835938,15473900
2025-03-18,597.6298861819188,597.8290917063831,572.34227369431,580.01123046875,20297700
2025-03-19,581.9235510596104,589.9311027976759,572.4518964146898,581.7044067382812,20537500
2025-03-20,580.4096129893901,607.7389439842362,577.172720940167,583.6365356445312,24336500
2025-03-21,581.0670629998798,595.1301124885023,578.6070536340683,593.8453369140625,25015900
2025-03-24,612.4896480218807,620.0291236750295,609.7308614385815,616.35400390625,15741300
2025-03-25,624.2321938231848,631.3234729455945,618.674681768664,623.7839965820312,15312500
2025-03-26,622.3697410659778,624.2222248223229,604.163437823038,608.5158081054688,12609800
2025-03-27,599.5720414465346,611.7726353131792,597.67968012305,600.1497192382812,10436500
2025-03-28,597.8889510971005,599.3231460176767,571.605367212507,574.4140014648438,17602800
2025-03-31,561.2273418254761,576.3660506926756,551.0684674021583,574.0354614257812,21124700
2025-04-01,568.537705940541,587.5307390242879,567.70106709451,583.6365356445312,12836600
2025-04-02,572.5912500878843,590.2696609066593,571.0475136953103,581.5748901367188,13470800
2025-04-03,544.016982785148,550.3314393515183,528.1612075786397,529.4758911132812,34777500
2025-04-04,504.5767280238223,515.9108358048159,492.2068365877987,502.6943664550781,38589800
2025-04-07,483.14348777248983,537.1945936136326,479.9563819403582,514.1678466796875,36606100
2025-04-08,541.0589972717423,545.2221314563009,500.8318811641039,508.39129638671875,28034200
2025-04-09,507.2159828753818,585.5189153793327,500.08485719899596,583.407470703125,39216600
2025-04-10,573.1689763297147,578.9555415344041,533.141064552052,544.0867309570312,28173500
2025-04-11,533.3501954996136,545.1922554454453,526.4581222037267,541.377685546875,17642300
2025-04-14,553.926912857093,555.5204964254532,526.1494412576809,529.3364868164062,14130900
2025-04-15,529.9639426413264,535.7704467995947,515.41288054515,519.4166870117188,15558700
2025-04-16,506.4591254364096,511.2995098605443,493.6310672206579,500.28411865234375,18735100
2025-04-17,503.212273262548,505.25399323772916,496.00148267523775,499.4574890136719,14593500
2025-04-21,489.34840447960073,491.50966603004946,477.8649073178194,482.705322265625,16166000
2025-04-22,489.8861836549685,504.83565500654777,484.3983968763898,498.26226806640625,17399400
2025-04-23,526.3984497963002,533.1809824042,514.4368768066369,518.1717529296875,18173900
2025-04-24,516.6378699664548,531.7467310045646,515.4128501808216,530.999755859375,13910000
2025-04-25,544.5946691393716,547.6423253119987,534.0872308807745,545.0628051757812,17098900
2025-04-28,553.3990561017924,556.2375374162976,538.409766598872,547.5228271484375,15179000
2025-04-29,543.7978948573555,554.3252716550422,541.9254723342877,552.203857421875,11835000
2025-04-30,536.2286028212618,546.8854000110363,527.3644731031741,546.7858276367188,29244000
2025-05-01,589.6920784232152,590.5585647326062,568.1990964565776,569.9022216796875,31159000
2025-05-02,581.1068141330562,601.9026058918658,575.9974995584959,594.6121215820312,24739300
2025-05-05,588.8355064073843,600.7772002962906,585.6783084359005,596.8530883789062,13887700
2025-05-06,590.1403242884969,593.6262086030198,584.2143087960085,584.9413452148438,10600700
2025-05-07,587.9790163444538,600.6477471780503,584.3038959778277,594.4030151367188,13139100
2025-05-08,603.8447803031055,608.8345844494372,594.2137969163823,595.5982055664062,14622800
2025-05-09,601.2850913628599,604.5219836999701,589.3235802814015,590.1004028320312,10427300
2025-05-12,628.3753866174048,637.8072242767122,618.5253206919152,636.85107421875,21965100
2025-05-13,642.9364120582926,658.254386921773,640.2373808266427,653.3841552734375,18570800
2025-05-14,658.5431975219208,659.9972700738914,651.6710026222435,656.7006225585938,12348200
2025-05-15,651.6412836963046,654.6590319374474,636.0045904601806,641.283203125,14341800
2025-05-16,635.3870402976211,637.8570186595293,623.6246741050281,637.7574462890625,18519000
2025-05-19,625.7161768945482,640.4066880114517,625.2679796518272,637.8470458984375,9592400
2025-05-20,633.4448867170665,636.7713819580241,629.7100110253076,634.5304565429688,6743500
2025-05-21,629.2418310050065,644.0020660016361,627.6283696820823,632.9368896484375,11464600
2025-05-22,631.492768599171,640.6556757699244,628.1662733645643,634.0026245117188,8228400
2025-05-23,621.4832280829075,629.899158954327,620.1386973377448,624.5308837890625,8454100
2025-05-27,632.8472662118028,640.4863756807556,630.1980211513535,639.7294311523438,9508400
2025-05-28,640.0082861312126,648.2549209907568,639.958499945528,640.984375,9042900
2025-05-29,649.0218431897822,650.6850908623647,636.9208212538034,642.4484252929688,8858800
2025-05-30,639.9087359485001,646.790840509364,630.227966818394,644.8786010742188,16241000
2025-06-02,641.7910631431,670.5446198991036,641.6615825955165,668.1941528320312,15766300
2025-06-03,668.7420068089284,672.8553550898889,662.3479161440031,664.1605224609375,11585000
2025-06-04,666.6205475323237,686.2211680866209,665.8735723856402,685.1754150390625,14031900
2025-06-05,688.8703488193835,691.5794100418087,679.4983282686153,681.8587646484375,13083100
2025-06-06,693.3622901658255,699.9755252612682,689.0796444657699,694.8961181640625,11728000
2025-06-09,695.6430205968694,702.3458579741853,691.1412310298801,691.2607421875,12773200
2025-06-10,698.5213248498013,700.3937473880201,688.7708312874433,699.567138671875,10850100
2025-06-11,700.871864292101,706.0110265671628,689.1991010267074,691.3404541015625,9582500
2025-06-12,690.5038430500748,692.5754712333077,684.229263706634,690.5635986328125,7322700
2025-06-13,685.1754345871889,691.768730540237,678.2634219344503,680.1159057617188,9274400
2025-06-16,697.0454302800655,704.839891030923,691.2444358848513,699.8262939453125,13720300
2025-06-17,699.7066458929623,703.6636471536132,693.7860487635145,694.9522094726562,10066100
2025-06-18,695.8991705300261,699.2980647722242,692.6299173050131,693.4970703125,10068300
2025-06-20,698.4607641474819,699.5272759324512,676.4528788689065,680.120849609375,22538600
2025-06-23,681.4565596787132,696.7663678330139,676.5326949790629,696.2481079101562,11080100
2025-06-24,702.5872956643889,710.860169242287,699.8163481052391,709.8734130859375,13823200
2025-06-25,710.9897247556078,714.2390846812559,703.0756608117819,706.3648681640625,9320400
2025-06-26,712.0262960706955,725.84100327131,708.7271116959034,723.718017578125,13964800
2025-06-27,724.1465793868571,733.0274448848292,723.488701447296,731.2333374023438,18775700
2025-06-30,742.1177521024767,745.4568450948445,731.8514114766995,735.6788940429688,15402100
2025-07-01,734.4727647300622,735.3399177465482,713.0330238804761,716.8704223632812,13431200
2025-07-02,712.9931517050737,717.946886332231,710.4713875973353,711.2388916015625,9336700
2025-07-03,724.2363423193813,726.6484806198991,712.0861613983789,716.6611938476562,8601700
2025-07-07,715.2557459712787,724.625062725977,711.1791411032029,716.0032958984375,9457100
2025-07-08,719.2126969006005,720.5482851617525,712.4747715361043,718.3156127929688,7770700
2025-07-09,720.3589752323313,735.1206520424314,720.3589752323313,730.3861694335938,11418000
2025-07-10,729.1601141641413,733.3962299961528,717.2491410105094,724.8641967773438,9913600
2025-07-11,720.1397657932962,722.791049443565,707.3815924903404,715.1660766601562,10873900
2025-07-14,715.2557188520466,725.6217684499236,714.2091611608587,718.5648803710938,8939400
2025-07-15,721.5352116480268,722.1032960553172,707.501190694441,708.0693359375,11529500
2025-07-16,711.0394977501286,711.6375132851348,696.985585155631,700.6136474609375,13067600
2025-07-17,702.0888975460598,703.5939743779064,694.8326508122145,699.1185913085938,11803300
2025-07-18,699.8960490076172,702.407835998619,689.3905035678976,701.979248046875,12779800
2025-07-21,704.4909815749821,714.6576719200774,703.4544009949688,710.6408081054688,9404400
2025-07-22,713.8502737130124,714.2589075119218,699.1185294508831,702.5074462890625,8921100
2025-07-23,704.062433018762,712.2954590710364,702.6271347622425,711.2489013671875,8771600
2025-07-24,714.7075545657141,721.256099225235,711.6675303636672,712.4649047851562,10920800
2025-07-25,714.5778842585692,718.2957401275581,709.5743254141869,710.3517456054688,8271700
2025-07-28,712.8635901780652,722.3724029167645,710.3518030699777,715.28564453125,8715700
2025-07-29,717.6478585379464,722.1032264585367,697.6234630507284,697.7131958007812,13267000
2025-07-30,705.7768321791035,706.1854660197899,688.9419939778502,692.9389038085938,27077300
2025-07-31,772.667590247117,782.1863801577031,763.0092430876867,770.913330078125,38831100
2025-08-01,758.2448261685668,763.497629588928,742.8752172910131,747.5598754882812,19028700
2025-08-04,757.5172228150747,774.3121526971289,755.9323902785536,773.833740234375,15801700
2025-08-05,773.913496774336,780.571667176634,760.507423214992,760.9659423828125,11640300
2025-08-06,767.4845892138412,771.1127127816184,757.9757760743282,769.4680786132812,9733900
2025-08-07,770.963067577982,772.4681442766814,757.0686058784653,759.3411865234375,9019700
2025-08-08,760.2582747146965,767.3849416766147,756.101914160301,766.786865234375,7320800
2025-08-11,767.5643106154529,770.9332736584846,762.171949999175,763.3680419921875,7612000
2025-08-12,770.4747258826147,791.077183084039,769.9065806861354,787.419189453125,14563100
2025-08-13,788.5655214330485,792.861439232817,775.687684264025,777.5316772460938,8811800
2025-08-14,775.3387743217048,785.2363270315518,769.986322264654,779.5748901367188,8116200
2025-08-15,781.5883668624648,793.6488143059948,778.269228256533,782.664794921875,13375400
2025-08-18,772.5579712024165,773.2755899130946,754.0884756033142,764.8631591796875,16513700
2025-08-19,764.613945820292,764.6637703117248,746.9119549568848,749.0250244140625,12286700
2025-08-20,745.1278702665168,747.7492835360712,728.611993296026,745.27734375,11898200
2025-08-21,742.2771438441821,743.064541108265,730.7150031484181,736.6854248046875,8876300
2025-08-22,736.81505282597,754.4273720053774,731.9908982789533,752.32421875,10612700
2025-08-25,752.354165267511,756.40089964729,747.6794841015795,750.839111328125,6861200
2025-08-26,748.3472672479323,752.4039786334924,745.4966249237331,751.636474609375,7601800
2025-08-27,749.8423869559551,751.6863799088018,740.4133296583533,744.9384765625,8315400
2025-08-28,741.5694916361576,750.5899148175357,738.3799332684189,748.65625,7468000
2025-08-29,742.845387064901,744.69929631257,732.9477723395529,736.286865234375,9070500
2025-09-02,723.6681190637612,733.5956032036421,719.3722015925617,732.70849609375,9350900
2025-09-03,733.5955932459119,737.8317091036498,731.5921498947655,734.6421508789062,7699300
2025-09-04,746.1245900119145,758.6734271200463,743.3835736708148,746.204345703125,11439100
2025-09-05,750.1613099282893,755.4739147328357,742.596139272426,749.9918823242188,9663400
2025-09-08,753.5302710608411,764.0059463353695,749.5632925404257,749.8423461914062,13087800
2025-09-09,755.0154070864886,763.7966239723705,750.9686728075005,763.1986083984375,10999000
2025-09-10,762.6305038555339,763.1986490989516,748.5466583985636,749.5234375,12478300
2025-09-11,752.1847098305358,754.6266574243845,745.9251963321232,748.4469604492188,7923300
2025-09-12,746.2840072815898,755.095155276553,741.330272625368,753.1216430664062,8248600
2025-09-15,754.9954213012545,771.5412279036273,749.5333431691193,762.2018432617188,10533800
2025-09-16,764.494341124313,778.8074148399552,762.6005237676653,776.4551391601562,11782500
2025-09-17,777.4419223006557,780.7311297077449,763.8066193659058,773.1858520507812,9400900
2025-09-18,778.1994774600552,786.203274581819,770.8336042127465,777.7011108398438,10955000
2025-09-19,783.8508708699721,788.2165669565625,766.6771780735046,775.837158203125,23696800
2025-09-22,779.8218176027002,783.6917575585782,762.4868973227559,763.1751098632812,11706900
2025-09-23,767.254476840496,768.6009504341728,749.1216451610411,753.4404296875,10872600
2025-09-24,755.5349916265823,759.1356124217834,750.5779133776451,758.686767578125,8828200
2025-09-25,751.4954858581857,754.8068807440363,742.6185490172081,746.9672241210938,10591100
2025-09-26,748.0544043789391,749.9793904076555,735.4371957410184,741.8206176757812,9696300
2025-09-29,746.777703342028,748.8324179023273,737.2325826153279,741.4715576171875,9246800
2025-09-30,740.3245554260684,741.0426584785586,724.4159185837501,732.4749755859375,16226800
2025-10-01,719.6183236513255,719.9773751402398,708.357633728991,715.4791259765625,20419600
2025-10-02,720.7055653205383,725.8821043267139,716.2770807321521,725.1639404296875,11415300
2025-10-03,727.7372737109582,729.1037149276121,708.3377167266436,708.7167358398438,16154300
2025-10-06,703.3607165744016,715.0203947681905,688.718804278428,713.8035278320312,21654700
2025-10-07,715.8581417735932,716.636147605649,703.9192222306009,711.230224609375,12062900
2025-10-08,711.599278595462,717.7832075860277,705.9738944950672,715.9779052734375,10790600
2025-10-09,716.4167658258609,731.6072387695312,710.5918883665408,731.6072387695312,12717200
2025-10-10,729.0239332852144,733.3626856542741,702.6824691715568,703.4703979492188,16980100
2025-10-13,711.1603595995662,718.072374881022,705.8042950194317,713.8433837890625,9251800
2025-10-14,705.9439682909708,713.6937706407739,697.5158763660478,706.8117065429688,8829800
2025-10-15,715.1998794771447,722.0221626881838,707.6694770310874,715.6885986328125,10246800
2025-10-16,715.6886043056783,723.6080097298942,702.0540824517458,710.2228393554688,9017000
2025-10-17,705.2458014471516,716.6760344343375,704.2882698394852,715.0602416992188,12232400
2025-10-20,719.3191931642514,731.8665769499745,718.3118034233538,730.2706909179688,8900200
2025-10-21,734.110725168398,736.5842723709278,726.8595646449745,731.3678588867188,7647300
2025-10-22,731.9264006052239,738.6787972623451,722.1518348008319,731.5074462890625,8734500
2025-10-23,732.7941435868839,740.4841042897723,731.1982575844598,732.095947265625,9856000
2025-10-24,734.8787064697904,739.2872845910176,729.253383189777,736.4446411132812,9151300
2025-10-27,747.7850542762595,753.7894568601143,746.0695454676272,748.8722534179688,11321100
2025-10-28,750.6776381609803,756.4326899204912,743.5860965317024,749.49072265625,12193800
2025-10-29,752.7921200604676,757.1906533932021,740.5838813084906,749.7200927734375,26818600
2025-10-30,667.4142515632169,679.1936140289573,648.4834442213796,664.7411499023438,88440100
2025-10-31,672.7602632515434,673.1392823636344,643.8953340746643,646.6680908203125,56953200
2025-11-03,654.298319497033,657.6196984387726,634.5297257704245,636.0557861328125,33003600
2025-11-04,626.410791028598,640.0752642850032,624.3860886703497,625.6926879882812,27356600
2025-11-05,630.6697208898194,640.5639703518489,624.9146693781357,634.30029296875,20219900
2025-11-06,634.2005186436334,634.3501538797125,616.3968476378337,617.3344116210938,23628800
2025-11-07,614.8907386759073,620.5161224262619,599.640424749484,620.0972290039062,29946800
2025-11-10,629.4529708548182,633.3528014765299,616.5065997528014,630.1212158203125,19245000
2025-11-11,626.3709656116134,627.9269165306073,617.7833145947981,625.453369140625,13302200
2025-11-12,626.5005716840028,627.3583261459861,606.1934022078184,607.43017578125,24493300
2025-11-13,611.4796659420805,616.0478021853295,601.4357808374693,608.3079223632812,20973800
2025-11-14,600.2288811530552,612.088052043071,593.6560102918138,607.8790283203125,20724100
2025-11-17,607.4600346656293,610.1031845088386,593.8554651895852,600.4483032226562,16501300
2025-11-18,590.065358149623,602.0940719298206,582.2656968950795,596.1395874023438,25500600
2025-11-19,592.1797786556917,593.7856483585136,579.7421567881397,588.7886352539062,24744700
2025-11-20,601.9344542639864,605.1460720070379,581.8367012414765,587.6217041015625,20603000
2025-11-21,586.9734117815261,596.5684523172222,580.3506215479276,592.70849609375,21052600
2025-11-24,597.1668722231478,615.1002729325323,596.0797338085368,611.459716796875,23554900
2025-11-25,622.3812488080194,635.3973829418613,616.6960233021972,634.5695190429688,25213000
2025-11-26,636.0358029520913,636.7040478933542,629.9915253276793,631.9663696289062,15209500
2025-11-28,634.4299618769652,646.3688812783262,633.8514494094911,646.2691650390625,11033200
2025-12-01,637.8909364271796,643.6459879981971,636.1056017671217,639.20751953125,13029900
2025-12-02,640.6737247939117,646.1893476978298,636.4147821721649,645.4213256835938,11640900
2025-12-03,642.7383158920676,647.1668005690203,635.8961259576193,637.9407958984375,11134300
2025-12-04,674.246461597851,674.3461778479464,658.3378235904052,659.8140258789062,29874600
2025-12-05,662.2775487290173,672.9398207362489,660.6717397649775,671.673095703125,21207900
2025-12-08,667.603701448277,674.9545781663558,663.344758713728,665.0702514648438,13161000
2025-12-09,662.0481917138827,662.7563110037405,651.645254570885,655.255859375,12997100
2025-12-10,648.2639556943986,652.8121240146866,641.730959438269,648.4434814453125,16910900
2025-12-11,641.6211778682233,653.5801249698833,639.1376470786419,651.0167846679688,13056700
2025-12-12,648.1143965293088,709.1556549538686,636.9534211280841,642.558837890625,14016900
2025-12-15,644.5502809809109,651.8372704406642,637.5627451568915,646.3570556640625,15549100
2025-12-16,642.3541999133257,661.3602758295988,642.054746271156,655.9799194335938,14309100
2025-12-17,654.4426118233187,660.0526000253047,648.0440522221027,648.343505859375,15598500
2025-12-18,655.8600753372949,669.3659511843067,655.2910830082761,663.266845703125,20260300
2025-12-19,665.2333263832898,669.8051880946751,657.0080086354003,657.5969848632812,49977100
2025-12-22,660.4719008376494,672.3806511570199,655.4808037586267,660.3221435546875,15659400
2025-12-23,658.8746741689592,664.8140915262984,657.0778915122911,663.7559814453125,8486800
2025-12-24,661.3503083186049,666.9902112020924,661.0208788671576,666.361328125,5627500
2025-12-26,666.8704739599774,667.7589038803495,660.1424847097468,662.1089477539062,7133800
2025-12-29,656.8383689858442,659.0743707339258,653.2248195668056,657.5171508789062,8506500
2025-12-30,657.5171386037911,671.0230153954109,656.6686764849229,664.7642211914062,9187500
2025-12-31,663.5662869980947,663.8158418258488,658.2657448936569,658.9146118164062,7940400
2026-01-02,661.5499009554064,663.2069792218492,642.3541620430398,649.2518310546875,13726500
2026-01-05,649.8508280292294,663.3567049684374,646.5966230035071,657.616943359375,12213700
2026-01-06,658.3955464147172,664.3349637543794,650.7392210314413,659.4436645507812,11074400
2026-01-07,654.4725487720359,657.9763084361789,643.6618161601232,647.534912109375,12846300
2026-01-08,644.7299347572825,645.9477331499952,634.5879917891143,644.9096069335938,11921700
2026-01-09,644.2907288447692,653.7838050409127,641.7053138036724,651.8971557617188,11634900
2026-01-12,651.3680980277007,652.8054753941815,640.0881706951194,640.8268432617188,14797200
2026-01-13,641.1263941859123,641.1263941859123,622.9887038024194,629.96630859375,18030400
2026-01-14,625.3844405077801,627.3309804807691,613.7252454803604,614.4240112304688,15527900
2026-01-15,617.378703801015,623.0585745209008,613.1362714280776,619.694580078125,13076100
2026-01-16,623.0685636897582,627.9598630097294,618.9758886129073,619.1455688476562,17012500
2026-01-20,606.7976262932837,610.3113781504126,598.9316523845154,603.0443115234375,15169600
2026-01-21,605.659634898437,617.169133937088,599.0115204374271,611.8685913085938,14494700
2026-01-22,628.2293275614567,659.3937675491238,625.4343255489129,646.476806640625,21394700
2026-01-23,643.6219561683764,665.3032527677875,643.3025186421843,657.5870361328125,22797700
2026-01-26,663.9456136216552,674.0775639748149,660.1124246688775,671.1627197265625,16327400
2026-01-27,673.3888389297905,675.6148486525956,663.4764668627315,671.7716674804688,13297400
2026-01-28,673.2989295276801,676.4732596455591,664.9138628916613,667.5391845703125,25709600
2026-01-29,736.1169233837337,742.6752321400184,711.2812198864386,736.995361328125,59852900
2026-01-30,726.2045952530067,730.8662626744616,712.3193905555435,715.2241821289062,23744600
2026-02-02,713.3275184694113,720.0156002559207,702.2672920108814,705.152099609375,14365200
2026-02-03,706.1104025957663,715.7232596178901,685.1877035052055,690.4683227539062,13760700
2026-02-04,686.5054510943589,687.6035290584308,666.2715840299333,667.798828125,16882800
2026-02-05,662.3984629374214,680.2865379695924,652.3363940764909,669.0166625976562,17131800
2026-02-06,664.3050190645899,670.7934451675868,645.3488423980709,660.2822265625,18159300
2026-02-09,661.9991209626965,682.0932819515241,657.6069922476072,676.0140991210938,14837500
2026-02-10,676.39338857878,679.4380062536881,668.5972981068446,669.525634765625,10455800
2026-02-11,672.7998711552045,678.0605068549233,655.9299390360635,667.4993286132812,14323800
2026-02-12,668.7770306530766,674.7963229561075,644.1310518439949,648.6529541015625,14960100
2026-02-13,643.9512634857649,650.2700088851722,633.4400456540794,638.6307983398438,12336400
2026-02-17,638.3613203754355,641.4557762130754,627.6803603746322,638.1516723632812,12674700
2026-02-18,632.67143641335,643.8515057528024,627.0315334227189,642.0746459960938,14649200
2026-02-19,637.432932921519,646.0375787806976,635.5861905818066,643.6318969726562,10035700
2026-02-20,638.5510179511008,662.1688639053526,637.642665037141,654.4925537109375,14183500
2026-02-23,651.3781101885919,656.5289567660449,634.8675821094057,636.1153564453125,8605900
2026-02-24,631.9527863953055,639.9684568961466,627.8600500948714,638.1616821289062,10135600
2026-02-25,641.3858999809694,652.7156650876909,640.9965798171046,652.5260009765625,11330700
2026-02-26,649.3916295582877,659.823034651462,646.3470725216666,655.8401489257812,10637700
2026-02-27,642.3042597917192,648.2835840137412,636.9837335400734,647.0258178710938,15703000
2026-03-02,636.0254184162494,658.764884603327,633.3701817354564,652.396240234375,9816100
2026-03-03,647.1356255764312,657.866484005116,637.7025010942567,653.91357421875,12263800
2026-03-04,656.788453587829,671.5720803574089,656.4989309709863,666.541015625,10810100
2026-03-05,660.751362594833,669.5057662619517,649.1520579976961,659.393798828125,13341400
2026-03-06,646.7463568472266,648.3135076492586,634.9773114336934,643.7117309570312,13159400
2026-03-09,633.6497121926325,646.5965879982328,625.6639573427893,646.2372436523438,13489700
2026-03-10,652.3962938458964,659.1242831137364,647.8444156429986,652.9053955078125,9859300
2026-03-11,653.5941721528687,657.9463943013674,647.2055433479961,653.6939697265625,8977200
2026-03-12,647.5948883988538,652.3364309343367,635.7660119177681,637.043701171875,11617500
2026-03-13,622.7790526456299,628.0496188589474,608.4645611002024,612.6171875,18957600
2026-03-16,631.4147932406764,634.1622468505053,622.5230098937741,626.8690185546875,15134900
2026-03-17,627.4085169382369,635.9605885584036,621.1243629754691,622.0834350585938,10348800
2026-03-18,615.769347359454,622.0735023862151,614.04090772979,615.1099243164062,11726300
2026-03-19,611.5832104537112,612.4323990135786,601.7023533616688,606.1382446289062,13247700
2026-03-20,602.9712077810872,603.400802317344,586.7062525156723,593.1102905273438,21214900
2026-03-23,605.2290499891692,608.0764476338709,598.4553596033379,603.5006713867188,13638000
2026-03-24,598.5452420228083,600.443507118967,590.4527665679026,592.3709716796875,10739700
2026-03-25,598.1855830392399,603.1110107561809,592.850561795072,594.3391723632812,12585000
2026-03-26,581.9506076701073,582.460145169462,542.8468364624507,547.032958984375,35780100
2026-03-27,539.599843303006,543.0966023049141,519.7782492802263,525.233154296875,30133000
2026-03-30,535.8833618164062,539.0504095872608,528.0505941707193,535.8833618164062,22795200
2026-03-31,549.4707059552647,573.1587727471259,546.2637174010383,571.6002197265625,32898300
2026-04-01,579.5928556215499,592.0013387220274,573.2887005646345,578.6936645507812,23608100
2026-04-02,565.5158531822124,577.9643377947169,559.1817578546791,573.9281005859375,13518500
2026-04-06,577.1550997330287,582.2503530791108,571.4703658572956,572.4894409179688,9515700
2026-04-07,571.9498894780604,574.6973431004155,564.2370671243236,574.5175170898438,9580800
2026-04-08,605.4388670235439,629.3667024291958,591.2820049792073,611.8529052734375,32036600
2026-04-09,626.3894374266143,636.9097166035551,622.4231426572783,627.8081665039062,19012900
2026-04-10,633.882449891805,637.9886903650855,623.7518859014353,629.2767333984375,13294800
2026-04-13,628.9171329935918,634.4120404303904,623.8218795800174,633.9425048828125,9538900
2026-04-14,642.624350345733,665.6430543798978,638.7779398291946,661.8765258789062,17818000
2026-04-15,666.3824145357423,677.8717665104965,663.6049593103575,670.9581909179688,14952600
2026-04-16,675.3640350842893,676.9525896021297,667.131674939706,676.2432250976562,9544800
2026-04-17,677.9716157075654,690.8796961433965,674.5048580761284,687.9124145507812,16283500
2026-04-20,680.7290935491282,682.7472426832454,667.381478611767,670.2887573242188,12534000
2026-04-21,670.3786762058809,675.5738733736962,666.7120915784461,668.220703125,8660100
2026-04-22,673.7355628200382,677.7518600207422,669.1298460769134,674.09521484375,9215600
2026-04-23,663.0854475032797,668.9400066983026,652.4452846667049,658.5396728515625,11667000
2026-04-24,659.7085674039201,680.0396994180859,653.2345872360809,674.4049682617188,13348300
2026-04-27,670.3786986745525,681.8680504402118,670.2188736545023,677.9916381835938,12805200
2026-04-28,673.6156618787633,677.5520159823654,665.0136491453696,670.7183837890625,10606800
2026-04-29,668.290599742094,673.6256820299297,663.1953464496755,668.5004272460938,18947500
2026-04-30,618.7465567527638,620.2751083620838,599.4444385151393,611.3433837890625,52765000
2026-05-01,614.120842749119,618.3069655430758,605.548770151405,608.1863403320312,21404000
2026-05-04,607.3771038685389,613.4314904063681,602.1919069095087,609.8447875976562,16203900
2026-05-05,612.7420849871345,613.7811000159977,599.8040642277598,604.3998413085938,17171300
2026-05-06,600.4934370812971,619.3759607512419,597.5461564796674,612.3125,19915500
2026-05-07,614.150739078972,624.4012480600104,612.9718390781961,616.2388305664062,12307400
2026-05-08,614.6303402495529,616.1988937552933,605.4987892063378,609.0654907226562,13557000
2026-05-11,604.010215830275,604.3498668649182,597.5262348938886,598.3054809570312,15940600
2026-05-12,594.2692320029287,603.1909559259367,592.0512559095129,602.441650390625,11351600
2026-05-13,598.275515544453,619.3260125714435,596.1074810052941,616.0590209960938,14634400
2026-05-14,615.429618202359,623.152441138389,614.4305441468357,617.8573608398438,10651200
2026-05-15,613.421486859321,620.6248329546977,608.7458274653094,613.6612548828125,13272600
2026-05-18,608.5459509764945,615.0199919776213,603.1309869574205,610.64404296875,13772400
2026-05-19,608.3561568042173,613.361527578881,599.9939118379299,602.052001953125,11749900
2026-05-20,600.2037495434126,607.4370360716302,597.2564688338498,604.499755859375,11329700
2026-05-21,599.4443949814065,609.0354809096541,594.2591985256718,606.8175659179688,13476100
2026-05-22,607.3171451453314,614.2407210713809,606.3880135859368,609.6949462890625,11688600
2026-05-26,608.3261927003538,613.9009818092591,604.7394901495815,611.7730102539062,12234200
2026-05-27,608.8357727220844,637.908804248614,608.4361186960156,634.6718139648438,23143600
2026-05-28,638.9078448274123,642.4046039468743,628.7272779804616,634.7017211914062,16772400
2026-05-29,632.9133899267435,633.9124639439917,622.7727642602187,631.92431640625,19806500
2026-06-01,629.8162791560948,635.1613007084701,598.974869401479,599.9139404296875,29138800
2026-06-02,602.68138962268,608.3161816139932,596.1274666259658,597.0765991210938,18252000
2026-06-03,602.4416570391962,623.5720977596394,599.7142043737263,622.4031372070312,23020100
2026-06-04,623.0924785224576,641.8051764288737,621.8536364911718,626.9888916015625,21469200
2026-06-05,622.8827460758752,628.567480013855,582.3702434655938,592.450927734375,30091600
2026-06-08,591.4518261333767,591.4518261333767,578.6836307521693,584.8479614257812,19512400
2026-06-09,590.4527436689563,597.0766092757164,580.4720040020986,584.0487060546875,16977400
2026-06-10,580.192266144374,590.7724873942649,570.0716409197756,570.4512939453125,17064000
2026-06-11,565.3060574843756,571.6401524850257,556.4942175026772,567.9036254882812,17628000
2026-06-12,572.4194595335534,575.5365655300229,560.3806300495169,566.4549560546875,14326400
2026-06-15,579.9000244140625,601.27001953125,579.2999877929688,593.47998046875,17653300
2026-06-16,593.6500244140625,605.8099975585938,592.0,600.2100219726562,11344400
2026-06-17,592.0,593.8099975585938,566.1900024414062,567.5800170898438,20478300
2026-06-18,572.8200073242188,580.219970703125,563.0999755859375,577.219970703125,28824600
2026-06-22,572.02001953125,575.8099975585938,559.8099975585938,563.8499755859375,15405500
2026-06-23,562.25,572.2000122070312,561.02001953125,562.2000122070312,13103300
2026-06-24,561.8900146484375,569.0399780273438,555.5499877929688,557.6699829101562,13963600
2026-06-25,555.5499877929688,556.3400268554688,540.1799926757812,542.8699951171875,16968600
2026-06-26,543.3400268554688,556.8499755859375,540.4000244140625,550.25,18867700
2026-06-29,560.0,570.9000244140625,558.0,562.5999755859375,15011400
2026-06-30,560.9400024414062,565.5399780273438,551.4299926757812,563.2899780273438,18111100
2026-07-01,607.9099731445312,628.280029296875,595.0999755859375,612.9099731445312,45536300
2026-07-02,607.9000244140625,610.0,580.4199829101562,582.9000244140625,21705900
2026-07-06,594.8400268554688,603.5800170898438,581.760009765625,600.2899780273438,17674100
2026-07-07,607.5900268554688,625.3699951171875,603.6599731445312,615.5800170898438,18560800
2026-07-08,614.3900146484375,616.0,598.010009765625,603.1199951171875,13606500
2026-07-09,583.989990234375,633.27001953125,577.0700073242188,631.47998046875,26579700
2026-07-10,660.3400268554688,677.8599853515625,658.010009765625,669.2100219726562,40608900
2026-07-13,661.3800048828125,676.6199951171875,654.2000122070312,656.72998046875,19840700
2026-07-14,652.0,666.5,649.0499877929688,661.0399780273438,16748200
2026-07-15,663.5999755859375,686.0800170898438,656.6599731445312,681.3099975585938,19003400
2026-07-16,677.280029296875,681.9000244140625,660.1599731445312,664.5399780273438,15816000
2026-07-17,647.7000122070312,652.2000122070312,626.0,646.010009765625,22267900
2026-07-20,646.7000122070312,653.2999877929688,636.010009765625,645.8499755859375,10225200
2026-07-21,654.1799926757812,655.8800048828125,643.2000122070312,643.8099975585938,9140500
2026-07-22,647.7000122070312,649.0,624.0,627.1699829101562,11019600
2026-07-23,608.4099731445312,614.6500244140625,597.219970703125,606.0999755859375,15494800
2026-07-24,605.2999877929688,609.97998046875,594.4500122070312,595.1900024414062,11503500
2026-07-27,607.219970703125,611.260009765625,593.1300048828125,593.8699951171875,11195300
2026-07-28,596.8200073242188,601.0,587.0,593.4099731445312,12009300
2026-07-29,593.25,599.969970703125,582.219970703125,585.6099853515625,22371100
2026-07-30,526.0,539.8800048828125,524.489990234375,539.030029296875,42161100
2026-07-31,543.5599975585938,557.9600219726562,540.239990234375,545.8535766601562,11072235
