date,open,high,low,close,volume
2021-08-02,274.8187628216139,275.212242025892,272.30436188036447,273.3408508300781,16267400
2021-08-03,273.9166896548883,275.65373862205524,272.55390723217295,275.54815673828125,17879000
2021-08-04,274.68438727940855,275.99916705627766,273.1776564498441,274.96270751953125,16191300
2021-08-05,275.317855802354,277.95702231995693,274.56929337977533,277.8514404296875,13900200
2021-08-06,276.8821592862468,277.83224983592555,276.02801499553067,277.7938537597656,16589300
2021-08-09,278.07213285524966,279.7995752873609,276.2103188203015,276.7093505859375,16117600
2021-08-10,277.16043936211105,277.5923146609027,273.7055541222731,274.89556884765625,18616600
2021-08-11,275.63454156443856,277.02611380022,274.3389448772672,275.3850402832031,13955900
2021-08-12,275.0779013971637,278.283285228758,274.79958112166787,278.1297302246094,14561300
2021-08-13,277.81303719840986,281.09518381779094,277.64026951768847,281.0472106933594,18249000
2021-08-16,281.37341744639224,282.93772741778326,278.33116667356506,282.7265930175781,22507600
2021-08-17,280.60574999790174,281.60381354222284,279.3485202964206,281.2679138183594,20075300
2021-08-18,280.80642126360254,283.47948483534077,279.1044871600753,279.54681396484375,21813000
2021-08-19,277.5852494378773,286.0275166816487,277.53718447593633,285.35443115234375,29850500
2021-08-20,288.190963446094,294.0755466635113,286.5948135303095,292.6524658203125,40817600
2021-08-23,291.58513292551737,293.6524247840349,290.23899143697224,292.9312744140625,22830200
2021-08-24,293.2871377761874,293.892908989617,290.38331518803676,290.9794616699219,18175800
2021-08-25,292.5948057108051,292.87365880728834,288.86407816857775,290.3929138183594,20006100
2021-08-26,289.4120831267804,290.79669430920046,287.4505750714238,287.5851745605469,17666100
2021-08-27,287.48901815902764,289.2967066286994,285.4121013647465,288.1909484863281,22605700
2021-08-30,289.53711917376893,292.51788050210155,289.47942948011064,291.912109375,16348100
2021-08-31,292.71024938100464,292.7871592045454,289.90255665080605,290.2679443359375,26285300
2021-09-01,291.21976052803296,293.450526164361,289.89283908325706,290.2197570800781,18983800
2021-09-02,290.5756073825475,291.69096108011354,288.6332897832502,289.56597900390625,16285600
2021-09-03,289.4121123902904,290.96019740569926,288.7102113426839,289.5563659667969,14747900
2021-09-07,289.4313599194175,289.5082697285104,286.7294517158089,288.6332702636719,17180400
2021-09-08,288.248626330133,289.04668654196234,286.0274854074498,288.6620788574219,15046800
2021-09-09,289.2486932805111,290.5179253274323,285.57562599791714,285.8160095214844,19927000
2021-09-10,286.9409832920089,288.38328426235665,284.01791177587137,284.335205078125,19633400
2021-09-13,286.1044051321014,287.0563436631931,282.76788126792405,285.5659484863281,23652900
2021-09-14,288.03704590374826,289.7966690871103,286.6332148542332,288.2582092285156,21853400
2021-09-15,291.5948880575336,293.5756462787088,290.21027638048145,293.0948791503906,28356300
2021-09-16,292.0755692493566,293.5659351711585,289.19096732817496,293.4794006347656,19550800
2021-09-17,292.46988092654055,292.78717431259884,288.00834799489826,288.33526611328125,41372500
2021-09-20,284.93128245062667,287.22936219183777,278.38323997844657,282.9793701171875,38278700
2021-09-21,284.316015013533,286.09485893371766,282.7583344959058,283.4602355957031,22364100
2021-09-22,285.3159429755358,288.67168664091787,283.18133670640134,287.0947570800781,26626300
2021-09-23,287.35442848279695,289.32556135418525,286.085196618995,288.037109375,18604600
2021-09-24,286.7582917069234,288.26787776636394,285.5082799167376,287.835205078125,14999000
2021-09-27,284.7486540480037,285.0659473135494,281.67173392975803,282.85443115234375,23571700
2021-09-28,278.6525686782069,279.59488265396965,271.87376505360436,272.6141357421875,43186200
2021-09-29,274.1333463335849,275.73909166392633,272.1237438163445,273.0756530761719,26353700
2021-09-30,274.71990732676227,276.7583549818857,270.78723626688867,271.0757141113281,32343600
2021-10-01,271.2679443559621,278.8256162130786,270.46988411493584,277.9794616699219,30086300
2021-10-04,276.3448682644361,276.6814110362589,269.4699059701531,272.2198791503906,31350700
2021-10-05,273.12365122676954,279.2293964365477,273.12365122676954,277.6524963378906,24993000
2021-10-06,274.7871145500476,282.3351603741054,274.5275110006599,281.83514404296875,28002600
2021-10-07,283.82565518790983,285.22951623289964,282.6141420621105,283.50836181640625,20430500
2021-10-08,284.82565896183667,285.22951623289964,282.4602930704529,283.50836181640625,17685700
2021-10-11,281.6525631685585,286.50829832033395,281.489089470964,282.91217041015625,19298600
2021-10-12,283.9793785165672,284.07553776176377,281.1044019503828,281.614013671875,17974100
2021-10-13,283.5659981485587,285.84482905516467,282.20060694439593,284.9121398925781,23416300
2021-10-14,287.70053210668726,291.6043571503594,286.3736107122371,291.1043701171875,27262900
2021-10-15,290.7102062536316,292.73905839342854,288.9602072094581,292.5082702636719,25384800
2021-10-18,291.8928498378823,296.3543518258326,291.0466953202489,295.4697570800781,22729300
2021-10-19,296.4890671495345,297.40250700469875,295.4025288425853,296.3736877441406,17682100
2021-10-20,297.3159240470741,297.787095667317,294.3351627369978,295.5851745605469,16537100
2021-10-21,295.35437134682337,299.0562532662077,294.5755019170204,298.8062744140625,16918100
2021-10-22,298.46020682444515,299.1236677633012,295.96021206072464,297.2679138183594,17449300
2021-10-25,297.4601338192577,297.4986033941539,294.67169118488476,296.2774658203125,17554500
2021-10-26,299.03705370094167,300.3831953408259,296.7293781263278,298.1812744140625,28107300
2021-10-27,303.8447708537641,313.55627098080305,303.8447708537641,310.7389831542969,52588700
2021-10-28,311.854316213441,312.37355280117015,308.9985589964651,311.8735656738281,26297900
2021-10-29,311.6620711865388,319.22934031158445,311.4409077665691,318.86395263671875,34766000
2021-11-01,318.6137905602805,318.7387946354113,313.8157468201886,316.7003479003906,27073200
2021-11-02,317.60429349098206,320.62352433879016,317.30622029819705,320.3158264160156,26487100
2021-11-03,321.05621499337065,322.017749048064,317.93122931561726,321.1523742675781,21500100
2021-11-04,320.08507064099814,323.59466390839987,316.83508099254163,323.4985046386719,23992200
2021-11-05,325.4888262621695,325.7580545608874,321.55615641775836,323.133056640625,22570100
2021-11-08,324.32538640649415,324.6619291544204,321.57541342152103,324.0273132324219,20897000
2021-11-09,324.1426973147689,325.69078224022303,321.6619526233949,323.02734375,21307400
2021-11-10,321.7004414585655,321.75813115179415,317.22931417120816,318.075439453125,25500900
2021-11-11,318.5080972611384,320.9311520712927,317.7965715810098,319.6427001953125,16849800
2021-11-12,321.0754775053688,324.25815300827657,320.95047337818704,323.76776123046875,23831000
2021-11-15,324.5561868329157,324.88310486387337,321.1811931834564,323.1427307128906,16723000
2021-11-16,322.7677173822912,327.5657918667416,322.60427303916015,326.4504089355469,20886800
2021-11-17,326.49861134342495,329.6293143564149,325.59311335095464,326.6719970703125,19053400
2021-11-18,325.7664999341988,329.87978087178396,324.74541145445266,328.7430725097656,22463500
2021-11-19,330.06275288893943,332.4324456190178,329.63890158471446,330.5154724121094,21963400
2021-11-22,331.9699855411773,336.8346321933974,327.08608361452843,327.3558044433594,31031100
2021-11-23,324.6779411746802,326.9898682292672,321.31605752223925,325.2848205566406,30427600
2021-11-24,323.93623607205905,325.74723199137054,321.6532358919778,325.50640869140625,21661300
2021-11-26,322.07702143466366,325.52559745058403,316.07569544288083,317.57843017578125,24217200
2021-11-29,322.6453783318279,326.58524340078264,322.4527079617969,324.2733459472656,28563500
2021-11-30,323.01143434180807,325.38112702645924,316.9137728395476,318.4550476074219,42885600
2021-12-01,322.82842346064837,326.8260839728482,317.2991304369134,317.9637756347656,33337600
2021-12-02,318.17571186769004,321.24861933110265,315.7674790215907,317.39544677734375,30766000
2021-12-03,319.8036737217345,320.48763300351385,306.3561099885442,311.1533203125,41779300
2021-12-06,312.05887669946657,315.43040325384777,307.51213114166296,314.2166442871094,30032600
2021-12-07,319.46658948224007,323.47386355690173,317.98310963695894,322.6261901855469,31021900
2021-12-08,323.00180200991804,323.184830047875,318.65734078900067,322.6742858886719,24761000
2021-12-09,322.13480572641566,324.1384421698019,319.9288565931606,320.8728942871094,22214200
2021-12-10,322.68393709248,330.4095372641144,322.5009090494943,329.9664306640625,38095700
2021-12-13,328.17466430025087,331.17052092748463,326.63338956387594,326.941650390625,28899400
2021-12-14,320.98850283752,322.3563918673137,312.2128880966609,316.2876281738281,44438700
2021-12-15,316.54769934976275,322.886183766917,312.58857922136355,322.3659973144531,35381100
2021-12-16,323.38713456911813,324.3986100132093,311.16294216598374,312.97393798828125,35034800
2021-12-17,309.1015373797269,312.9932502732076,305.6047782395522,311.9143371582031,47750300
2021-12-20,308.301990542722,310.95104695993683,305.9130421153367,308.1671447753906,28326500
2021-12-21,311.4230722504831,315.70009648431505,308.0611589340678,315.2762451171875,24740600
2021-12-22,316.2491091479911,321.3641930953662,313.7927235316347,320.9692687988281,24831500
2021-12-23,320.53581089915843,324.0422122425746,320.51655561829773,322.40460205078125,19617800
2021-12-27,323.146261644818,329.90859732114507,323.1173640307042,329.87969970703125,19947000
2021-12-28,330.55397511958915,331.1897520042874,327.82786896299206,328.7237243652344,15661500
2021-12-29,328.77190728660776,331.6617864461058,327.2113772440582,329.3980712890625,15042000
2021-12-30,329.35951889161,330.53473754796454,326.3829469974742,326.8645935058594,15994500
2021-12-31,326.0843148981623,326.90309041033254,323.52195205286245,323.9747009277344,18000800
2022-01-03,323.0403535774783,325.59307446526094,317.67480384527,322.4623718261719,28865100
2022-01-04,322.5394184991603,322.89586164300437,314.1491437576021,316.9330749511719,32674300
2022-01-05,313.8986934112964,314.1010061399775,304.3813817326678,304.7666931152344,40054300
2022-01-06,301.65524488813156,307.0015395240339,300.0561747269668,302.35845947265625,39646100
2022-01-07,302.6185824289415,304.88232754930465,298.70761400711353,302.51263427734375,32720000
2022-01-10,298.1295606763108,303.16759397911807,293.50576573261736,302.7341003417969,44289500
2022-01-11,301.8768158812795,304.9882339809429,298.5149321522782,303.4180908203125,29386800
2022-01-12,307.93588346156525,311.538589841844,305.44092874443083,306.5872497558594,34372200
2022-01-13,308.7065406516053,309.1014943499301,292.84110213316677,293.6117248535156,45366000
2022-01-14,293.0819018422109,299.41074404993253,292.6002553313774,298.8135070800781,39846400
2022-01-18,292.90853854423693,298.42818916600646,290.66404916965183,291.5406494140625,42333200
2022-01-19,295.0470165949494,302.38730443677275,291.5887983066239,292.1956481933594,45933900
2022-01-20,297.7249746936836,300.2102576999121,290.08606825576,290.5291748046875,35380700
2022-01-21,291.5791391743098,292.9469986716374,284.7590087711074,285.1636047363281,57984400
2022-01-24,281.4742344395524,286.20397733564954,265.9170285250383,285.49114990234375,85731500
2022-01-25,280.8191672649652,284.16179518047517,274.70228017866594,277.900390625,72848600
2022-01-26,296.68460867157836,297.1758975203426,282.2737532824066,285.81866455078125,90428900
2022-01-27,291.5503564920198,296.02002216009936,286.9939685564183,288.8338623046875,53481300
2022-01-28,289.2095796185567,297.15674993645587,283.64174510506314,296.94482421875,49743700
2022-01-31,297.60945731115953,300.91354605848886,295.1241442973268,299.56494140625,46444500
2022-02-01,299.0157886812132,299.2277143206684,293.929602731659,297.4263610839844,40950400
2022-02-02,298.26451794449673,303.55298890969146,297.54204794827325,301.95391845703125,36636000
2022-02-03,298.12957287633566,299.8057228648471,288.9493907856898,290.1920471191406,43730000
2022-02-04,289.1901897878569,297.4648733158477,288.95900886982764,294.7098693847656,35096500
2022-02-07,294.93143638637616,296.54011926462067,288.8915703465275,289.9030456542969,28533300
2022-02-08,290.1921166529824,294.3439085676629,288.9398470786599,293.380615234375,32421200
2022-02-09,298.4955679871646,300.4799490211271,296.1066203953312,299.786376953125,31284700
2022-02-10,292.8796180366124,297.7731336434456,289.6622228774468,291.2805480957031,45386200
2022-02-11,292.06085534207085,293.12048369685596,283.4201145266006,284.21002197265625,39175600
2022-02-14,282.9865867276755,285.866852917156,280.65543402557785,284.17144775390625,36359500
2022-02-15,288.99759771206277,289.75857816176847,286.11733109996294,289.4407043457031,27058300
2022-02-16,288.0120067201393,290.42521859996504,283.48481887693396,289.102783203125,29982100
2022-02-17,286.0718591090062,286.4965868814694,279.9326604203937,280.6373291015625,32461600
2022-02-18,282.876732815773,283.65861124098427,276.37072190934305,277.9344787597656,34264000
2022-02-22,275.10620482012695,281.4191765053362,274.6235623555302,277.7317810058594,41736100
2022-02-23,280.10635117029534,281.5736029979626,270.37629282765295,270.5403747558594,37811200
2022-02-24,263.0498313930732,284.9135313013762,262.0941791874867,284.3633117675781,56989700
2022-02-25,284.8942395707059,287.29778988293907,281.5253747646306,286.9888916015625,32546700
2022-02-28,284.0929935575526,288.7553360718081,282.8284727085798,288.41748046875,34627500
2022-03-01,286.1103996346633,289.55647332988616,282.0079393664894,284.71075439453125,31217800
2022-03-02,285.10660764686014,291.00451522918104,283.5042602217041,289.7689514160156,31873000
2022-03-03,292.37516228556973,292.60682123875046,283.84201770674827,285.6471252441406,27314500
2022-03-04,284.0736581596549,285.3960935577323,277.20083543278474,279.79742431640625,32356500
2022-03-07,278.5136356085561,279.6333695655803,268.8607871426468,269.22760009765625,43157200
2022-03-08,268.1561220285429,274.1022802945537,260.6269119121218,266.2738342285156,48159500
2022-03-09,273.6002812100965,279.5464381381637,271.03262052810277,278.484619140625,35204500
2022-03-10,273.194900626514,276.6506367973392,270.83960329634476,275.6756896972656,30628000
2022-03-11,277.9634336750457,279.4596429563479,269.7295545935928,270.34735107421875,27209300
2022-03-14,270.6079583933382,275.4922975054639,266.2448813621328,266.8433532714844,30660700
2022-03-15,270.6176534268287,277.8283334961411,269.0538964529326,277.18157958984375,34245100
2022-03-16,279.07346468655453,284.34394072120614,273.3686576400486,284.1701965332031,37826300
2022-03-17,283.1084122705425,285.3478508163391,279.32448255840876,284.9714050292969,30816600
2022-03-18,285.11614983812484,290.55070765473886,282.56781343474125,290.00048828125,43390600
2022-03-21,288.5140418634162,289.72064808863075,284.66253476098274,288.774658203125,28351200
2022-03-22,289.3923936093338,294.4118867402999,288.39815136686497,293.5045166015625,27599700
2022-03-23,290.07781025541306,292.70338668332965,287.3846568062616,289.09320068359375,25715400
2022-03-24,288.7553468713274,293.6396862396896,287.96380616213776,293.54315185546875,24484500
2022-03-25,294.63390450047564,294.89452080427003,288.90011015175327,293.1376953125,22566500
2022-03-28,293.76520217210094,300.0105979612611,293.76520217210094,299.9140930175781,29578200
2022-03-29,303.01261329342486,304.8563111504665,298.3213129462688,304.4605407714844,30393400
2022-03-30,302.8678810369213,304.9818578926393,300.7635370012448,302.9643859863281,28163600
2022-03-31,303.0029338565664,304.19990720218783,297.20159145457893,297.60699462890625,33422100
2022-04-01,298.6301848769681,299.36381082776825,294.9331566706007,298.678466796875,27110500
2022-04-04,299.32520192359516,304.1709216917822,298.9583889350334,304.0357971191406,24289600
2022-04-05,302.3948148545048,303.9392767129868,299.1128518165804,300.0877990722656,23156700
2022-04-06,294.5952557982606,296.3424188426022,286.40963049695665,289.102783203125,40110400
2022-04-07,286.36141443806906,293.1087462850132,286.06217848359114,290.90789794921875,31411200
2022-04-08,290.01015328183416,290.6665398433151,285.99456517806084,286.6606140136719,24361900
2022-04-11,281.66045568500346,282.4519668205672,275.10616374606843,275.3571472167969,34569300
2022-04-12,279.1990191393396,280.64694661427023,270.7527755355778,272.2682800292969,30966700
2022-04-13,272.91505579561334,278.56194983374326,271.5346757707154,277.6352844238281,21907200
2022-04-14,278.08895577007974,278.30131965119733,269.62341681375074,270.1156921386719,28221600
2022-04-18,269.22764356722877,272.65439354264834,268.67742404587597,270.78173828125,20778000
2022-04-19,269.68128222004106,276.23557450537356,268.74495475070785,275.395751953125,22297700
2022-04-20,279.35348107967593,279.64308426283594,275.46338359699905,276.41900634765625,22906700
2022-04-21,278.5618984401678,283.1180442640561,270.33768184591173,271.0616455078125,29454600
2022-04-22,271.90135854016495,273.36860998258516,263.88950815868407,264.5169372558594,29405800
2022-04-25,263.8027323682706,271.351238292918,261.3701954398088,270.97479248046875,35678900
2022-04-26,267.86656753140664,268.6966984296061,260.6269305710984,260.83929443359375,46518400
2022-04-27,272.30688607431046,280.86895873505813,269.4689460085579,273.38800048828125,63477700
2022-04-28,275.28963271284965,280.8786411356231,271.689109042136,279.57550048828125,33646600
2022-04-29,278.59087064005706,279.81680135936267,266.9012842301464,267.8858642578125,37073900
2022-05-02,268.06926895596354,275.0482895864189,266.63100384066234,274.5946044921875,35151100
2022-05-03,274.1022076519421,274.26631899605667,270.42447567073,271.9978942871094,25978600
2022-05-04,272.77983068105766,280.7820499971457,267.1232758393873,279.9132995605469,33599300
2022-05-05,275.627519716172,276.40939830190524,264.8163146554661,267.7218322753906,43260400
2022-05-06,265.26995885904273,269.55582646003774,261.8528418348636,265.1927490234375,37780300
2022-05-09,260.6848371526901,262.90498063444784,254.17882636789196,255.3950653076172,47726000
2022-05-10,262.258232684761,264.24671703897735,255.86805194857527,260.1442565917969,39336400
2022-05-11,256.45690628213566,261.939717895706,250.29838339965534,251.50498962402344,48975900
2022-05-12,248.74426727264887,250.8582435521003,241.3405338858611,246.48550415039062,51033800
2022-05-13,248.4160775334941,253.90855102922657,246.4855077130794,252.05519104003906,34925100
2022-05-16,250.9354501012321,256.5920348375694,246.9005663575993,252.4219970703125,32550900
2022-05-17,256.8719081186117,259.01484142054807,253.34862470791003,257.5572814941406,28828800
2022-05-18,254.46120398258716,255.04172974493503,244.56334455457838,245.830810546875,31356000
2022-05-19,245.65666082139012,249.30427969315693,243.70225448849024,244.9213409423828,32692300
2022-05-20,248.888200942443,250.1460116670098,238.4388554517078,244.3601531982422,39199300
2022-05-23,247.19508522720383,253.00995497705824,245.20195425137902,252.1875457763672,33175400
2022-05-24,249.5171198981205,252.84540652501488,245.2696355087697,251.19093322753906,29043900
2022-05-25,249.75902519728396,255.98991161054977,248.78180725280606,253.99679565429688,28547900
2022-05-26,253.75493935952196,258.4377968295687,252.94221495828464,257.26708984375,25002100
2022-05-27,259.763306260141,264.46550311516876,258.87316278571984,264.3687438964844,26910800
2022-05-31,263.6817576729224,265.84902206515727,260.1986330948572,263.0431823730469,37827700
2022-06-01,266.26508840879205,268.67423608497063,261.2726146793663,263.5753479003906,25292200
2022-06-02,255.86413679429918,265.7329565705162,253.10666158963318,265.66522216796875,44008200
2022-06-03,261.5338887851949,264.5719571114333,259.6955816677973,261.2532958984375,28059000
2022-06-06,263.2270685226695,265.2782340927179,258.5442115825969,260.0245361328125,22400300
2022-06-07,257.9830411761452,264.26232157625736,257.3057561922374,263.65277099609375,22860700
2022-06-08,262.88839638694134,264.1365222872214,260.85657107937885,261.630615234375,17372300
2022-06-09,259.0859682271301,263.8558985116178,256.03824538636314,256.19305419921875,26439700
2022-06-10,252.1197571149294,252.1197571149294,244.33112762791936,244.7761993408203,31422800
2022-06-13,237.15206786424903,240.93512629318718,233.6882971691395,234.39459228515625,46135800
2022-06-14,235.94263445006774,237.76160149558388,233.6689256431726,236.55218505859375,28651500
2022-06-15,240.24816456305055,247.01122689050288,238.4195274205562,243.58615112304688,33111700
2022-06-16,237.99383539165407,239.38708569637893,235.12994511050752,237.01663208007812,33169200
2022-06-17,236.7553837419542,242.36707955457766,236.10713823491153,239.60960388183594,43084800
2022-06-21,242.1348507017861,246.47908003768092,241.4092008096241,245.5018768310547,29928300
2022-06-22,243.71190528540944,248.8204934956348,242.24125087999028,244.91165161132812,25939900
2022-06-23,247.2724946346494,250.94910939467707,245.3954776548155,250.45565795898438,25861400
2022-06-24,253.30991173150647,259.27960567496183,253.2228372705622,259.0086975097656,33923200
2022-06-27,259.50204339521724,259.58911783064,254.73211231864522,256.28985595703125,24615100
2022-06-28,255.40942252018837,258.2442876848407,247.99811473013298,248.15292358398438,27295500
2022-06-29,249.22689953422443,253.4647001181268,247.4563118212705,251.8102264404297,20069800
2022-06-30,248.70438985080898,251.10388274506582,244.68913309560924,248.4915313720703,31730900
2022-07-01,248.06590877422275,251.33614694514034,246.34368569703258,251.15231323242188,22837700
2022-07-05,247.84331663869565,254.44190037764724,246.46942121872016,254.3161163330078,22941000
2022-07-06,255.18692332453952,259.28925531633575,253.88074738510633,257.5670471191406,23824400
2022-07-07,256.5123751272476,260.324457968474,256.4156159102422,259.6858825683594,20859900
2022-07-08,256.1931548126402,259.395687723977,254.74185483976467,258.969970703125,19658800
2022-07-11,257.0251678392389,257.87660171050175,253.66782672632655,255.9221954345703,19455200
2022-07-12,257.2477298377406,257.3057794671245,243.8570592390129,245.43414306640625,35868500
2022-07-13,242.06712638955372,245.3180384343123,240.05465562247608,244.51498413085938,29497400
2022-07-14,242.43477469827525,246.85639326542395,237.95509174418504,245.830810546875,25102800
2022-07-15,247.41759860652465,251.91662221794022,246.49844499125953,248.3851318359375,29774100
2022-07-18,251.3167325510271,252.37134012804827,245.07614676470823,245.99530029296875,20975000
2022-07-19,249.21722578060667,251.287761309825,245.44385164398503,251.1039276123047,25012600
2022-07-20,251.46187956720985,256.2705208821731,250.50403112190256,253.7549285888672,22788300
2022-07-21,251.35545481408533,256.2898799710948,248.68505377050542,256.2414855957031,22404700
2022-07-22,256.6285190592783,256.71559351171373,250.6588552259502,251.90695190429688,21881300
2022-07-25,252.52616526089446,253.00993186101113,248.4721987897753,250.42660522460938,21056000
2022-07-26,251.42314353761344,251.44251309723307,241.46724894665664,243.72158813476562,39348000
2022-07-27,252.68094375810006,261.2822975208546,250.44594469622396,260.01483154296875,45994000
2022-07-28,260.99201791065275,268.8193560723427,259.1730512079758,267.435791015625,33459300
2022-07-29,268.6839646557535,272.8443453449876,267.64869711004144,271.625244140625,32152800
2022-08-01,268.8000835642348,272.14774020428075,266.8843571782586,268.9839172363281,21539600
2022-08-02,267.0391429404589,268.8677947225736,263.53667774646465,265.8974609375,22754200
2022-08-03,267.77446660635644,274.29563016416313,267.6293130218933,273.299072265625,23518900
2022-08-04,272.65082319177765,274.58588944445677,271.0737689983291,274.4407653808594,18098700
2022-08-05,270.086948916958,274.4408493171028,269.6322070274274,273.7248840332031,16774600
2022-08-08,274.82784422605897,276.63715644551485,270.251430244991,271.2189636230469,18739200
2022-08-09,270.5610309152516,273.8893183608111,268.59690993620944,273.1346435546875,23405200
2022-08-10,278.8140935874834,280.4008328998237,277.6240169581476,279.7719421386719,24687800
2022-08-11,281.40702349193015,281.7553212542064,277.20793315057733,277.70135498046875,20065900
2022-08-12,279.11395527145453,282.4325866699219,277.62394605155976,282.4325866699219,22619700
2022-08-15,281.55214749764076,284.62889583747915,280.6910288186994,283.94195556640625,18085700
2022-08-16,282.5099789943521,284.49343955539996,280.99097447536275,283.20660400390625,18102900
2022-08-17,280.9280886741136,284.42831264174936,280.6663108728771,282.4600524902344,18253400
2022-08-18,281.36450438229224,283.03219550510335,280.28824723266735,281.3451232910156,17186200
2022-08-19,280.11359859796744,280.4529598691973,276.875182491092,277.4472351074219,20570000
2022-08-22,273.5011251901656,273.86957303465795,268.7889459313243,269.3028259277344,25061100
2022-08-23,268.0325622558594,270.3789456095567,267.0241837556368,268.0325622558594,17527400
2022-08-24,267.03389604285996,268.7985510668254,266.74300225801466,267.40234375,18137000
2022-08-25,268.89553264663925,270.53413693993167,266.1709957164904,270.36932373046875,16583400
2022-08-26,270.59230474229855,271.813993730699,259.82991359676106,259.9365539550781,27549300
2022-08-29,257.7646828438369,259.2675307004995,255.82550904713992,257.1635437011719,20338500
2022-08-30,258.55980465800354,258.9282229004118,252.73257672555434,254.97232055664062,22767100
2022-08-31,257.31867689878567,258.9863379304906,253.3821269343252,253.51788330078125,24791800
2022-09-01,250.99700170684267,252.95558653821138,247.64223870789885,252.48046875,23263400
2022-09-02,253.7408682003107,256.68839066109626,246.73074523815598,248.2723846435547,22855400
2022-09-06,248.408159830305,249.98856152174304,244.27771043015858,245.54786682128906,21328200
2022-09-07,246.95376285633063,250.9581464072949,245.5187784892074,250.24066162109375,24126700
2022-09-08,249.6783301329259,252.5095072886724,247.04103780727314,250.6575927734375,20319900
2022-09-09,252.57737549512018,257.1635319672501,252.37377054080144,256.41693115234375,22084700
2022-09-12,257.6968083589195,259.316031521762,257.09566920762467,258.54034423828125,18747700
2022-09-13,250.96784794774865,252.48040101382477,243.93834353048703,244.32618713378906,33353300
2022-09-14,245.8193660691324,246.49807394155667,242.26098391432333,244.54920959472656,23913000
2022-09-15,242.1737066610615,243.75412313348235,236.5985823888046,237.91722106933594,31530900
2022-09-16,236.83129478142976,237.83967345913706,234.69820652512584,237.2967071533203,39791800
2022-09-19,235.09571807800603,237.68451311918642,233.5249921595804,237.0833740234375,26826900
2022-09-20,234.7078762922614,236.10406881216943,232.3517727501466,235.07630920410156,26660300
2022-09-21,236.84096320739502,240.1278617486554,231.634272219412,231.68275451660156,28625600
2022-09-22,230.6356309055808,236.44346175605514,230.3447666716902,233.6510467529297,31061200
2022-09-23,232.25480786085487,233.79646206572184,228.04680483912333,230.68408203125,34176000
2022-09-26,229.84056473429231,234.106740937524,229.69511783060327,230.2283935546875,27694200
2022-09-27,232.68144911431068,234.44610429031408,227.36811729613822,229.22003173828125,27018700
2022-09-28,229.60784728045007,234.95997054824008,227.59110496512747,233.73829650878906,29029700
2022-09-29,231.6245804731783,232.65234007148365,227.28083593148932,230.27685546875,27484200
2022-09-30,231.04281379026585,233.22438391773605,225.6519139757613,225.81674194335938,35694800
2022-10-03,228.25045038719026,234.26188606885609,227.52326022905194,233.41835021972656,28880400
2022-10-04,237.6360484007584,242.74577547683293,237.52939325058418,241.310791015625,34888400
2022-10-05,238.5087275549666,242.9591286346262,236.67620859306416,241.62109375,20347100
2022-10-06,240.38967602221575,242.72638403117548,238.59594911161383,239.2843475341797,20239900
2022-10-07,233.57346497384196,233.98070446797666,226.07856280672056,227.11602783203125,37769600
2022-10-10,225.9622347703348,227.42630569411762,219.83443833161004,222.27780151367188,29743600
2022-10-11,220.69735939369207,222.0935668585732,217.29411479408543,218.55458068847656,30474000
2022-10-12,218.54485501658382,220.9300450129457,217.14866247633316,218.88421630859375,21903900
2022-10-13,213.163673728378,228.91945995498912,212.46557001660585,227.11602783203125,42551800
2022-10-14,228.37646088968236,230.02477023152485,221.39543911705044,221.60874938964844,30198600
2022-10-17,228.64799911599317,231.69250151345716,227.98867230404574,230.3059844970703,28142300
2022-10-18,235.84232244327512,236.51132497546385,228.2116634940623,231.24647521972656,26329600
2022-10-19,229.83085382652337,232.3226990610641,227.1644900654512,229.2878875732422,19985700
2022-10-20,228.59949308712024,233.97099766347205,227.72685605551754,228.96792602539062,21811000
2022-10-21,227.60082203685621,235.60960407563198,227.3681158672251,234.75636291503906,26299700
2022-10-24,236.3465133618895,240.30242995612315,233.9613377120293,239.73037719726562,24911200
2022-10-25,239.74001722910089,243.40505400256714,238.35351526216095,243.03662109375,34775500
2022-10-26,224.13937366312916,231.0525321235999,223.06313174791288,224.28482055664062,82543200
2022-10-27,224.01334192609988,226.58275598538947,218.91332036173824,219.85382080078125,40424600
2022-10-28,219.3593305055409,229.40425069094275,219.17510664004706,228.69644165039062,40647700
2022-10-31,226.65059150006238,227.77531567159568,224.11996951147225,225.07017517089844,28357300
2022-11-01,227.46510361607025,228.57043214353084,220.41620237096575,221.23065185546875,30592300
2022-11-02,222.48140020209192,224.2654364159978,213.34787925724922,213.40606689453125,38407000
2022-11-03,213.39639315584648,213.7066680884104,207.47221616405207,207.7340087890625,36633900
2022-11-04,210.93363491466297,214.8507595155396,206.93892679101333,214.65684509277344,36789100
2022-11-07,215.23862721909845,221.46337409255833,214.55021392738465,220.93978881835938,33498000
2022-11-08,221.74453478514138,224.60481335809473,218.97151548785143,221.90936279296875,28192500
2022-11-09,220.45494942509427,221.6766382807976,217.5074120167321,217.6819305419922,27852900
2022-11-10,228.2698410290553,235.92958655895382,227.8529257557349,235.59022521972656,46268000
2022-11-11,235.59992645228266,240.4478609583566,234.5721519094285,239.59461975097656,34620200
2022-11-14,234.63032541196574,236.491930374749,231.9348751725974,234.20370483398438,31123300
2022-11-15,238.18870924194545,239.4879520708681,232.72993053937964,234.61093139648438,31390100
2022-11-16,236.06936750623152,237.05141937467573,233.76497579414,235.03871154785156,24093300
2022-11-17,231.19808812700944,236.51667602662837,231.05224616268976,234.99012756347656,23123500
2022-11-18,236.7694511962655,236.9930953021771,232.41346518460608,234.5428466796875,27613500
2022-11-21,234.74705121223045,237.8973712159803,234.51370406585946,235.3498992919922,26394700
2022-11-22,236.8472486173572,238.51963895713513,234.04697919434565,238.2473907470703,19665700
2022-11-23,238.32517685687512,241.40742716232413,237.50843223083618,240.726806640625,19508500
2022-11-25,240.46430280009824,241.81582614094168,239.90035578095558,240.6393280029297,9200800
2022-11-28,239.26834351489458,239.8225578203936,234.13449861777707,235.0679168701172,24778200
2022-11-29,234.71787945747192,236.069402727706,231.61619326885713,233.67750549316406,17956300
2022-11-30,233.91088948006765,248.26231874681702,233.22053616535177,248.07757568359375,47594200
2022-12-01,246.84269045988094,249.03040883628205,243.97435155588244,247.63999938964844,26041500
2022-12-02,242.90483392955983,248.97209734788092,242.77842766287273,247.9608917236328,21528500
2022-12-05,245.03420296466012,246.7941135147601,241.19354435975268,243.27430725097656,23435300
2022-12-06,243.87713173110765,244.8883372658951,237.03199561292425,238.33489990234375,22463700
2022-12-07,238.0529558163032,239.3461423733255,235.50548378588942,237.60568237304688,20481500
2022-12-08,238.06265330165112,241.85470746474556,236.33192613856002,240.55178833007812,22611800
2022-12-09,237.92653108598594,241.43660437225947,237.40148518904434,238.62660217285156,20609700
2022-12-12,240.6004067044122,245.5495083577721,240.32815848858516,245.5203399658203,30665100
2022-12-13,254.44624097086364,256.61452370043395,246.0648533202343,249.80828857421875,42196900
2022-12-14,250.01248566170938,255.32134114124744,247.27053790250687,250.09999084472656,35410900
2022-12-15,246.69687943873564,247.16358859669754,240.49347691697452,242.11724853515625,35560400
2022-12-16,241.66994662968148,242.92423190340745,236.76944942143655,237.9167938232422,86102000
2022-12-19,238.0821369724473,238.42245470858504,232.1023783936972,233.79420471191406,29696400
2022-12-20,232.77323628356203,236.18608654823132,231.82036751639754,235.1068115234375,25150800
2022-12-21,234.9998409670087,238.82104848275608,233.4635747777796,237.6639862060547,23690600
2022-12-22,234.5817687693653,235.2915726004728,227.39632912956154,231.5967559814453,28651700
2022-12-23,229.57432368977197,232.25791977065128,227.46439246807083,232.12179565429688,21207000
2022-12-27,232.09264417818784,232.31627349212454,229.3020921713063,230.40081787109375,16688600
2022-12-28,230.33274508619087,233.08441080456333,227.68803509667444,228.03807067871094,17457100
2022-12-29,229.12702186965714,235.22346762933782,229.12702186965714,234.33865356445312,19770700
2022-12-30,231.6161906747891,233.3177494769252,230.1090927684712,233.18162536621094,21938500
2023-01-03,236.35137496373926,238.9474656895386,230.82859367762717,232.94825744628906,25740000
2023-01-04,225.85031465735742,226.42397945527185,219.70526469993285,222.7583465576172,50623400
2023-01-05,220.91093644040888,221.25125412142148,215.62151720752513,216.1562957763672,39585600
2023-01-06,216.8272270587664,219.51082327228505,213.27826716927703,218.70379638671875,43613600
2023-01-09,220.18172344662707,224.8391416447206,220.14283719895346,220.8331756591797,27369800
2023-01-10,221.4554195666482,224.90715575496424,221.03732942473408,222.5152587890625,27033900
2023-01-11,224.88778730753359,229.41880007435188,224.7127769060333,229.24378967285156,28669300
2023-01-12,228.74782975392716,233.25939064495995,227.09488993594465,231.90786743164062,27269500
2023-01-13,230.4396879177981,232.74408004932297,228.41726187215806,232.6079559326172,21333300
2023-01-17,231.38282055332843,234.24144161412062,230.52717483814848,233.6969451904297,29831300
2023-01-18,234.88316097298835,235.6707371669467,229.00062672780834,229.2825927734375,30028700
2023-01-19,227.30882179875937,229.00066284863416,224.2946258083473,225.51002502441406,28623000
2023-01-20,228.35887954950178,234.07612098395265,228.01856190738903,233.5705108642578,35389800
2023-01-23,234.42620586269453,238.3835379806386,233.01633090813738,235.865234375,31934000
2023-01-24,235.78742231675506,237.19728228703622,233.78444699997308,235.34014892578125,40234400
2023-01-25,227.98941574229838,236.56527872989417,224.50851101400366,233.94973754882812,66526600
2023-01-26,236.90559786802248,241.43660948835614,235.30127691453504,241.13519287109375,33454500
2023-01-27,242.0977983186481,242.91454300523202,239.9975849790759,241.290771484375,26498900
2023-01-30,237.74178578895192,238.80162509755758,235.4957305884033,235.9916229248047,25867400
2023-01-31,236.71111179006792,241.0865482920522,236.22495217873632,240.95042419433594,26541100
2023-02-01,241.13517614830616,248.11642130402413,238.6752096108031,245.75369262695312,31259900
2023-02-02,251.65572121722164,257.36323150604915,250.12917259535388,257.2757263183594,39940400
2023-02-03,252.35574697610576,256.88675825123045,249.9832856273653,251.1986846923828,29077300
2023-02-06,250.31388153410032,251.1500618843591,247.72750865015405,249.66241455078125,22518000
2023-02-07,253.31831440266953,261.33021493867875,252.88075890318808,260.1537170410156,50841400
2023-02-08,265.63764785701306,269.0991022332483,258.84111568990085,259.34674072265625,54686000
2023-02-09,266.2209234306415,266.3959633974486,255.52541470786042,256.3227233886719,42375100
2023-02-10,254.29068170390744,256.7798168982394,253.4447686061317,255.81723022460938,25818500
2023-02-13,260.23156430688056,266.9988986544617,259.7551076492649,263.8096923828125,44630900
2023-02-14,265.12226795926784,267.3585900699576,261.82609189388216,264.6361083984375,37047900
2023-02-15,261.54621079213484,263.8953733913227,259.46022127566107,262.5209655761719,28922400
2023-02-16,257.35473852825965,260.00607263961115,255.28826321666222,255.53195190429688,29603600
2023-02-17,252.8416829602165,253.5239935288887,249.53724963369683,251.5452423095703,30000100
2023-02-21,248.0556248043542,249.04013678045015,245.23858371539185,246.29132080078125,28397400
2023-02-22,247.6754219276689,247.91911060638247,244.0200917469653,245.16055297851562,22491100
2023-02-23,249.1083064975943,250.35599131241563,244.15655088158258,248.3382568359375,29219100
2023-02-24,243.649683795455,244.66342210762315,241.8366395147742,242.92835998535156,24990900
2023-02-27,246.08658915391715,246.43750145661366,243.09408495125825,243.8446502685547,21190000
2023-02-28,242.78218154124548,245.141086337107,242.45075361028725,243.1233367919922,22491000
2023-03-01,244.42949575369053,244.59520227636006,239.58496345634046,240.0528564453125,27565300
2023-03-02,240.32578121944115,245.0533327272031,239.4095093951341,244.77066040039062,24808200
2023-03-03,245.8233473946352,249.1667482945005,245.04354079562174,248.84507751464844,30760100
2023-03-06,249.9562984955362,253.5531451126929,249.51766192910648,250.38519287109375,24109800
2023-03-07,249.82963402877948,251.1845574289097,246.99310897042966,247.73391723632812,21473200
2023-03-08,247.62670114600144,248.11407854265232,244.47824732823858,247.2952880859375,17340200
2023-03-09,249.36176055143883,253.0073336989174,245.22879516854297,245.9501190185547,26653400
2023-03-10,244.74141460422547,246.40823683070676,241.3492723748031,242.31427001953125,28333900
2023-03-13,241.15429996225072,251.3989810865607,239.5264614444424,247.50970458984375,33339700
2023-03-14,250.26825127577843,254.47919841708625,249.40072024994075,254.20626831054688,33620300
2023-03-15,253.41670934490338,259.75261418809725,252.6661292714571,258.7388610839844,46028000
2023-03-16,258.51466054625075,269.57813126600007,256.6333912973098,269.22723388671875,54768800
2023-03-17,271.2352859400092,276.177270273355,269.3442592079885,272.375732421875,69527400
2023-03-20,269.98756773899805,270.47494508940247,263.0375619626868,265.35748291015625,43466600
2023-03-21,267.9405526736913,268.05751846766043,262.7158524815854,266.8683166503906,34558700
2023-03-22,266.4979179833595,273.9450578612845,265.3087161087697,265.41595458984375,34873300
2023-03-23,270.9232901997897,273.9645197282161,268.2524721711086,270.6503601074219,36610900
2023-03-24,270.2409282951902,273.54536033168523,268.330417802735,273.48687744140625,28172000
2023-03-27,273.41866361100745,274.3544196920251,268.56437502402,269.4026794433594,26840200
2023-03-28,268.8275985161655,269.1687685997756,265.18199582572424,268.28173828125,21878600
2023-03-29,271.91751837517444,274.0425058819728,271.38141527658803,273.42840576171875,25087000
2023-03-30,277.05456782750633,277.2787423935812,274.3739921244632,276.87908935546875,25053400
2023-03-31,276.56721287359744,281.9673334920584,275.8556311020604,281.0218200683594,32766000
2023-04-03,279.28666261801845,280.9924830784479,276.7815660353918,279.978759765625,24883300
2023-04-04,279.9788398181857,283.11755155269356,278.45822466702356,279.9300842285156,25824300
2023-04-05,278.63360157573726,279.90077062602654,275.7775778065867,277.1617126464844,22064800
2023-04-06,276.0602584923825,284.7063275533511,274.91005513471964,284.23846435546875,29770300
2023-04-10,281.90881108908263,282.2889797177499,277.5224147425445,282.08428955078125,23103000
2023-04-11,278.5361465748028,278.7603508575734,274.5299191651681,275.6898498535156,27276600
2023-04-12,277.6003898328518,279.7643463826104,274.8418174679427,276.33319091796875,27403400
2023-04-13,276.4306715348985,282.58137108364906,276.02129123451107,282.52288818359375,24222700
2023-04-14,279.75462616341997,281.1972739689878,276.5281901717606,278.9163513183594,20987900
2023-04-17,282.6106635193612,284.2385171903197,278.93584848287077,281.5091857910156,23836200
2023-04-18,284.20931571514245,284.394521540501,279.76443540085984,281.090087890625,20161800
2023-04-19,278.7700813374877,281.7528282776957,277.3567049001675,281.1679992675781,17150300
2023-04-20,278.048779675469,281.7333512714664,277.88305828682746,278.8870544433594,23244400
2023-04-21,277.81477157468265,279.04294193709495,275.91398852390586,278.54583740234375,21676400
2023-04-24,274.9685142964532,277.75632784748706,271.6835961405842,274.6565856933594,26611000
2023-04-25,272.45369257019934,274.49092630001803,268.41819388016194,268.4669494628906,45772200
2023-04-26,289.2097093535968,292.00725036990406,285.33993229955405,287.91326904296875,64599200
2023-04-27,288.4981481341887,297.4951446738083,287.79632356423065,297.13446044921875,46462600
2023-04-28,296.335220680939,301.1309977099639,295.65288041191343,299.503173828125,36469600
2023-05-01,299.2205078090528,300.80936302886863,297.44644678158,297.8460998535156,21294100
2023-05-02,299.9905085390908,301.3746435203023,296.237697087883,297.6998291015625,26404400
2023-05-03,298.8792272280922,300.81897921071857,296.41309947358855,296.71527099609375,22360800
2023-05-04,298.5088623937183,299.9905085390908,295.74056268414336,297.6998291015625,22519900
2023-05-05,298.00205242307055,304.094270204725,296.58864599886385,302.8075866699219,28197100
2023-05-08,302.30061856381155,302.3688585182891,298.3626020452407,300.85797119140625,21318600
2023-05-09,300.22441891350263,302.21292664070313,298.5770812481338,299.2496643066406,21340800
2023-05-10,300.82881170640417,305.0982423493034,299.90281252520236,304.4256591796875,30078000
2023-05-11,302.27140061196803,303.26563957263573,298.52834660179957,302.2811279296875,31680200
2023-05-12,302.7100210129512,302.8075024197668,298.85975829449876,301.169921875,19774700
2023-05-15,301.2966855922646,302.0764774582507,299.82479646702666,301.6475830078125,16336500
2023-05-16,302.0083012188199,305.79035503595617,302.0083012188199,303.8700866699219,26730300
2023-05-17,305.0715994717328,307.1621190650021,303.5574089684494,306.7420654296875,24315000
2023-05-18,307.2598287418547,311.665592368816,306.4685537852504,311.1575927734375,27276000
2023-05-19,309.4187276052405,311.38227715164794,309.05728471229986,310.98175048828125,27546700
2023-05-22,311.2357518358931,315.1335157612651,310.65939292099665,313.756103515625,24115700
2023-05-23,312.63269496953484,315.26051959828607,307.9631830299581,307.97296142578125,30797200
2023-05-24,307.4551840291494,309.18426063109985,305.384161727715,306.59552001953125,23384900
2023-05-25,315.76852037752286,319.34392557451787,312.60342028701615,318.3865966796875,43301700
2023-05-26,316.53043497879963,325.69362591247574,316.3936865085404,325.1954345703125,36630600
2023-05-30,327.4813593124993,327.9795506793169,322.88020682779495,323.55426025390625,29503100
2023-05-31,324.6093167826368,328.1749431768424,319.76394285514135,320.7994689941406,45950600
2023-06-01,318.396295279445,325.8206313081567,317.21427212946173,324.892578125,26773900
2023-06-02,326.5240179212979,329.6988961808169,324.86330044529166,327.6474304199219,25873800
2023-06-05,327.4716288893014,330.7344235831456,326.924575276692,328.17498779296875,21307100
2023-06-06,327.57907961755546,327.61816339427435,324.4921469370549,325.96722412109375,20396200
2023-06-07,323.9840754044963,326.7584266923508,315.04557889593144,315.9052429199219,40717100
2023-06-08,316.45235552980716,319.0899588404042,315.8759965452041,317.7418518066406,23277700
2023-06-09,317.4780989455627,322.3625278277662,316.9115183125898,319.23651123046875,22529000
2023-06-12,320.9850692837771,324.4237258036258,317.6441371021866,324.17950439453125,24260300
2023-06-13,326.738912078587,329.1909043563213,322.75323214002157,326.5630798339844,22951300
2023-06-14,326.61194558065387,331.2033200737011,325.1173117243528,329.5426025390625,26003800
2023-06-15,329.6793438273172,341.75363483053593,329.40581706772855,340.0538635253906,38899100
2023-06-16,343.19939555884866,343.3459224105444,334.04598387273194,334.41717529296875,46552000
2023-06-20,331.4670609717045,334.1730234363889,328.0967936208768,330.2361755371094,26375400
2023-06-21,328.59502188215436,329.92360187076076,324.39442550484875,325.8499755859375,25117800
2023-06-22,326.3969713207667,332.2582841920234,325.6350018399905,331.8577575683594,23556800
2023-06-23,326.6314055883412,330.1481991797799,325.7424660612822,327.2761535644531,23146900
2023-06-26,326.00628855643646,328.34102981665524,320.8971657453209,321.004638671875,21520600
2023-06-27,324.18919728458985,328.38004429209786,321.68837287006505,326.8365783691406,24354100
2023-06-28,326.924509469394,330.1677765285819,326.0941508206252,328.0870056152344,20259500
2023-06-29,326.97334345829574,328.3409772213773,324.93165630266327,327.30548095703125,16997000
2023-06-30,329.94315115449086,334.8080527610433,329.4058759346282,332.6686706542969,26832800
2023-07-03,331.3497340254886,333.0201995750263,328.79029925742486,330.1774597167969,12508700
2023-07-05,327.3445342470537,333.75290026498266,326.99286980308096,330.33380126953125,18172400
2023-07-06,329.5034469606341,335.0619274987614,327.7450650936466,333.3816833496094,28161200
2023-07-07,331.47685037654594,333.8897591570252,329.210468483103,329.4253845214844,21214800
2023-07-10,326.86590410565805,327.4813467591402,320.017927004541,324.159912109375,32791400
2023-07-11,323.4077439781263,325.1661261312258,319.441590831674,324.78515625,26698200
2023-07-12,328.8196854554752,333.75294560855826,327.91118903960694,329.40582275390625,29995300
2023-07-13,331.711242452727,335.79461674267833,331.1837159282275,334.7395935058594,20567200
2023-07-14,339.55560494875635,343.30684144362357,336.3514219127962,337.2599182128906,28352700
2023-07-17,337.689815809939,338.9695335941496,334.29027291358,337.7386779785156,20363900
2023-07-18,337.8363418414127,358.30210756551196,334.2609666964125,351.18060302734375,64738600
2023-07-19,353.388368189592,354.0819486228708,344.293565577068,346.8725280761719,39732900
2023-07-20,345.3974402048797,349.6957307761419,337.3869665581141,338.852294921875,33778400
2023-07-21,341.07959326630163,342.20300571747845,331.97501253322577,335.8239440917969,69405400
2023-07-24,337.85585009967554,338.9011247209187,334.3976671440658,337.1329345703125,26678100
2023-07-25,339.0867071747874,343.75624842360725,337.0938822455354,342.8672790527344,41637700
2023-07-26,333.547829841797,336.70318113968654,325.4103558990967,329.962646484375,58383700
2023-07-27,332.61003601882766,333.4403649695194,321.444210409782,323.07562255859375,39635300
2023-07-28,325.95736258940354,332.1508124109677,325.46891989231955,330.5487060546875,28484900
2023-07-31,329.13228102338303,329.89425053304086,325.6545411607463,328.1553955078125,25446000
2023-08-01,327.4422614370604,330.7148339075202,325.9867115450311,328.565673828125,18311900
2023-08-02,325.9183364890345,325.9183364890345,318.8163593371292,319.9300231933594,27761300
2023-08-03,318.46465754141326,322.25497786737617,318.41582519365545,319.1094055175781,18253700
2023-08-04,324.20878906184083,327.393445572908,319.67602568873457,320.20355224609375,23741500
2023-08-07,320.77996468566107,323.4566220651156,319.9496058467817,322.479736328125,17741500
2023-08-08,319.4024887084689,321.151122177393,315.5340303066097,318.5135192871094,22327600
2023-08-09,318.9239076298751,319.5490990381871,313.6291734879443,314.78192138671875,22373300
2023-08-10,318.4841791092021,320.67242275810133,313.75605717646994,315.4656066894531,20113700
2023-08-11,312.8573931698293,314.9576912566164,311.8316453980151,313.5900573730469,24355500
2023-08-14,313.9612471638397,316.5695147707091,312.68149972344554,316.54998779296875,18836100
2023-08-15,315.53404351386234,317.5757308061961,313.482577825794,314.4203796386719,16966300
2023-08-16,314.0483443153716,317.59218190962685,313.0693905863645,313.6567687988281,20698900
2023-08-17,313.79385086017476,315.0958462335388,309.55496429159837,310.21087646484375,21257200
2023-08-18,307.8711670676138,311.679311641093,304.9930405423695,309.8193054199219,24755000
2023-08-21,311.23880256380994,315.9769357985516,310.3675491383052,315.1056823730469,24040000
2023-08-22,318.6494900944686,319.2172702035748,314.69450802744353,315.6734619140625,16084600
2023-08-23,317.00485374224843,322.2716304158125,316.65241480901244,320.117919921875,21166400
2023-08-24,325.84476921608996,325.97203798658785,313.2260407459276,313.23583984375,23281400
2023-08-25,314.70426538436715,318.5123799630537,312.09044570865603,316.1824951171875,21684100
2023-08-28,318.8060700154935,319.2857477751521,314.94898999316615,316.8873291015625,14808500
2023-08-29,315.1056925945481,322.056271402599,315.1056925945481,321.4982604980469,19284600
2023-08-30,321.75273907140877,322.86873080054954,319.57946057224274,321.8702087402344,15222100
2023-08-31,322.2716344766663,323.94563727355137,319.9025529034829,320.8619384765625,26411000
2023-09-01,324.33720272503615,325.00288418337306,319.9025429102048,321.74298095703125,14942000
2023-09-05,322.07580143984785,327.8026871669536,321.74296073160247,326.530029296875,18553900
2023-09-06,326.3636224074877,327.42087936565457,323.23095829944674,325.8741455078125,17535800
2023-09-07,324.31760527996926,326.06991103130065,322.10516018294953,322.9666442871094,18381000
2023-09-08,323.1428437260037,329.08510023164433,322.52609807587226,327.23486328125,19530100
2023-09-11,330.1423571352341,331.29754527961506,328.3704532160462,330.82763671875,16583300
2023-09-12,328.7522562072044,329.70184254177326,324.5036005080368,324.7874755859375,17565500
2023-09-13,324.33721264984047,329.76062559468676,324.2001746396606,328.98724365234375,16544400
2023-09-14,332.01225822101816,333.686261272047,329.48656993131334,331.5717468261719,20267000
2023-09-15,329.829144347891,330.29902307578516,322.71213073688756,323.2701416015625,37679800
2023-09-18,320.9010301881777,323.4463159361462,319.4913343854658,322.134521484375,16834200
2023-09-19,319.3053983263758,322.45763099664185,317.6803313099975,321.7331848144531,16505900
2023-09-20,322.5750579775089,322.65336113195434,313.7644742751729,314.01898193359375,21436500
2023-09-21,312.540838460042,318.50266425545,308.3704851953978,312.8051452636719,35560400
2023-09-22,314.5574539286877,314.68472270748657,309.49624944861836,310.3381652832031,21447900
2023-09-25,309.92700700519936,310.98429393163934,308.3704739123921,310.8570251464844,17836000
2023-09-26,308.4977412546043,309.23195666524725,303.49527138826676,305.5706787109375,26297600
2023-09-27,305.7272625333357,307.6851701509051,303.1722074325514,306.20697021484375,19410100
2023-09-28,304.4448112128742,308.8403337798226,302.93724397750015,307.0390625,19683600
2023-09-29,311.06255226407086,312.74635389934775,308.3508611473558,309.1046447753906,24147300
2023-10-02,309.62352913697714,315.1154758886586,308.5466739037748,315.02734375,20570000
2023-10-03,314.0777307403494,314.6259723470464,304.66020007739525,306.7943420410156,21033500
2023-10-04,307.420865686593,313.3043876816742,307.3914982671209,312.2471008300781,20720100
2023-10-05,312.37442608711734,313.2457094811614,308.27260646582175,312.63873291015625,16965600
2023-10-06,309.8878196065806,322.2618102249638,309.6430811517103,320.3724365234375,25673600
2023-10-09,317.91529734513176,323.34847985310256,316.3783324634904,322.87860107421875,19891200
2023-10-10,323.9945568948938,324.13162477364205,320.7738202479149,321.4786682128906,20557100
2023-10-11,324.23927254305164,325.81540366125716,322.21286092721374,325.423828125,20063200
2023-10-12,323.6127894514465,326.6083859172805,321.8017188086289,324.19036865234375,19313100
2023-10-13,325.3846793916084,326.8041445225291,319.49135820401887,320.8325500488281,21072400
2023-10-16,324.08262791660326,329.06552880865223,323.6421166530187,325.6391906738281,22158000
2023-10-17,322.65339394249423,326.4419405397074,320.51928173209353,325.0714111328125,18338500
2023-10-18,325.4923600401383,328.5271229876209,321.3905409680336,323.1624450683594,23153600
2023-10-19,325.1595033838665,329.78996567974724,323.9456102144574,324.34698486328125,25052100
2023-10-20,324.7385967213242,324.93439945615916,318.60056637565555,319.7948913574219,25027700
2023-10-23,318.620120705819,325.7273354388913,317.56286365993043,322.38909912109375,24374700
2023-10-24,324.3273920928105,324.8560355263617,320.70528084515973,323.5736083984375,31153600
2023-10-25,337.7586388732426,338.9138270951405,330.51438652342347,333.5002136230469,55053800
2023-10-26,333.37295718073534,334.4400133073603,320.0591786565096,320.98919677734375,37828500
2023-10-27,323.47569046023347,329.63331810351394,321.4884154812009,322.8687438964844,29856500
2023-10-30,326.39299310170355,332.3058824741977,324.84622935304117,330.2109069824219,22828100
2023-10-31,331.71846460217154,331.8653016809535,327.6460136572754,330.9940185546875,20265300
2023-11-01,332.6387611479277,340.1081843444484,332.5016932588563,338.7865905761719,28158800
2023-11-02,339.9318795140481,341.4884123407966,337.51386263532146,340.9891662597656,24348100
2023-11-03,342.27161121053757,346.9314407134558,340.01999961550734,345.3748779296875,23637700
2023-11-06,346.0112936490332,350.0152118128962,345.9133922766887,349.0264587402344,23828300
2023-11-07,351.8359771725129,354.83157330344505,350.10323976353783,352.94219970703125,25833900
2023-11-08,354.067970995073,356.2118820120091,352.96174852168724,355.5559997558594,26767800
2023-11-09,354.67503966552624,357.1126555604283,352.77586642224657,353.09893798828125,24847300
2023-11-10,353.8819973228906,362.3108050217642,353.47085345970584,361.8898620605469,28042100
2023-11-13,360.4704270478989,360.7151655370174,358.1992466988061,358.96282958984375,19986500
2023-11-14,363.20168005612413,364.1218990717547,359.61870535436486,362.47723388671875,27683900
2023-11-15,364.20368992773217,366.0184363495822,360.1131537221127,362.6243896484375,26860100
2023-11-16,363.88979560921166,369.17708096054344,363.1246629725075,369.0005187988281,27182300
2023-11-17,366.4892506146671,367.2347751466243,360.00524677898665,362.8009338378906,40157000
2023-11-20,364.1448242296059,371.6490149349355,363.9290160684621,370.24627685546875,52465100
2023-11-21,368.5100468166504,369.0495522871196,364.0467481750121,365.9595947265625,28423100
2023-11-22,370.79563367244174,372.5515261398846,367.82338415552084,370.64849853515625,23345300
2023-11-24,370.1383806452385,370.766197129462,367.99014782412655,370.2364807128906,10176600
2023-11-27,369.5988734413345,373.38532049617334,369.02994094912424,371.39398193359375,22179200
2023-11-28,371.1389683050371,375.7003371685908,370.95258715281994,375.40606689453125,20453100
2023-11-29,376.44584793002184,376.97553440384473,370.24629493974936,371.6294250488281,28963400
2023-11-30,371.2762546529022,372.8457658390955,368.313824366715,371.6882629394531,30554400
2023-12-01,369.579278745005,370.9525899274523,364.23313921740737,367.3721618652344,33040500
2023-12-04,362.0652461744231,362.47722453595185,355.9834013927852,362.1044921875,32063300
2023-12-05,359.46575623768496,365.9693683802573,358.65155863650625,365.4200439453125,23065000
2023-12-06,366.420583640083,367.0483700977194,361.0155910074396,361.7709045410156,21182100
2023-12-07,361.2118749800961,364.3705058457687,359.33827428643895,363.8800354003906,23118900
2023-12-08,362.1633422956095,367.3230703614092,361.2118285564288,367.09747314453125,20154400
2023-12-11,361.45700631839355,364.5175362281922,359.1223628796305,364.2232360839844,27708800
2023-12-12,363.78190900979564,367.28387492110465,363.3993277208236,367.24462890625,24838300
2023-12-13,368.8533179256787,370.44246703468053,363.7033791572921,367.2347717285156,30955500
2023-12-14,366.19491241727235,366.6363476368438,357.1898853998235,358.95556640625,43277500
2023-12-15,359.8580993724713,365.30230824664153,359.2989559925913,363.6641540527344,78502300
2023-12-18,362.408614614865,365.89094271187565,361.6532709896756,365.547607421875,21802900
2023-12-19,364.4096508615579,366.14593505859375,362.7911046946417,366.14593505859375,20603700
2023-12-20,367.85283078495934,368.8631986960778,363.46802384456504,363.5563049316406,26316700
2023-12-21,365.45929104730993,367.2740374598463,362.98733108269056,366.4206237792969,17708000
2023-12-22,366.55795515551875,368.02936637236263,365.60644137118885,367.4407958984375,17107500
2023-12-26,367.852803392138,369.7558309565617,366.38139217856946,367.519287109375,12673100
2023-12-27,366.56772847108294,367.9116124252774,365.7044958750045,366.94049072265625,14905400
2023-12-28,368.2157224809446,369.2849443001597,367.0287925621367,368.12744140625,14327000
2023-12-29,368.8337398258849,369.9716347431921,366.361779793351,368.87298583984375,18730800
2024-01-02,366.73448635273246,368.7356138207432,359.779620180644,363.8014831542969,25258600
2024-01-03,361.97695939537715,366.1459576250118,361.48648901542015,363.5366516113281,23083500
2024-01-04,363.6053166389914,365.9889954484458,360.1720240549271,360.9273376464844,20901500
2024-01-05,361.93765449152664,364.9687573541536,359.514730011339,360.74090576171875,21004600
2024-01-08,362.26139076236115,368.04896487668356,361.9769395114855,367.5486755371094,23134000
2024-01-09,364.91979160608497,368.8239167777909,364.1154129764403,368.62774658203125,20830000
2024-01-10,369.1967157740048,376.84807263186053,369.14768070417387,375.4747314453125,25514200
2024-01-11,378.64317007041507,383.2339660876797,373.1302872544769,377.2992858886719,27850800
2024-01-12,378.14285622037966,381.27205974083927,377.31886954764786,381.0660705566406,21661200
2024-01-16,386.1571295021332,386.5200727807335,380.2322391394401,382.83172607421875,27202300
2024-01-17,380.5854353256014,382.6748141545887,377.4758397118604,382.0470275878906,22234100
2024-01-18,384.2541423864291,386.4808672893111,382.68463107425833,386.3631591796875,23392100
2024-01-19,388.21711414753673,391.0716552734375,386.0001785110236,391.0716552734375,29331100
2024-01-22,392.3959014424087,392.98447186970276,386.088459710553,388.95281982421875,27016900
2024-01-23,388.2073142541726,391.7681340805433,386.4219948473302,391.2972717285156,20525900
2024-01-24,393.8870242835594,397.8990690426862,392.8178022760999,394.8875732421875,24867000
2024-01-25,396.613997943498,399.25273113363767,394.858105500646,397.15350341796875,21021200
2024-01-26,396.66300059602537,398.4287118822507,394.75997317345707,396.23138427734375,17803300
2024-01-29,398.3208248033987,402.16612596865383,396.6237864171102,401.91107177734375,24510200
2024-01-30,404.4026167586847,405.1775383466925,398.7033537683388,400.80255126953125,33477600
2024-01-31,399.2037024045015,407.4043839387936,389.6395285786488,390.0024719238281,47871100
2024-02-01,394.1714429462631,400.2238610760148,394.1420159186215,396.08428955078125,30657700
2024-02-02,396.11370188933375,404.7852149654356,395.86846668943514,403.3824768066406,28256700
2024-02-05,402.08760781050484,403.32360273614995,396.290244380319,397.9186096191406,25352300
2024-02-06,398.1442695260025,400.1944322717671,395.23087405866585,397.7616882324219,18382600
2024-02-07,399.67453429921477,406.4037740259386,399.6352882839393,406.1585388183594,22340500
2024-02-08,406.15852265638233,407.6397528307197,404.66750343056947,406.2173767089844,21225300
2024-02-09,407.3356331031592,412.799480086422,407.17867899598485,412.53460693359375,22032800
2024-02-12,412.54446380988065,412.7210259706923,406.8452001103824,407.3454895019531,21202900
2024-02-13,397.22219404093613,402.25442543992307,395.70174768308635,398.5758972167969,27824900
2024-02-14,401.03275815392834,402.77222335184723,397.59311635632974,402.4282531738281,20401200
2024-02-15,401.1015670196542,402.07448469518283,397.3179549607251,399.5487976074219,21825500
2024-02-16,400.9246260176193,401.24895188558764,396.4825852713034,397.0918884277344,22296500
2024-02-20,396.28606324841394,397.5145068330212,391.1462744848481,395.8438415527344,24307900
2024-02-21,393.2690069492409,395.35244235543763,390.3698682526408,395.24432373046875,18518900
2024-02-22,403.1161813071161,405.710638303165,401.52412337910727,404.5509948730469,27009900
2024-02-23,408.5016799323737,408.6883757427927,401.9172111140197,403.2635803222656,16295900
2024-02-26,404.36425308702184,405.05219339501383,400.33495269298504,400.5118713378906,16193500
2024-02-27,400.9541264549498,401.27845233828214,396.88553712565647,400.45294189453125,14835800
2024-02-28,401.1408405413653,402.24152110085487,398.33017625490425,400.68878173828125,13183100
2024-02-29,401.59296996753153,407.05708472019194,398.91987548490425,406.5067443847656,31947300
2024-03-01,404.17756158377745,408.6982397267373,403.7943028017663,408.3346252441406,17823400
2024-03-04,406.3101908967546,410.15276617969135,405.2095102002069,407.7646789550781,17596000
2024-03-05,406.8211614689715,407.1061687535314,393.7308905561475,395.7062072753906,26919200
2024-03-06,396.0207434176088,398.1729790488092,391.5197391699057,395.1559143066406,22344100
2024-03-07,399.1163813277323,402.71326755552275,395.30328784063323,402.0843200683594,18718500
2024-03-08,400.92464441897226,403.3422428484954,397.35723965535834,399.21466064453125,18002200
2024-03-11,396.7971025481086,398.68397503984977,394.34021545583295,397.5439758300781,16120800
2024-03-12,400.59053286353617,408.40344602882556,399.7748595225906,408.1184387207031,22457000
2024-03-13,410.88979275530687,410.96839994406946,404.3544792559954,407.9415283203125,17115900
2024-03-14,412.9928335922281,420.4421311587594,410.7816354740665,417.886962890625,34157300
2024-03-15,412.0592402980969,415.31215606424155,405.6713345351322,409.2387390136719,45079900
2024-03-18,407.10616562272253,413.4744273628243,406.6442696787311,410.12322998046875,20106000
2024-03-19,410.6243607307359,414.39816496544705,408.38368133647776,414.14263916015625,19837900
2024-03-20,414.7225719478996,418.6142729932591,413.40568396768447,417.8968811035156,17860100
2024-03-21,422.4174518440492,423.3903994195494,419.79351351352574,421.96539306640625,21296200
2024-03-22,422.2897491598315,422.446963535343,418.7223444405752,421.3462829589844,17648500
2024-03-25,417.9066185646381,420.03920955948905,414.33921403828305,415.5676574707031,18060500
2024-03-26,418.2702405050307,418.64369211377476,414.08372560652526,414.3785400390625,16725600
2024-03-27,417.12045509904823,417.13029224439015,411.7841036640323,414.162353515625,16705000
2024-03-28,413.70045116356334,414.59476162825587,411.89218593509474,413.464599609375,21871200
2024-04-01,416.6388963047316,420.5109524938084,414.9387197575333,417.2481994628906,16316000
2024-04-02,412.8650690915943,415.0959414899842,410.6342266844982,414.1721496582031,17912000
2024-04-03,412.49166464341647,415.96078773337547,411.8626872035861,413.1992492675781,16502300
2024-04-04,417.66098731056826,421.27754806630895,410.368962888124,410.6736145019531,19370900
2024-04-05,412.76683489834704,419.1547408159618,411.10597696046364,418.1817932128906,16554800
2024-04-08,417.8378673566601,419.91146556821536,416.00009070624833,417.2678527832031,14272400
2024-04-09,419.08598583198443,420.3635551563133,414.3491001983128,418.9287414550781,12496900
2024-04-10,414.90926057255786,416.71752584552905,412.46221066374153,415.9608154296875,16216600
2024-04-11,418.4766641791292,421.96543178968227,415.076310912024,420.5502624511719,17966400
2024-04-12,416.7371231732088,417.8476407951663,412.53093421008157,414.62420654296875,19253800
2024-04-15,419.2432392766727,419.45944655068297,406.30034426550657,406.5067443847656,20273500
2024-04-16,407.42067380289205,411.1846115754289,406.59516335126955,407.43048095703125,16765600
2024-04-17,410.0544389834795,411.65633410094387,403.25376259314334,404.73773193359375,15855500
2024-04-18,403.54861503604855,404.78689570186344,396.98382006074763,397.29827880859375,21029900
2024-04-19,397.0623898394721,398.4873961854359,390.9103356715456,392.237060546875,30565800
2024-04-22,393.1804896634458,395.9027393940693,388.9251749817352,394.0453186035156,20286900
2024-04-23,397.2688218184954,401.1605527245356,396.10917826173034,400.5414123535156,15734500
2024-04-24,402.4970536697523,405.3568737379943,399.76499652417516,402.00567626953125,15065300
2024-04-25,387.2348667133991,392.9938253486681,381.3383380037112,392.1584777832031,40586500
2024-04-26,405.06201771927783,405.8776909237546,398.7625564960581,399.3128967285156,29694700
2024-04-29,398.2614054374624,399.3129603314087,392.3059134087563,395.3131408691406,19582100
2024-04-30,394.5662389705951,395.2246979226767,382.45872189410846,382.6159362792969,28781400
2024-05-01,385.83931510454033,394.79222617325195,383.5789912516123,388.129150390625,23562500
2024-05-02,390.80226783236736,393.0331103770738,387.84416635932274,390.9791564941406,17709400
2024-05-03,395.3425632659736,400.1285739017596,394.9297930918896,399.64703369140625,17446700
2024-05-06,401.71081997342634,406.79164496723695,399.3620218492585,406.40838623046875,16996600
2024-05-07,407.50911609687097,407.5189532422579,402.03516456718575,402.2808532714844,20018200
2024-05-08,401.1309897393213,405.1209713289568,399.69614631705593,403.4601135253906,11792300
2024-05-09,403.48965172941627,405.60256858412407,402.04500095122404,405.20947265625,14689700
2024-05-10,405.8187609135271,408.2166849740278,404.698406069441,407.58770751953125,13402300
2024-05-13,410.80135374265615,411.13548678399485,403.7353441559508,406.5853271484375,15440200
2024-05-14,404.9145973369448,410.29026696650755,404.4527014093116,409.3763122558594,15109300
2024-05-15,411.4340293579302,417.25259039103736,410.81377223604346,416.53387451171875,22239500
2024-05-16,415.2736305334928,418.8376448328751,413.8460838814957,414.4761657714844,17530100
2024-05-17,416.00224831627656,416.3763735645946,411.56201978291415,413.7082824707031,15352200
2024-05-20,413.7082200976142,420.16671696584166,413.4916228836326,418.75885009765625,16272100
2024-05-21,420.22581467067795,426.27082729608003,418.2764696581723,422.4016418457031,21453300
2024-05-22,423.43539455106486,425.71950537683756,420.5212017999642,423.8587341308594,18073700
2024-05-23,426.2708490423147,426.89110613989686,418.8376788510908,420.3932189941406,17211700
2024-05-24,420.58025544710625,424.39037161476875,417.84327052223153,423.5043029785156,11855300
2024-05-28,422.9825388810405,424.15412896604386,419.999421868943,423.661865234375,15718000
2024-05-29,419.1034664398289,424.27223522977,419.1034664398289,422.5296325683594,15517100
2024-05-30,417.7349403773821,417.7349403773821,407.8305976923989,408.25396728515625,28394500
2024-05-31,410.3018082986228,410.3018082986228,398.25120211572766,408.7068786621094,47995300
2024-06-03,409.10073618383456,409.98680497957577,402.5930234279985,407.121826171875,17484700
2024-06-04,406.04859979558495,409.9965640062738,403.34114963612075,409.6322937011719,14348900
2024-06-05,411.3453510614717,417.51832644992857,409.85870521580796,417.4494323730469,16988000
2024-06-06,417.44944957036887,418.7293231019465,414.0724979392672,417.9515380859375,14861300
2024-06-07,419.60557647742206,419.6843254469309,416.45507688003147,417.29193115234375,13621700
2024-06-10,418.1288206635897,421.45649821147657,417.3313558315188,421.249755859375,13982900
2024-06-11,418.8967715885156,426.1231998343133,418.67031944713443,425.9853515625,14551100
2024-06-12,428.5845392643159,436.53950862954696,426.5465600297357,434.2357177734375,22366200
2024-06-13,434.0289338170149,436.52964196122593,432.57182236972,434.74761962890625,15960600
2024-06-14,431.4986893853765,436.2835084137765,429.9628289677156,435.7223205566406,13582000
2024-06-17,435.741958721063,443.9627681496181,433.9008973733048,441.4325256347656,20790000
2024-06-18,442.75175102475714,443.17512058616063,438.00635240878705,439.43389892578125,17112500
2024-06-20,439.3945559147101,439.6210080275433,434.4423844149745,438.8038635253906,19877400
2024-06-21,440.45791031268766,443.6083802322018,439.60137620942794,442.8207702636719,34187100
2024-06-24,442.8404263927747,445.74479433203504,439.5028940256874,440.743408203125,15913700
2024-06-25,441.3143898379412,444.4353547941903,439.83759879553867,443.9726257324219,16413400
2024-06-26,442.05279974277113,446.5816317625772,441.25533495755695,445.1639099121094,16507000
2024-06-27,445.1835541624589,449.11183858084996,444.7798943577927,445.84320068359375,14806300
2024-06-28,446.059848949654,448.3341049043701,439.50289267468526,440.0345458984375,28362300
2024-07-01,441.71806471797646,450.2932899171113,438.7644825324962,449.6632080078125,17662800
2024-07-02,446.18788351342585,452.47899873460125,446.0992495967908,452.1737976074219,13979800
2024-07-03,451.1005881786126,453.88678735468443,450.79538710423196,453.6406555175781,9932800
2024-07-05,452.49864781422883,461.1034381760004,451.86856586852235,460.3256530761719,16000300
2024-07-08,459.33123257528905,460.46346308739743,457.2735739768986,459.0260314941406,12962300
2024-07-09,459.77431483044427,460.09919566591896,450.9135678636905,452.42974853515625,17207200
2024-07-10,454.0837473649462,459.24266153927346,451.76024698147666,459.0359191894531,18196100
2024-07-11,455.81649732303464,457.5886345893225,444.5633265323156,447.66461181640625,23111200
2024-07-12,447.30037044160537,449.29896008528294,443.67731641534965,446.5324401855469,16324300
2024-07-15,446.2863044349352,450.18505497376174,444.4452428142979,446.93609619140625,14429400
2024-07-16,447.19204922721934,447.27079820143007,439.7490242805094,442.56475830078125,17175700
2024-07-17,435.74195902538145,437.9670004651751,432.38471713490526,436.6575622558594,21778000
2024-07-18,437.46491051123894,437.7701116080265,427.6787055457858,433.55633544921875,20794800
2024-07-19,426.39880643244663,434.31441483454387,425.3158203253179,430.34674072265625,20940400
2024-07-22,434.95434740544323,437.72086686190295,432.1189038234256,436.0865478515625,15808800
2024-07-23,437.0316974699668,441.45224583194545,436.24408758502966,437.9670104980469,13107100
2024-07-24,433.6351347306288,434.6491968195245,420.9740958851319,422.2638244628906,26805800
2024-07-25,422.1653800411885,423.1499075413269,411.0500861973103,411.9263000488281,29943800
2024-07-26,411.72938578526725,422.28352110182095,410.8137524352177,418.6899719238281,23583800
2024-07-29,424.90231413559286,425.46350195400487,418.1287909882396,420.12738037109375,15125800
2024-07-30,421.1020622928212,422.4114705197089,410.90234276735913,416.3763427734375,32687600
2024-07-31,413.99380325758636,415.25399722383173,405.83206207673004,411.8770751953125,42891400
2024-08-01,414.27930323794226,420.8460843318748,406.69843005351635,410.6562194824219,30296400
2024-08-02,406.10766494731143,408.57883813707474,398.08377329176966,402.1695556640625,29437900
2024-08-05,383.1485258419234,394.8348607957488,379.61404618021845,389.0359802246094,40709200
2024-08-06,393.8110126298072,399.3932969538089,392.3342213324454,393.4270324707031,24946500
2024-08-07,402.31727423535324,403.73496598996115,391.3200904199489,392.2652282714844,20650900
2024-08-08,396.2132187300544,399.58028569311574,393.7519001712231,396.4593505859375,20203000
2024-08-09,397.7785627439822,401.7363516629641,396.03596024402367,399.7377624511719,19276700
2024-08-12,400.76172633567404,402.43543495594565,397.98535182009545,400.5155944824219,16762900
2024-08-13,403.2525929980432,408.52967573215994,403.23291326546496,407.6042175292969,19414300
2024-08-14,408.3820014539116,411.25683501944593,406.06838582856113,410.4101257324219,18267000
2024-08-15,414.0495331175792,415.34158622213624,411.9388626649199,415.2626953125,20752100
2024-08-16,414.8386210132459,415.56847485047064,411.58380640221424,412.73779296875,22775600
2024-08-19,413.22102581055816,415.97281647426513,410.7552711189502,415.7558288574219,15234000
2024-08-20,415.92353667507666,420.0265262237166,415.86436096713305,418.9810485839844,16387600
2024-08-21,418.27090283610073,420.55913050260955,415.943244764668,418.3301086425781,16067300
2024-08-22,418.5470440541718,420.94378045645306,408.9306008917766,409.85772705078125,19361900
2024-08-23,411.2681797994915,413.51694694228206,406.4451490290269,411.0807800292969,18493800
2024-08-26,410.6665432369522,411.56408163461276,405.7054455704439,407.82598876953125,13152800
2024-08-27,407.2046168469379,408.68406980179446,404.6303831532702,408.17120361328125,13492900
2024-08-28,409.19692623598894,409.315277644923,401.73061382710534,404.9755554199219,14882700
2024-08-29,409.2561670075729,416.26875999773983,404.97561980648004,407.4610900878906,17045200
2024-08-30,409.90708149754283,411.7711764633265,406.4846126518204,411.4259948730469,24308300
2024-09-03,412.1854608426902,414.1284769320411,401.4544905684809,403.83148193359375,20313600
2024-09-04,400.34985575804666,405.6068322704441,398.8309422223781,403.29888916015625,15135800
2024-09-05,402.0363656944642,407.44131080829675,400.56678553175374,402.79583740234375,14195500
2024-09-06,403.4566777506577,405.0248942566708,395.30981392110493,396.197509765625,19609500
2024-09-09,401.6616132591262,403.0523026786457,396.64133973593033,400.1624450683594,15295100
2024-09-10,402.6084339185776,410.62704280907684,402.1152829853601,408.5262451171875,19594300
2024-09-11,409.80842324527,418.1821164133012,403.9695029843538,417.2451477050781,19266900
2024-09-12,417.51148327493246,421.51586685329676,414.00025068010603,421.15093994140625,17395700
2024-09-13,419.9969351521576,425.914746697553,419.6320082561189,424.6917419433594,15874600
2024-09-16,424.7015732808735,427.59143041386807,422.35417011362034,425.4314270019531,13834700
2024-09-17,434.1997005769437,435.79750485485505,426.3487157034463,429.18927001953125,18874200
2024-09-18,429.04136013434226,430.05724996700025,424.5142376703877,424.90875244140625,18898000
2024-09-19,435.1860014052933,435.452292084435,430.91529729082623,432.6807861328125,21706600
2024-09-20,431.23088727806737,433.2232061386539,428.27198178833163,429.3075866699219,55167100
2024-09-23,428.33121902605126,430.48135010026584,424.4945200082598,427.57177734375,15128900
2024-09-24,427.0687217553129,427.4139334394583,420.2632446802758,423.29119873046875,17015800
2024-09-25,423.94215074360574,427.1870925626301,422.69943076362244,426.19091796875,13396400
2024-09-26,429.1301061037402,429.3372210826113,423.251754987828,425.4018859863281,14492000
2024-09-27,425.60900874647825,425.9345052473445,421.61449786891575,422.1569519042969,14896100
2024-09-30,422.34436366886086,424.5241127227398,419.54326964937644,424.4057312011719,16807300
2024-10-01,422.5810498180969,422.6106376703255,413.07308530803846,414.9273376464844,19092900
2024-10-02,416.7914652693021,417.0281982052677,411.00187763203274,411.4161376953125,16582300
2024-10-03,411.90926344701154,413.8029462214933,408.61501874387466,410.8341979980469,13686400
2024-10-04,412.5109404707377,414.00026612845136,409.28574375388894,410.3608093261719,19169700
2024-10-07,410.3016170053712,411.39639773757887,403.3975032576847,403.93011474609375,20919800
2024-10-08,405.27145839926953,409.966265233936,402.57887338489604,409.0292663574219,19229300
2024-10-09,410.16348810998284,414.6215919010832,408.62485957486433,411.7415771484375,14974300
2024-10-10,409.54216908706456,411.63312440285347,407.49064417755886,410.143798828125,13848400
2024-10-11,410.4396908978323,411.41612015597997,407.589263932771,410.6172180175781,14144900
2024-10-14,412.0473616280092,418.2314942204609,411.8007861364326,413.39862060546875,16653100
2024-10-15,416.39697063938524,416.6928792987612,409.57177766327413,413.00408935546875,18900200
2024-10-16,409.4829836231505,410.65665522282575,404.85722518493617,410.4199523925781,15508900
2024-10-17,416.57450753710987,416.7126042679644,409.8972536844407,411.01177978515625,14820000
2024-10-18,411.42598973201757,413.9015870376485,410.55803924257515,412.4320068359375,17145300
2024-10-21,410.4199513395574,413.22104518863654,408.08242059822123,413.04351806640625,14206100
2024-10-22,412.75749822543423,424.68188532771023,412.3136804024992,421.6539611816406,25482200
2024-10-23,424.95801224079617,425.1749998576998,416.7421308498749,418.7837829589844,19654400
2024-10-24,419.5037443233538,420.14486459281426,416.61388718387514,418.9119873046875,13581600
2024-10-25,420.9142122484759,426.5952907757042,420.72681247783265,422.28515625,16899100
2024-10-28,425.74710969864265,426.02327304477956,420.46051551603273,420.7465515136719,14882400
2024-10-29,422.1372373224,427.2364316805858,419.9673609785876,426.03314208984375,17644100
2024-10-30,431.44797128826104,432.49344905360795,426.1811219516409,426.605224609375,29749100
2024-10-31,409.6703426075015,410.4594021869807,400.7344498042727,400.7837829589844,53971000
2024-11-01,403.40736208449033,409.80845197934053,401.9180365381017,404.74871826171875,24230400
2024-11-04,404.1864784886832,404.79801090779887,400.0144410053543,402.8648376464844,19672300
2024-11-05,402.7761220934701,409.21667261639857,402.49008610038965,405.82379150390625,17626000
2024-11-06,406.77066424480597,414.69066771455005,404.8966664565658,414.4243469238281,26681800
2024-11-07,415.5092700597973,421.0029789570154,414.12845339700306,419.6024169921875,19901800
2024-11-08,419.49390152577604,420.65773046119216,416.0023846199846,416.7519836425781,16891400
2024-11-11,416.7322894657105,418.99092936118404,410.301611581567,412.2840881347656,24503300
2024-11-12,412.5207686609151,418.6259798148705,411.485163708279,417.23529052734375,19401200
2024-11-13,415.86440800280457,423.4490430245243,412.4813691184813,419.3756408691406,21502200
2024-11-14,419.17829445283394,422.304884622317,414.24678510633004,421.04241943359375,30246900
2024-11-15,414.06929022111444,417.0084507566798,407.9739514183208,409.3153076171875,28247600
2024-11-18,409.18708769998454,412.6687324009395,406.4550421174999,410.0649108886719,24727000
2024-11-19,407.4511618868994,412.2150169012381,405.912533336808,412.06707763671875,18133500
2024-11-20,411.1596854793811,411.57394553855335,404.9558378403451,409.798583984375,19191700
2024-11-21,414.5818162626976,414.85853235917494,405.47980199521203,408.029541015625,20780200
2024-11-22,406.547145598137,412.50644943843054,406.2407824115055,412.11114501953125,24814600
2024-11-25,413.4749606494442,416.14328803070504,409.9863472135053,413.8801574707031,27691100
2024-11-26,414.6707766023476,424.0099980685231,413.93946191933657,422.9722900390625,23458900
2024-11-27,420.12605489536344,422.22122564388053,417.07228524559736,418.0309143066406,18332400
2024-11-29,415.16493646523105,419.8987878079345,412.90177557031507,418.49542236328125,16271900
2024-12-02,416.6275643373692,427.9235529659965,416.370602899235,425.92724609375,20207200
2024-12-03,424.80061260374794,427.3997836787713,422.72522667678595,426.1446838378906,18302000
2024-12-04,427.95320145991604,434.5153692878957,427.5578970490266,432.291748046875,26009400
2024-12-05,432.78587611481566,439.4468472719849,431.05639296725934,437.4307556152344,21697800
2024-12-06,437.1144989799139,440.8699661871766,436.59071386287525,438.36962890625,18821000
2024-12-09,437.4110061952819,443.0738089240489,435.3356203613735,440.7908935546875,19144400
2024-12-10,439.1800467406791,444.34871163189086,436.42274787532307,438.1324462890625,18469500
2024-12-11,438.84401807874156,445.0701760009867,438.84401807874156,443.7261047363281,19200200
2024-12-12,443.8446618873549,450.81202644259827,443.8446618873549,444.2893981933594,20834800
2024-12-13,443.1825414368637,446.13747735633456,440.3560560775405,442.0262451171875,20177800
2024-12-16,442.0262333394617,446.87867253224385,440.0595735829624,446.29559326171875,23598800
2024-12-17,445.7224537683285,449.9522746519603,444.2993336430134,449.1319885253906,22733500
2024-12-18,446.0287948744165,447.34318887069384,431.89642797238076,432.2621154785156,24444500
2024-12-19,436.4425256398133,437.98423408144293,431.2046739034814,431.9063415527344,22963700
2024-12-20,428.03224964237955,438.53762947103075,423.6047919913248,431.4813537597656,64263700
2024-12-23,431.6197693083459,432.5191043348879,427.7556054663108,430.1472473144531,19152500
2024-12-24,429.5541964268554,434.4461751355928,429.09959787026054,434.1793212890625,7164500
2024-12-26,433.9322924323696,435.7705018127553,431.5110338839644,432.9736633300781,8194200
2024-12-27,429.5048044431988,430.1175308072659,421.35152651661633,425.4825134277344,18117700
2024-12-30,421.0649252132939,422.53744699473475,416.95369289645987,419.8493347167969,13158700
2024-12-31,421.1044871129431,421.72710593306806,415.72826227096317,416.55841064453125,13246500
2025-01-02,420.54116958363784,421.0748471756245,409.98638702094667,413.6726379394531,16896500
2025-01-03,416.1433125624827,419.0587393010629,414.62138898974536,418.38671875,16662900
2025-01-06,422.98225030348175,429.2281636678101,420.4918049209047,422.8340148925781,20573600
2025-01-07,423.9704579117962,425.6011074871905,415.8665816173968,417.4181823730469,18139100
2025-01-08,418.49544017357744,421.96429936103294,416.5979667184096,419.5825500488281,15054600
2025-01-10,419.65166984768115,419.7307186624862,410.1543211903234,414.03826904296875,20201100
2025-01-13,410.3717691669062,413.5935589908242,407.456372689251,412.2989196777344,17604800
2025-01-14,412.91170951779225,414.81907549699406,405.90483432222504,410.79681396484375,16935900
2025-01-15,414.2161960548363,423.13043625280113,413.3662628653434,421.31201171875,19637800
2025-01-16,423.6739565648765,424.45467293276505,419.4144891834001,419.60223388671875,15300000
2025-01-17,429.00082793237107,429.386270141353,423.1502495011057,424.0001525878906,26197500
2025-01-21,425.1563998310193,425.8481750206776,420.61032363697626,423.476318359375,26085700
2025-01-22,432.4301508467356,442.02630472978717,430.88844231911156,440.9688720703125,27803800
2025-01-23,436.81803684476205,441.51234832669104,436.3238987940327,441.4728088378906,18389300
2025-01-24,439.94102216929423,441.4135440071518,436.225094129831,438.8539123535156,15549500
2025-01-27,419.03899970511213,430.09781275609777,418.53496919379126,429.4653015136719,35647800
2025-01-28,429.5048071593075,443.1232508667098,426.32255685114393,441.95709228515625,23491700
2025-01-29,441.45306462654537,441.6408395030523,435.23679935643304,437.1441650390625,23581400
2025-01-30,413.86037732807745,417.9024230144378,408.31616280623206,410.12469482421875,54586300
2025-01-31,414.06793377994285,415.7578774765854,410.04564278987584,410.1938781738281,34161900
2025-02-03,406.774468051233,410.53979775772405,403.8689337668832,406.1024475097656,25679100
2025-02-04,407.85165597310584,409.06724640338354,404.9362294867339,407.535400390625,20532100
2025-02-05,407.515689607161,408.97831905399164,405.5885389886856,408.4446716308594,16316700
2025-02-06,409.14636782700785,413.2971401442444,409.14636782700785,410.9450378417969,16309800
2025-02-07,411.59727657785896,413.7418190108213,403.31551731813784,404.9461669921875,22886800
2025-02-10,408.8597595122439,410.5892429521528,406.1024904859577,407.3872375488281,20817900
2025-02-11,404.83747842325164,407.65404147500567,404.50143797348676,406.6163635253906,18140600
2025-02-12,402.435914112503,405.93442005448907,399.6292135248499,404.2444763183594,19121700
2025-02-13,402.2283921851393,406.1814967766394,401.5958809737979,405.7268981933594,23891700
2025-02-14,403.00912053959007,404.1159849495273,401.1215095634391,403.6416015625,22758500
2025-02-18,403.2166455935164,405.78616946504144,401.7342314553049,404.8374328613281,21423100
2025-02-19,403.09811062253897,410.6188782021152,402.8707962337448,409.9073181152344,24114200
2025-02-20,411.24417583261857,415.2250013636158,408.52096684547683,412.07598876953125,23508700
2025-02-21,413.27418223243296,413.97725680128366,403.91626425407014,404.2331237792969,27524800
2025-02-24,404.5301894031576,405.38179653354615,395.4297185716828,400.0641174316406,26443700
2025-02-25,397.192427276834,398.004445961788,392.8352988072402,394.0235900878906,29387400
2025-02-26,394.13250979931917,399.66804717869115,390.40913086553707,395.83575439453125,19619000
2025-02-27,397.3607146060961,401.78716793671936,388.3493932994261,388.70587158203125,21127400
2025-02-28,388.83463352266693,393.7562160246685,382.8039671137811,393.1224365234375,32845700
2025-03-03,394.93464171120144,394.93464171120144,382.39797374435835,384.70526123046875,23007700
2025-03-04,379.6648014174362,388.75535997703025,377.2881889484286,384.82403564453125,29342900
2025-03-05,385.54695570418704,397.7568509049982,385.02212029604283,397.1131591796875,23433100
2025-03-06,390.43881857931865,398.2321421191711,388.8544001591339,393.0234069824219,23304600
2025-03-07,388.49795642753014,390.95377648794664,381.7840095954452,389.4783020019531,22034100
2025-03-10,382.08104715568106,382.6355890788174,373.5450301742595,376.4563903808594,32840100
2025-03-11,375.3076750122287,382.23947903620126,373.2380400086461,376.7435607910156,30380200
2025-03-12,379.2191817769769,381.46705577871995,375.2581511495961,379.5360412597656,24253600
2025-03-13,379.4271716632625,381.5661320778761,373.7728082450696,375.0799255371094,20473000
2025-03-14,376.08007458561946,386.42827981726157,375.8127158813028,384.7745361328125,19952800
2025-03-17,382.9327228246585,388.884151955574,381.8137266185015,384.9132385253906,22474300
2025-03-18,383.29909421372145,383.59615946585757,377.38725393405446,379.7836608886719,19486900
2025-03-19,381.77411012943475,385.8836741890137,380.2590168181109,384.04180908203125,19185500
2025-03-20,381.98206039861145,387.97313863322194,379.5460345045817,383.07135009765625,18470500
2025-03-21,379.4865617188815,387.92354654843615,379.0706401827953,387.4482421875,39675900
2025-03-24,391.54792412450786,391.54792412450786,386.012386704804,389.2505187988281,21004500
2025-03-25,390.08236222676067,392.4985634335279,388.81483346341923,391.3102722167969,15775000
2025-03-26,391.1518020411883,391.4587795188397,384.784452111458,386.1708068847656,16108400
2025-03-27,386.3293044381274,388.41873402068063,383.6258895962636,386.77490234375,13766800
2025-03-28,384.2992097422753,385.3389984995421,373.2578420054409,375.109619140625,21632000
2025-03-31,368.91063894364476,373.3965054432232,363.6622546184452,371.7328796386719,35184700
2025-04-01,371.00006183577835,379.120187514209,369.59391274714585,378.46661376953125,19689500
2025-04-02,374.2877562933966,381.3284750168948,372.95090216784337,378.4171447753906,16092600
2025-04-03,371.13872318254886,373.80251903809335,365.7517184220645,369.4750671386719,30198000
2025-04-04,360.5825648601157,370.94065262193254,355.97787229621173,356.3343505859375,49209900
2025-04-07,347.4616469003483,367.3856281525139,341.43098078163547,354.3736267089844,50425000
2025-04-08,364.6723484414274,370.00982228854286,346.8377957272636,351.1058044433594,35868900
2025-04-09,350.09575274548115,389.3990874327872,349.6600368937789,386.6857604980469,50199700
2025-04-10,378.33787067807094,380.1599412978202,364.21678559967916,377.6347961425781,38024400
2025-04-11,376.93173851590154,386.25003769690613,375.1987873888056,384.6656494140625,23839200
2025-04-14,389.38915847164185,390.8052198187617,380.46692636349223,384.0318603515625,19251200
2025-04-15,384.7250835584995,388.0721598970285,380.41745590518724,381.97216796875,17199900
2025-04-16,376.9614484928254,377.892263018399,364.4148689208335,367.98968505859375,21967800
2025-04-17,370.10883089247193,370.6732850580017,363.31567729138493,364.1969909667969,21120200
2025-04-21,359.28536510699473,360.92919678600947,352.2050274305898,355.62139892578125,20807300
2025-04-22,359.83984897446516,364.1870645763753,356.3541225187108,363.246337890625,19485000
2025-04-23,372.3963282706759,376.68416126561135,369.38593623911186,370.74261474609375,20545500
2025-04-24,372.0398293104223,384.6656149627633,371.53478821384334,383.52679443359375,22232300
2025-04-25,383.2297451406492,388.33947870228997,380.8531326101871,388.0325012207031,18973200
2025-04-28,388.1414373128656,388.91383718504306,382.8732888048125,387.3492431640625,16579400
2025-04-29,387.4878753983452,391.2508732709842,386.5768551213708,390.2012023925781,14974000
2025-04-30,386.49757125114587,392.79562598704683,380.69467558939255,391.4092712402344,36461100
2025-05-01,426.90997818196183,432.73269823374693,420.7604863894309,421.255615234375,58938100
2025-05-02,427.533877248033,435.1588741169636,425.80092616148227,431.0393981933594,30757400
2025-05-05,428.652877068793,435.2182909345157,427.9002714913439,431.9207458496094,20136100
2025-05-06,427.98939046931366,433.4655143471482,426.9694262460728,429.08856201171875,15104200
2025-05-07,429.61342097536215,433.8517229596541,426.9100064238295,429.1282043457031,23295300
2025-05-08,433.66356271096413,439.3476626606329,431.41568853142036,433.9012451171875,23491300
2025-05-09,435.7133964534002,436.4461774951318,431.6335394854884,434.4557800292969,15324200
2025-05-12,441.5955462250109,444.9921230759706,435.4955548202822,444.8832092285156,22821900
2025-05-13,443.4176075446257,446.27946690563454,441.0211705280613,444.7643737792969,23618800
2025-05-14,443.7741186799948,449.4779827199474,443.7741186799948,448.52734375,19902800
2025-05-15,447.1979616790238,452.57502540604634,446.860659567107,449.5392761230469,21992300
2025-05-16,448.4678177382938,450.7595102326154,445.17414935289,450.67022705078125,23849800
2025-05-19,447.3070896149787,455.9480603525366,447.2277066057748,455.2337646484375,21336500
2025-05-20,451.9797952414424,454.7080036018212,450.719869916101,454.53936767578125,15441800
2025-05-21,450.967885651573,454.1524403651085,448.22974686474834,448.9837341308594,19216900
2025-05-22,451.3448676580097,456.6028569421555,450.30316997101943,451.25555419921875,18025600
2025-05-23,446.4142434023006,450.0948358464348,445.3527151156796,446.6126403808594,16883500
2025-05-27,452.86273735527834,457.29731705224054,452.5055743512772,457.03936767578125,20974300
2025-05-28,457.56517641086623,458.8548627693229,453.3091629867606,453.7357482910156,17086300
2025-05-29,457.89257129241645,458.0612374989779,451.702028016876,455.0453186035156,13974800
2025-05-30,456.07706236471586,458.0215223462663,451.9301930198663,456.71197509765625,34770500
2025-06-02,453.51752207653715,458.44810948050275,453.2695031394806,458.3092346191406,16626500
2025-06-03,457.8131864599202,460.4620419695056,457.20800452370844,459.3013000488281,15743800
2025-06-04,460.3231275179124,461.9997378828715,459.35088242690273,460.19415283203125,14162700
2025-06-05,461.2755213187348,465.92835889810493,460.35289815926444,463.9739685058594,20131700
2025-06-06,466.3648774509946,469.58912358157227,465.0652606634985,466.652587890625,15285600
2025-06-09,465.9779957450024,469.67841894667356,464.90653697170796,469.0038146972656,16469900
2025-06-10,467.45617352695865,469.0534009468453,463.25968221899245,467.1883239746094,15375900
2025-06-11,466.29541399515057,471.7022387212418,465.93828127215454,468.87481689453125,16399200
2025-06-12,471.2557893550323,476.6130223697302,469.7676758011157,475.0752868652344,18950600
2025-06-13,472.63478039747713,475.38281914376,469.0137102048777,471.1962585449219,16814500
2025-06-16,471.44431988386987,476.88090602233666,471.2359924486289,475.34320068359375,15626100
2025-06-17,471.63282797025073,474.94635750006523,470.3232806516652,474.2519226074219,15414100
2025-06-18,474.21220825159133,477.1884355000323,470.70025162122124,476.4344482421875,17526500
2025-06-20,478.4086860483398,479.62891980922967,473.09114443804276,473.616943359375,37576200
2025-06-23,474.42052531416374,483.884936234588,468.76571183115124,482.1488037109375,24864000
2025-06-24,485.075445589935,487.952459183197,482.9424585265478,486.2262268066406,22305600
2025-06-25,488.14098256866794,490.64100267238626,485.5119877675007,488.369140625,17495100
2025-06-26,489.0735074056833,494.09340820956044,488.9048412091741,493.5080871582031,21578900
2025-06-27,493.60726767719865,495.3434002058453,489.12309627390664,492.0100402832031,34539200
2025-06-30,493.1013206195562,496.79184348109624,491.404849352638,493.4683837890625,28369000
2025-07-01,492.5358056229024,494.1032718491211,487.0893199212463,488.15081787109375,19945400
2025-07-02,486.107196925814,489.5893925672679,484.82744098086494,487.198486328125,16319600
2025-07-03,489.89694493303733,496.16687121115365,489.52988173373706,494.8870849609375,13984800
2025-07-07,493.4386378219278,494.7977767455099,491.3056810299541,493.77593994140625,13981600
2025-07-08,493.2997134401056,494.25212791462184,490.1945116420166,492.68463134765625,11846600
2025-07-09,496.33549554664154,502.76415743455226,495.77993553758444,499.52008056640625,18659500
2025-07-10,499.06366987607214,500.4426696344743,493.8056807647675,497.5061340332031,16492100
2025-07-11,494.5200000462786,501.0280145407016,493.85529597280816,499.3315734863281,16459500
2025-07-14,497.5458219138798,499.9764196247383,497.0597144820079,499.033935546875,12058800
2025-07-15,499.03393728805895,504.2720960834484,498.80577924001653,501.811767578125,14927200
2025-07-16,501.17685701853543,502.7046622632316,497.91294935926595,501.6133728027344,15154400
2025-07-17,501.67285674255714,509.3019216630888,501.61333461976557,507.6451721191406,17503100
2025-07-18,510.4030974050004,510.5618634291492,503.40897568442307,506.0082092285156,21209700
2025-07-21,502.69469811942383,508.03210080948105,501.54388660874696,506.0181579589844,14066800
2025-07-22,506.92092641726225,507.1491147296819,501.2660827636719,501.2660827636719,13868600
2025-07-23,502.7343595827018,502.77405108780124,496.7323137246232,501.861328125,16396600
2025-07-24,504.73836945889843,509.59953458867506,503.28001689239056,506.8316650390625,16107000
2025-07-25,508.409026924469,514.1829150146133,506.3157616392057,509.6392517089844,19125700
2025-07-28,510.0062782539609,510.91897091749235,506.07763679555273,508.43878173828125,14308000
2025-07-29,511.4448055642593,513.5182098314434,507.50623361872493,508.50823974609375,16469200
2025-07-30,511.08764202727673,511.86149016920456,505.4030674134904,509.1729431152344,26380400
2025-07-31,550.8301860551579,551.0484742016899,527.6851029610986,529.2723999023438,51617300
2025-08-01,530.7605061500977,531.5541546097426,516.7325410439772,519.956787109375,28977600
2025-08-04,524.0837934579807,533.9846885103634,523.944888342453,531.3953857421875,25349000
2025-08-05,532.9232605080902,533.0423047576313,523.0620248277625,523.5679931640625,19171600
2025-08-06,526.6930670104376,527.486715540996,519.8775111011839,520.7802734375,21355700
2025-08-07,522.6254396329194,523.9052559727172,513.4487398823029,516.7127075195312,16079100
2025-08-08,518.4588193359411,520.5024931820143,515.2940949258492,517.9032592773438,15531000
2025-08-11,518.1611446296885,523.4092640243366,515.6015722772428,517.6353759765625,20194400
2025-08-12,519.5996565820958,526.7723446368122,518.5579891899393,525.046142578125,18667000
2025-08-13,527.8933740196283,528.478725311786,515.2543395813665,516.4547729492188,19619200
2025-08-14,518.4190436500928,521.7821945996749,516.0182375574066,518.3396606445312,20269100
2025-08-15,518.6274679925785,521.9310366989816,514.9667059909838,516.0480346679688,25213300
2025-08-18,517.4568516493948,518.6770855269226,509.94683045407294,513.0023803710938,23760600
2025-08-19,510.9189744125155,511.0776798784135,504.5200741760794,505.73040771484375,21481000
2025-08-20,505.8296325155463,506.9506829011106,500.44266872858867,501.7125244140625,27723000
2025-08-21,500.5200628741361,504.435269171935,499.5561662916726,501.06658935546875,18443300
2025-08-22,501.0765850227361,507.5158151187978,499.2481684011306,504.037841796875,24324200
2025-08-25,503.44159720621536,504.9917771303553,500.9473838488724,501.0865173339844,21638600
2025-08-26,501.1858695359189,501.801993130018,495.3727099158942,498.8804931640625,30835700
2025-08-27,498.8407132226862,504.09742962807053,496.7539232974875,503.5508728027344,17277900
2025-08-28,503.89867767213724,507.87350408410515,502.3186878124423,506.4326477050781,18015600
2025-08-29,505.4588240002719,506.39291066950057,501.3150539612025,503.501220703125,20961600
2025-09-02,497.32034095368414,502.81553721257154,493.68337117589067,501.9410705566406,18128000
2025-09-03,500.6194673133705,504.5942937991858,499.1587173668126,502.1696472167969,16345100
2025-09-04,501.1262461318779,504.95202275876863,499.983489561643,504.7731628417969,15509500
2025-09-05,505.86625611105876,508.7479993566889,489.27134277765646,491.8847961425781,31994800
2025-09-08,494.97517595073856,498.04575600626316,491.91457299081776,495.06463623046875,16771000
2025-09-09,498.27432917901325,499.08917592804124,494.5678227014102,495.2733459472656,14410500
2025-09-10,499.81456783685906,500.06299449245154,493.5939546766565,497.2209777832031,21611800
2025-09-11,499.08915061774627,500.00337405269875,494.7466575341409,497.8569641113281,18881600
2025-09-12,503.4614629424367,509.32432605160386,500.67909648146514,506.6910095214844,23624900
2025-09-15,505.58800862213144,512.2259313574772,503.80926524972944,512.1166381835938,17143800
2025-09-16,513.6270820344445,513.9748550906477,505.3991924428879,505.83642578125,19711900
2025-09-17,507.4064717390096,508.07226852063866,502.74598524416496,506.81024169921875,15816600
2025-09-18,508.270998935228,509.84107240669834,504.4651158521554,505.2501525878906,18913700
2025-09-19,507.34679796260957,516.0317832353262,507.09837133283605,514.67041015625,52474100
2025-09-22,512.3451813197225,514.4816139887456,509.31432785382,511.21234130859375,20009300
2025-09-23,510.5664850795932,511.35155218118825,504.1173383670773,506.0252685546875,19799600
2025-09-24,507.16798604562155,509.2547456727144,503.72976965544393,506.9394226074219,13533700
2025-09-25,505.10107733704126,506.8003375404676,501.8616142840625,503.8390808105469,15786500
2025-09-26,506.849997214163,510.70558375978015,503.4316440082871,508.2411804199219,16213100
2025-09-29,508.28092297827857,513.5972289973041,505.67741655332713,511.36138916015625,17617800
2025-09-30,510.0099885223437,514.8990082310244,506.45253207823936,514.6903686523438,19728200
2025-10-01,511.5601971915601,517.2342842847302,508.4697839098333,516.4393310546875,22632300
2025-10-02,514.3823296081488,518.3173691617891,507.4661094259624,512.4942626953125,21222900
2025-10-03,513.8456285403139,517.2143082734997,511.75886906280147,514.0940551757812,15112300
2025-10-06,515.3461902238155,527.6880704621805,514.9387971845453,525.2435302734375,21388600
2025-10-07,524.9652461341774,526.4657528279373,518.1583800775612,520.682373046875,14615200
2025-10-08,519.9868090400763,523.6336952116123,519.7980023635643,521.546875,13363400
2025-10-09,519.0527457511332,521.0302122328587,514.1438325922749,519.1123657226562,18343600
2025-10-10,516.3697201998212,520.2849266906686,506.42270727517143,507.74432373046875,24133800
2025-10-13,513.1600134586593,513.1600134586593,508.45980051307464,510.81488037109375,14284200
2025-10-14,507.0189143190136,512.0371506947121,502.815524609146,510.337890625,14684300
2025-10-15,511.71916116293283,513.935107423202,506.7903547024341,510.1987609863281,14694700
2025-10-16,509.3541552294708,513.597241245564,504.93214864922606,508.3902282714844,15559600
2025-10-17,505.8364635131052,512.2359067167633,504.1173400169688,510.347900390625,19867800
2025-10-20,511.37132460679527,515.4356111738924,510.19875812962454,513.53759765625,14665600
2025-10-21,514.2431942660954,515.4257076122852,509.81124074780416,514.4021606445312,15586200
2025-10-22,517.8702452376143,521.9245247034462,514.4518919333965,517.2640380859375,18962700
2025-10-23,519.1720024577996,520.6526156742948,515.3461954332505,517.283935546875,14023500
2025-10-24,519.499850577073,522.0437370421222,517.4329845218087,520.314697265625,15532400
2025-10-27,528.4333612309177,531.2157277722118,525.6807743511338,528.1749877929688,18734700
2025-10-28,546.5386557673307,550.2352153811122,537.366762825241,538.6585693359375,29986700
2025-10-29,541.510525937623,542.8321728172806,533.3521721804118,538.141845703125,36023000
2025-10-30,527.1414377363435,531.6031704966998,518.8340654321457,522.451171875,41023100
2025-10-31,525.5515477587454,525.9887810857076,511.85824179468614,514.5512084960938,34006400
2025-11-03,516.5385956979154,521.6562086548496,511.3514766558802,513.776123046875,22374700
2025-11-04,508.53933673798264,512.3054631947169,504.64399323613884,511.0931701660156,20958700
2025-11-05,510.0695738143288,511.58997398954807,503.39186440425516,503.9682312011719,23024300
2025-11-06,502.47768369906356,502.51744045426454,492.6896676102462,493.9715576171875,27406500
2025-11-07,493.8225155697467,496.2372153715257,490.1457889557352,493.6933288574219,24019800
2025-11-10,496.8930386116327,503.6601778844964,495.66082185127294,502.8155212402344,26101500
2025-11-11,501.6230817360039,506.39289163210333,499.18851875070465,505.4786682128906,17980000
2025-11-12,506.1543908722183,508.4498810705414,495.9788447581273,507.9232177734375,26574900
2025-11-13,507.098398329558,510.26832472026865,498.1351759673349,500.1225891113281,25273100
2025-11-14,495.0944623167857,508.38031503091224,494.30942559248354,506.96923828125,28505700
2025-11-17,505.2501227292945,508.8970088955905,501.7323929449627,504.296142578125,19092800
2025-11-18,492.2524466910109,499.8145698875434,483.71651040889276,490.6824035644531,33815100
2025-11-19,487.0156083775533,492.0735713081103,479.79134202204426,484.0543518066406,23245300
2025-11-20,490.5255566668064,491.3817596467919,473.39186588492817,476.3088684082031,26802500
2025-11-21,476.3785437287191,476.796695003642,466.19388806310616,470.0268249511719,31769200
2025-11-24,472.8940955697233,474.7856658755464,465.9450303435204,471.8985290527344,34421000
2025-11-25,471.9681767111092,477.0256407210385,462.82888433135173,474.8752136230469,28019800
2025-11-26,484.1539100429923,486.14504291080743,479.06658014921754,483.3475036621094,25709100
2025-11-28,485.4382224868377,490.44592067381114,484.49242217644115,489.82867431640625,14386700
2025-12-01,486.27447583839387,487.68816317334665,482.5012705124726,484.5820007324219,23964000
2025-12-02,484.56211884124775,491.312058367048,484.16389832530854,487.82757568359375,19562700
2025-12-03,474.2082166599713,482.09308589504883,473.0931871020635,475.6119689941406,34615100
2025-12-04,477.6329620200481,479.186043226252,474.3774403367437,478.7081604003906,22318200
2025-12-05,480.3807061976695,481.2568095233099,476.7568601661199,481.01788330078125,22608700
2025-12-08,482.74025101921535,490.11737199051475,482.2325023858298,488.8430480957031,21965900
2025-12-09,486.93155551686203,489.93815525049575,486.33420957194573,489.8385925292969,14696100
2025-12-10,481.88401246545567,482.10303829287767,472.973680864489,476.4382629394531,35756200
2025-12-11,474.51683677020293,483.8751552220924,473.750231167373,481.3265075683594,24669200
2025-12-12,477.69270598810584,480.31105063829824,474.22812377070755,476.4084167480469,21248100
2025-12-15,477.97146396596463,478.588710310573,470.42505317808707,472.7148742675781,23727700
2025-12-16,469.8177748762136,475.7712732838117,468.79234263095657,474.2779235839844,20705600
2025-12-17,474.79560024235434,477.8718969329872,472.8940646732686,474.00909423828125,24527200
2025-12-18,476.06992080908344,487.4293375934554,475.7712630284666,481.8342590332031,28573500
2025-12-19,485.1992432324443,485.68709144559693,480.35083955461556,483.7656555175781,70836100
2025-12-22,483.9647726311972,486.5632169440421,480.5499868948874,482.7701110839844,16963000
2025-12-23,482.829854335465,485.66719456773416,482.5908977144131,484.6915588378906,14683600
2025-12-24,483.5267014178325,486.99128356758627,482.680463867149,485.8563232421875,5855900
2025-12-26,484.5521629916047,485.95591540329985,483.8054881161676,485.5477294921875,8842200
2025-12-29,482.71034015280554,486.1848877649252,482.0333622504328,484.9404296875,10893400
2025-12-30,483.77560983811236,487.5089841188462,483.3475235456682,485.3187561035156,13944500
2025-12-31,485.6771523949816,485.97584057107747,481.15727202744546,481.4758605957031,15601600
2026-01-02,482.24244872265706,482.5112407273309,468.07552715971417,470.84320068359375,25571600
2026-01-05,471.95822796941724,473.95932625248497,467.41844739653146,470.75360107421875,25250300
2026-01-06,471.69937935780575,476.617480129593,467.6673473241013,476.3885192871094,23037700
2026-01-07,477.63296458601815,487.5288974221053,475.83099176167434,481.3265075683594,25564200
2026-01-08,479.10639276886474,480.5201105081445,473.7502403609407,475.9902648925781,18162600
2026-01-09,471.9582322108041,477.6927047258898,470.106493184136,477.15509033203125,18491000
2026-01-12,474.5566738594685,478.85749783991434,473.57104241242143,475.06439208984375,23519900
2026-01-13,472.57548334410274,473.6706125344443,463.88420753037366,468.5832824707031,28545800
2026-01-14,464.3919508718589,466.12425727832346,455.14315976714454,457.3433532714844,28184300
2026-01-15,462.06232415810086,462.191752665677,453.8787662235596,454.6354064941406,23225800
2026-01-16,455.8001987238622,461.13645097900303,454.4562082505655,457.8211975097656,34246700
2026-01-20,449.2194951600843,454.77474258752966,447.28809381488645,452.5048522949219,26130000
2026-01-21,450.5933708341933,450.6829681667298,436.73507280530305,442.1409912109375,37980500
2026-01-22,445.6354487179439,450.8323067932568,442.7284117030413,449.1398620605469,25349400
2026-01-23,449.8665935761158,469.01134678020316,448.5325382185013,463.8841857910156,38000200
2026-01-26,463.2470104625561,472.14737672642065,459.9516880286902,468.1949768066406,29291200
2026-01-27,471.59986874099184,480.72919663912324,471.06225431764057,478.4493408203125,29213900
2026-01-28,481.0676409982362,481.59528998521284,475.8807484603396,479.4946594238281,36875400
2026-01-29,438.0392806211351,440.5381621786467,419.1533835040837,431.57806396484375,128855300
2026-01-30,437.2229285851671,437.65101486434605,424.55932220203715,428.3822937011719,58566800
2026-02-02,428.33251789753194,428.8303011436502,420.37795134689077,421.49298095703125,42219900
2026-02-03,420.1390072256922,420.178808008447,406.7486263222299,409.3868713378906,61424100
2026-02-04,409.17783910585314,417.93881231579195,407.4256323109538,412.35369873046875,45012400
2026-02-05,405.6335909812077,406.4897635323938,390.5806313349955,391.9246520996094,66289200
2026-02-06,397.4002746193236,400.0086538663787,391.17798428483076,399.3615417480469,53515300
2026-02-09,403.0550898097971,413.05058563481117,399.0927243377603,411.76629638671875,45480500
2026-02-10,417.75959730190846,421.80159473973595,410.8702943432265,411.437744140625,44857900
2026-02-11,414.33481566901673,414.61357304478975,399.2320904458023,402.5771789550781,42491000
2026-02-12,403.20440420967,404.3990960787573,396.24540458526855,400.05841064453125,40802400
2026-02-13,402.65686886295305,403.7420326637702,396.2852191820681,399.5407409667969,34091600
2026-02-17,397.45004705087115,398.7442713079252,392.78083787972264,395.1004943847656,32078800
2026-02-18,396.3648548030424,400.77520665339193,394.56288205367116,397.8283386230469,23223400
2026-02-19,399.82403795970674,403.55594539020564,395.8127368785549,397.5988464355469,28234000
2026-02-20,395.2539159508346,399.2552593187824,394.3059873534157,396.37152099609375,34015200
2026-02-23,394.14630950985264,394.50551684604494,382.27203437696886,383.6390686035156,43238300
2026-02-24,383.30981969967445,388.5185091169527,380.88504821898124,388.1593017578125,33884700
2026-02-25,389.68597856263057,400.60233728073825,389.31678308531696,399.7342224121094,43625500
2026-02-26,403.8353349281015,406.6093255926281,397.8782360341113,400.851806640625,34405900
2026-02-27,390.03523926255787,395.9624042352165,389.0374004516944,391.8912048339844,51367200
2026-03-02,392.01092411942045,400.32293811697235,389.78576315389057,397.6886291503906,35474900
2026-03-03,392.2903484387299,405.82103971635513,391.82136299902305,403.0570068359375,38199200
2026-03-04,400.4027502952161,410.14166638677375,399.44483360720756,404.32427978515625,35808000
2026-03-05,403.54596943015656,410.72040218284053,403.525993165685,409.79241943359375,39001300
2026-03-06,408.31564337314285,412.1572983375802,407.6271321747383,408.0761413574219,31123900
2026-03-09,404.044890641513,409.3234358422322,402.62794618065146,408.5251770019531,30131900
2026-03-10,409.1438479339772,409.31349393117443,402.05918625996463,404.8830871582031,31706400
2026-03-11,404.6934855668013,408.1260534422115,400.7220762180728,404.0049743652344,25512100
2026-03-12,403.7555185610488,405.2422886286942,400.84181586601125,400.9914855957031,27263900
2026-03-13,400.13336309353434,403.9251383935716,393.3979511212616,394.69512939453125,26848000
2026-03-16,397.209690545171,399.7641553863696,393.9367805641587,399.08563232421875,27733700
2026-03-17,399.4049101655112,403.5259891234105,396.8903674487218,398.5467834472656,26228300
2026-03-18,396.271723303423,397.13983817793417,390.1549666521916,390.9432678222656,25908500
2026-03-19,389.2569126674818,391.6417315076428,386.2234742615233,388.1792297363281,25138800
2026-03-20,385.95408868282834,386.16362631018524,379.29849030352204,381.0447082519531,50853200
2026-03-23,383.07032058481127,386.3731646745857,380.85511716508233,382.1722717285156,29680100
2026-03-24,381.53362193174286,381.6434000325674,371.04635704379217,371.9344177246094,42733600
2026-03-25,376.10542586510894,376.2451074667104,368.831172255135,370.2381286621094,31181200
2026-03-26,370.01860155518807,373.9101668945663,364.4007640805619,365.1790771484375,36836600
2026-03-27,361.11784971721505,361.6666793192034,355.73951450811694,355.9989318847656,37883400
2026-03-30,361.1178525849577,364.5703662773937,355.51000344849933,358.1842041015625,44797000
2026-03-31,363.7621155862403,372.09407550142714,362.28533367877645,369.3699951171875,45244400
2026-04-01,372.682807332766,373.1817267376728,367.4042619540212,368.57171630859375,29417200
2026-04-02,366.41637016886637,372.83249667260446,363.3629859357669,372.6528625488281,24099100
2026-04-06,372.682794233078,372.92229624611906,368.70142726638517,372.0741271972656,16146600
2026-04-07,369.5396147715723,371.64507045865594,365.7677853538718,371.48541259765625,21443300
2026-04-08,384.148004001906,384.167949815935,370.6073237610428,373.52099609375,33064800
2026-04-09,371.6949574789129,372.6927962909368,366.2567237727329,372.26373291015625,30435300
2026-04-10,372.17393720824543,374.8281921461914,369.23030048358606,370.0684814453125,28111100
2026-04-13,372.8025510733858,383.70895264062807,370.2181521550117,383.539306640625,35745800
2026-04-14,387.0816509997633,393.83700889302276,385.684652281273,392.2604064941406,37504500
2026-04-15,397.1398382929036,413.47445440771634,395.8725939925935,410.3312683105469,45063400
2026-04-16,418.95258572248235,419.9105328997013,411.2492993874727,419.35174560546875,41642400
2026-04-17,423.9018933176335,430.64726300981,419.78081413338697,421.87628173828125,48568200
2026-04-20,420.2398034863272,422.4150847565369,415.40027922801784,417.1664733886719,27582200
2026-04-21,419.33177508554746,426.25677891783357,416.2983670043314,423.2433166503906,32048500
2026-04-22,425.2689090952171,432.7626880248645,422.7543663498755,431.984375,29378200
2026-04-23,418.9825380949446,422.7443793162959,410.5208543154444,414.8514709472656,38308000
2026-04-24,416.0688403922519,424.0316048781353,414.9013556123021,423.7023010253906,27457400
2026-04-27,421.46715688013995,426.1869149113369,416.1686352924954,423.9018859863281,30867300
2026-04-28,423.6524179624475,428.99086152362304,420.9881750222059,428.3222961425781,30438100
2026-04-29,423.6623688360089,425.8975483734993,419.38166246548025,423.5426330566406,38288300
2026-04-30,409.92216255995794,413.5243765293071,397.1498378648014,406.8987121582031,70909400
2026-05-01,411.9078412872606,416.2085240460113,409.5529563541748,413.5443115234375,31372400
2026-05-04,410.6505829404435,419.87060358807366,409.91216153093814,412.72607421875,28066500
2026-05-05,414.42242364358015,415.8792597859335,407.916495085617,410.4909362792969,25700900
2026-05-06,407.11822745622237,417.51572107575487,404.23445872829495,413.0653381347656,30285900
2026-05-07,419.2020489501835,427.05506598481406,417.8549909144547,419.8606262207031,34942400
2026-05-08,416.48795292910256,417.7252633012779,413.105264767488,414.22283935546875,33383800
2026-05-11,406.9885016374445,411.79809190456297,404.6236285818644,411.7681579589844,35657900
2026-05-12,413.58422243338293,414.6020070114768,405.76117016707224,406.8887023925781,38594200
2026-05-13,402.3286237155428,405.4318878236479,400.1633000811369,404.3342590332031,29667100
2026-05-14,403.6058516736889,410.94993067744383,400.013625877668,408.5451354980469,27077500
2026-05-15,413.3746572242232,427.24464052002446,412.01761111071977,421.0081481933594,50771200
2026-05-18,415.71960624154525,424.2012362508279,414.7117792841577,422.6246643066406,32564100
2026-05-19,428.9708919761278,431.7648588737268,415.58987007798993,416.51788330078125,33018700
2026-05-20,413.2749005432513,421.18775475321456,410.4110776678385,420.1499938964844,27864000
2026-05-21,424.75,426.3399963378906,415.7099914550781,419.0899963378906,31393500
2026-05-22,419.5400085449219,424.3999938964844,416.3299865722656,418.57000732421875,22390300
2026-05-26,416.42999267578125,419.7699890136719,413.0199890136719,416.0299987792969,30398000
2026-05-27,411.010009765625,415.94000244140625,409.5799865722656,412.6700134277344,28901500
2026-05-28,412.9800109863281,429.489990234375,412.6700134277344,426.989990234375,47250500
2026-05-29,432.54998779296875,450.3299865722656,432.3599853515625,450.239990234375,79654400
2026-06-01,464.8399963378906,466.32000732421875,458.2699890136719,460.5199890136719,53628900
2026-06-02,446.8800048828125,453.5,440.42999267578125,441.30999755859375,37036800
2026-06-03,438.45001220703125,440.3900146484375,424.25,427.3399963378906,39037000
2026-06-04,435.80999755859375,436.1499938964844,426.4100036621094,428.04998779296875,26899500
2026-06-05,428.3399963378906,429.4700012207031,414.3999938964844,416.6700134277344,34782200
2026-06-08,414.1400146484375,417.1600036621094,408.55999755859375,411.739990234375,32086700
2026-06-09,409.0299987792969,411.9800109863281,398.4800109863281,403.4100036621094,35317300
2026-06-10,398.54998779296875,405.0400085449219,397.1600036621094,397.3599853515625,32576000
2026-06-11,395.2099914550781,396.8500061035156,384.0,390.3399963378906,47224100
2026-06-12,391.42999267578125,391.739990234375,382.2699890136719,390.739990234375,34865800
2026-06-15,396.79998779296875,401.75,392.8500061035156,399.760009765625,32266400
2026-06-16,395.7900085449219,396.8399963378906,390.69000244140625,393.8299865722656,31506800
2026-06-17,390.25,390.3699951171875,377.32000732421875,378.9100036621094,41987800
2026-06-18,377.82000732421875,381.3699951171875,373.2799987792969,379.3999938964844,59714200
2026-06-22,375.739990234375,381.6300048828125,367.07000732421875,367.3399963378906,45171100
2026-06-23,372.3800048828125,377.2200012207031,370.6700134277344,373.94000244140625,40647600
2026-06-24,371.57000732421875,378.8800048828125,364.7799987792969,365.4599914550781,44509900
2026-06-25,362.7699890136719,364.2300109863281,349.20001220703125,352.8299865722656,66179000
2026-06-26,357.1499938964844,376.6099853515625,355.42999267578125,372.9700012207031,186201600
2026-06-29,377.5,380.5,359.8999938964844,368.57000732421875,51229900
2026-06-30,371.0299987792969,374.1499938964844,367.45001220703125,373.0199890136719,44945700
2026-07-01,380.8299865722656,388.8299865722656,374.8900146484375,384.2799987792969,48065800
2026-07-02,384.4800109863281,392.20001220703125,383.70001220703125,390.489990234375,42128900
2026-07-06,387.0400085449219,389.1499938964844,381.2200012207031,386.739990234375,34224500
2026-07-07,392.489990234375,395.57000732421875,388.2200012207031,388.8399963378906,29297500
2026-07-08,384.0299987792969,385.30999755859375,381.3299865722656,383.3399963378906,25908300
2026-07-09,374.45001220703125,384.6499938964844,373.3500061035156,384.3599853515625,31083200
2026-07-10,387.79998779296875,391.9100036621094,381.5,385.1000061035156,24644600
2026-07-13,387.75,393.6499938964844,384.1499938964844,390.989990234375,28914900
2026-07-14,382.82000732421875,388.19000244140625,378.6499938964844,384.92999267578125,27863900
2026-07-15,387.79998779296875,398.9599914550781,386.3999938964844,395.6300048828125,36253700
2026-07-16,398.30999755859375,405.989990234375,392.04998779296875,401.1000061035156,37047400
2026-07-17,394.8599853515625,398.3900146484375,389.3900146484375,393.82000732421875,33049800
2026-07-20,391.4100036621094,403.17999267578125,389.6499938964844,402.2900085449219,27915800
2026-07-21,398.80999755859375,401.4700012207031,396.32000732421875,397.75,24126600
2026-07-22,399.5799865722656,401.0,386.9599914550781,390.3399963378906,28142500
2026-07-23,389.9700012207031,391.7799987792969,377.3900146484375,381.5799865722656,30351800
2026-07-24,387.04998779296875,389.0299987792969,380.6499938964844,381.70001220703125,27659400
2026-07-27,390.0799865722656,394.20001220703125,387.989990234375,389.1000061035156,27856200
2026-07-28,393.1600036621094,400.32000732421875,391.29998779296875,393.3500061035156,32367500
2026-07-29,393.3999938964844,401.25,388.739990234375,390.5400085449219,47209000
2026-07-30,437.8999938964844,458.69000244140625,432.44000244140625,451.1000061035156,109975300
2026-07-31,449.5849914550781,462.95001220703125,449.552001953125,457.2699890136719,22481432
