date,open,high,low,close,volume
2021-08-02,19.63209411744404,19.892194121271995,19.294261963742557,19.681921005249023,217444000
2021-08-03,19.67195614363054,20.152295043077654,19.153748123448008,19.7466983795166,301811000
2021-08-04,19.921097238700884,20.247967690687908,19.759654974548358,20.204118728637695,231309000
2021-08-05,20.42933387160919,20.661530493054816,20.271877575083252,20.565860748291016,211435000
2021-08-06,20.453255584823058,20.499096555119213,20.140336838007727,20.295799255371094,178497000
2021-08-09,20.37552283364435,20.4373093965313,20.073567760929837,20.22504425048828,146443000
2021-08-10,20.25195008967123,20.35957761344973,19.766627375953473,19.867280960083008,179238000
2021-08-11,19.97391190338551,19.979891738651794,19.363025922279018,19.6310977935791,185925000
2021-08-12,19.801512240234526,19.95996268817905,19.552373948791477,19.83639144897461,151652000
2021-08-13,19.836386591609863,20.14432145963521,19.782571882288952,20.118410110473633,183063000
2021-08-16,20.06559883916075,20.217075350798737,19.38594844911108,19.881237030029297,210876000
2021-08-17,19.61714701214786,19.70185501306102,19.2005885511107,19.39093017578125,204585000
2021-08-18,19.432784446374054,19.566323330393175,18.934507922108054,18.9743709564209,285913000
2021-08-19,19.426802456904166,20.424353301221036,18.697325356525393,19.729755401611328,766555000
2021-08-20,19.92209227489408,20.79308023295475,19.864293533156978,20.74424934387207,675741000
2021-08-23,20.898715368530024,21.921177903907907,20.877787845028326,21.882312774658203,575807000
2021-08-24,21.678021018612597,21.883310344893474,21.46077202046187,21.71788215637207,297299000
2021-08-25,21.66207355456047,22.392546755792843,21.647125866786784,22.136432647705078,347701000
2021-08-26,22.12347879676051,22.262995617571487,21.71489219229339,21.991933822631836,237940000
2021-08-27,22.107532230785125,22.643677862471055,22.090590631749375,22.557973861694336,304722000
2021-08-30,22.75130150447576,22.96356660779961,22.473263928214713,22.609790802001953,262580000
2021-08-31,22.620760614168464,22.620760614168464,22.047642674505877,22.31177520751953,259850000
2021-09-01,22.41144663929597,22.622753028655936,22.283865100248764,22.367589950561523,201767000
2021-09-02,22.44433930541851,22.51909472765023,22.22206920355075,22.322738647460938,187834000
2021-09-03,22.25197291405603,22.910810001392324,22.127381804573318,22.768278121948242,280532000
2021-09-07,22.758302117503238,22.824086183567516,22.44831873143715,22.587862014770508,198107000
2021-09-08,22.439355044930288,22.53603785625392,21.905107228441466,22.26592445373535,254434000
2021-09-09,22.239014571951014,22.464275126748724,22.058606891844985,22.104455947875977,196856000
2021-09-10,22.2748946360381,22.55198511877038,22.197150672313043,22.404470443725586,248376000
2021-09-13,22.60979964648237,22.888884438479984,21.78650131614353,22.079540252685547,297500000
2021-09-14,22.202135861768,22.336694491367744,22.013754920994057,22.16924476623535,199755000
2021-09-15,22.236024626845165,22.293835464685625,21.894146209939382,22.267919540405273,166538000
2021-09-16,22.11043774594107,22.204130125637935,21.855274630502613,22.16924476623535,156033000
2021-09-17,22.227050730218956,22.247981943060058,21.758588894411496,21.828359603881836,294503000
2021-09-20,21.076826867613953,21.362888683857676,20.594410879277827,21.043935775756836,349440000
2021-09-21,21.3469404733302,21.35491372577289,20.88146906785273,21.17650032043457,204688000
2021-09-22,21.296102923922355,21.888159587451916,21.126658982440958,21.86922264099121,268726000
2021-09-23,22.067570844468374,22.461279102173783,21.81838869165872,22.4084529876709,248555000
2021-09-24,21.997802477816837,22.076544517927047,21.78948654099759,22.008766174316406,217655000
2021-09-27,21.63898325171852,21.72769282238247,21.255244302712523,21.589147567749023,245215000
2021-09-28,21.14460514549343,21.34893447038271,20.58344521216512,20.631288528442383,343069000
2021-09-29,20.87149907318932,20.94824684688675,20.400044932702517,20.44988250732422,218394000
2021-09-30,20.70006335689361,20.997088873720934,20.620325128983062,20.64823341369629,221009000
2021-10-01,20.682119903644967,20.790762583446227,20.136908439010178,20.67414665222168,240978000
2021-10-04,20.43692184351524,20.474797634772223,19.49102704533623,19.667448043823242,345635000
2021-10-05,19.884739402108554,20.580456026751712,19.789052772537165,20.38409996032715,279282000
2021-10-06,20.054183467600772,20.652219202114356,20.014313404708272,20.632286071777344,297202000
2021-10-07,21.023000423462637,21.25224946522736,20.903394046211478,21.006057739257812,256919000
2021-10-08,21.03197467494621,21.136630744836808,20.707040866525467,20.76285743713379,151258000
2021-10-11,20.507695778664687,20.994098397870303,20.443904055764555,20.627302169799805,163388000
2021-10-12,20.759864289713306,20.988115251158046,20.460846442919173,20.603378295898438,162134000
2021-10-13,20.849571259430128,20.921336231312484,20.645241941754325,20.870502471923828,180652000
2021-10-14,21.21836559694219,21.68383706493013,21.052908229325823,21.674867630004883,243589000
2021-10-15,21.73865733965983,21.859261828651796,21.591142644931946,21.79048728942871,226994000
2021-10-18,21.677854960050606,22.218081780697908,21.57319699245635,22.149307250976562,189494000
2021-10-19,22.20313074793577,22.30579445739423,21.964914136514288,22.217086791992188,161473000
2021-10-20,22.23203574791411,22.359617290338466,21.910092397516213,22.030696868896484,146276000
2021-10-21,22.02471815036075,22.636710001159347,22.010764006896952,22.61777114868164,187590000
2021-10-22,22.748339913629675,23.054334844956028,22.48719785150225,22.651657104492188,249384000
2021-10-25,22.897851941944545,23.278602340486742,22.695516863119877,23.090221405029297,230235000
2021-10-26,23.9105273389636,25.17637336256749,23.84573943509634,24.636144638061523,485898000
2021-10-27,24.393937207117244,25.007921262227864,24.202563973433747,24.37101173400879,245990000
2021-10-28,24.796613798332462,24.86837875777261,24.442775609746818,24.859407424926758,234204000
2021-10-29,24.91921376694326,25.62489787147844,24.91821758575926,25.483362197875977,292503000
2021-11-01,25.565096437115333,25.809293921603484,25.144476013269458,25.74251365661621,265740000
2021-11-02,25.73753168250349,26.590730535065173,25.715602386475727,26.31463623046875,294112000
2021-11-03,26.582757025267508,26.696384427226477,26.14918053197211,26.5109920501709,239910000
2021-11-04,27.139930735345178,31.262401059168756,27.029293768949643,29.70351791381836,1153631000
2021-11-05,30.088247132824183,31.29727829518898,29.313788569052395,29.65467071533203,851260000
2021-11-08,30.050371960024457,30.99826111038882,29.8091630510037,30.703229904174805,503101000
2021-11-09,32.17639923609389,32.204307519629445,29.86598118563401,30.556713104248047,646746000
2021-11-10,29.25996904882886,30.74908123163005,28.683858832683175,29.36263084411621,636206000
2021-11-11,30.368330421751022,30.489931064518142,29.679590905724567,30.290584564208984,332172000
2021-11-12,29.911828494952534,30.57963679954635,29.53307052458696,30.290584564208984,413054000
2021-11-15,30.45205524331211,30.54375334062734,29.15132398754459,29.92677879333496,384909000
2021-11-16,29.661652535322734,30.29058701140295,29.608824510774056,30.104198455810547,264484000
2021-11-17,30.31849214904719,30.409195964278993,28.705785120196275,29.1652774810791,428508000
2021-11-18,32.26111626069691,32.65282836277686,31.218536680348734,31.571378707885742,781711000
2021-11-19,32.13753223855901,32.97976943566429,31.800638500382686,32.877105712890625,533867000
2021-11-22,33.40735381658586,34.533658301488515,31.795644847195604,31.85146141052246,754335000
2021-11-23,31.43183877897173,32.254140700605305,30.778980809021654,31.642148971557617,532163000
2021-11-24,31.358084433513884,32.74752344863697,30.82682705345173,32.567115783691406,435162000
2021-11-26,32.493355877058754,32.60299664841291,31.2474468349952,31.399946212768555,283069000
2021-11-29,32.26011721336179,33.30269289886204,31.931194968442878,33.26681137084961,454964000
2021-11-30,33.060498227989086,33.24389825426,31.75976866465923,32.56911087036133,622066000
2021-12-01,33.11439240625947,33.184171666297914,31.2811809672,31.336008071899414,484368000
2021-12-02,31.11569943003582,32.37571869369958,30.927293561836475,32.02482604980469,472890000
2021-12-03,31.89922130115563,32.02781664936372,30.035109719778976,30.596338272094727,544325000
2021-12-06,29.78590054452752,30.14576373785318,27.94970234622703,29.942407608032227,658938000
2021-12-07,30.859514259780514,32.346816391112846,30.554476224251633,32.32488250732422,593053000
2021-12-08,31.898228375722542,32.18831231520401,31.32204761084049,31.725772857666016,475551000
2021-12-09,31.63405989309718,32.103579151197884,30.332173100678283,30.393978118896484,488507000
2021-12-10,31.051899183722014,31.206411727993792,29.76695906181619,30.10289764404297,488825000
2021-12-13,30.1537389247884,30.19859728465225,28.027454948851968,28.07231330871582,598344000
2021-12-14,27.61177134537967,28.587688427433932,27.16418590298591,28.24776268005371,667035000
2021-12-15,28.31056497493087,30.403952230055594,27.75033449939034,30.363080978393555,698297000
2021-12-16,31.053895348302806,31.061869576386897,28.004528853648427,28.2976016998291,707366000
2021-12-17,27.896873879142326,28.830923474166912,27.672582039666786,27.71345329284668,713758000
2021-12-20,27.219010461900748,28.055367052682545,27.059514491494653,27.63170623779297,461847000
2021-12-21,28.284643989318436,29.028294944690636,27.314706725168943,28.983436584472656,524385000
2021-12-22,28.800017170257917,29.46192565947625,28.359407778692482,29.30741310119629,395184000
2021-12-23,29.661289433627687,29.96433287464557,29.338310425181003,29.54665184020996,343022000
2021-12-27,29.566596240467327,30.989102457785446,29.54665876702278,30.847549438476562,403686000
2021-12-28,31.213393083122995,31.231336047997825,29.917485879079116,30.226511001586914,420591000
2021-12-29,30.177663603854032,30.451797181054715,29.273518478931255,29.906518936157227,343139000
2021-12-30,29.73306863749012,30.36108570963226,29.44697370362588,29.492828369140625,308864000
2021-12-31,29.58055454684799,29.9354343785165,29.238634264128304,29.318382263183594,266530000
2022-01-03,29.721106030264906,30.61428422261977,29.69119982289277,30.026142120361328,391547000
2022-01-04,30.18165084016446,30.372049319821922,28.25972307978426,29.1977596282959,527154000
2022-01-05,28.85783647032943,29.323366804704467,27.446297114632042,27.517072677612305,498064000
2022-01-06,27.55295802996534,28.348445375941616,26.97976990821359,28.089263916015625,454186000
2022-01-07,28.052377508601495,28.33249270432617,26.971789766731415,27.161191940307617,409939000
2022-01-10,26.497291979306667,27.38249602616525,25.563242453455118,27.31371307373047,594681000
2022-01-11,27.23695493896439,27.97661882621992,26.754479886883722,27.729398727416992,404089000
2022-01-12,27.978608560513216,28.504945618330236,27.52105444566208,27.910823822021484,383413000
2022-01-13,28.289631942753868,28.390313718259936,26.414554846853214,26.491313934326172,540171000
2022-01-14,26.217178269218586,27.111354801279813,26.127461534880105,26.85715675354004,395832000
2022-01-18,26.177302480368454,26.554112344866216,25.688845811972694,25.821426391601562,424270000
2022-01-19,25.996874104337753,26.45941170270569,24.973107843056518,24.988059997558594,488315000
2022-01-20,25.224311034871068,25.49844459786639,24.00217033924269,24.073944091796875,435181000
2022-01-21,23.432970816782724,24.74482640351697,23.189739748176777,23.300390243530273,718958000
2022-01-24,22.259676871868574,23.30636938474509,20.822218672511546,23.29839515686035,913982000
2022-01-25,22.4750012913378,22.870752385278564,21.930721138257574,22.253700256347656,664616000
2022-01-26,23.16681347265323,23.98124005243623,22.22977314342867,22.700286865234375,755959000
2022-01-27,23.493779360509365,23.91943467808651,21.606739331750255,21.874893188476562,573353000
2022-01-28,21.94268417210936,22.78602081917115,21.228939224684222,22.768077850341797,543774000
2022-01-31,23.108997226913345,24.431819963911636,22.979407443957587,24.408891677856445,564680000
2022-02-01,25.024939661803632,25.065810904904282,23.814762231762714,24.560407638549805,518925000
2022-02-02,25.712769688020778,25.735696069563566,24.475676742278374,25.162508010864258,543419000
2022-02-03,24.380977535591192,24.998027675942943,23.70511318165473,23.872583389282227,410178000
2022-02-04,23.89651089080567,24.557423171481002,23.557581418595635,24.24241828918457,354829000
2022-02-07,24.295243866146766,25.102692363027224,24.12577917901465,24.650123596191406,376868000
2022-02-08,24.282288838178633,25.150546207819467,23.90448265925914,25.0289306640625,410359000
2022-02-09,25.54130782575454,26.6408347629827,25.273155890673355,26.62089729309082,524282000
2022-02-10,25.91313678658992,26.840206412140088,25.519380273324217,25.742673873901367,513200000
2022-02-11,25.834385491481136,26.069642339244744,23.698134593993387,23.873579025268555,605472000
2022-02-14,23.858621319619626,24.796657681422715,23.68018421756837,24.19057273864746,440424000
2022-02-15,24.870429246985168,26.461403743864466,24.705949858768733,26.411561965942383,699869000
2022-02-16,26.176309687449518,26.49829249639972,25.47153534064749,26.427515029907227,732676000
2022-02-17,25.549287576906618,25.70380014996148,24.08890276641559,24.429824829101562,810595000
2022-02-18,24.59031284874341,24.90731216889236,23.02725202902934,23.56754493713379,761255000
2022-02-22,22.9624597952012,23.988218678165815,22.92757016662024,23.316341400146484,633422000
2022-02-23,23.72704258537858,24.07893155363586,22.230770094894353,22.316497802734375,566511000
2022-02-24,20.94881900592277,23.72504833875335,20.82421265561137,23.6732120513916,735801000
2022-02-25,23.6462953618656,24.140731680792335,23.307365982681755,24.080921173095703,528866000
2022-02-28,23.91644642718018,24.587327391046674,23.632344083996866,24.308208465576172,477319000
2022-03-01,24.214504305072836,24.300233919081215,23.059153777179308,23.403066635131836,412056000
2022-03-02,23.685224100178537,24.336278491001387,23.34524043941183,24.14784049987793,389642000
2022-03-03,24.189714450005976,24.253524852561736,23.39907779476586,23.643348693847656,365095000
2022-03-04,23.314331446054602,23.609449084190494,22.415018401859665,22.867666244506836,431415000
2022-03-07,22.749018838877227,22.964376798114145,21.2664496692882,21.28838348388672,450821000
2022-03-08,21.245514318732305,22.306343532359403,20.588477275477324,21.44990348815918,557467000
2022-03-09,22.320299923146024,23.150818288505107,22.18071764381372,22.945432662963867,492742000
2022-03-10,22.463869834153396,22.720104081485786,21.816803338925023,22.590492248535156,428066000
2022-03-11,22.953408821575593,23.076043457185644,21.980316832138143,22.034156799316406,367209000
2022-03-14,21.80384262804617,22.195671367540292,21.095958926406958,21.266448974609375,385354000
2022-03-15,21.453891221892214,22.969363152831257,21.25847601527962,22.904556274414062,491996000
2022-03-16,23.429984670978083,24.523716417538445,23.102962788581674,24.423017501831055,671422000
2022-03-17,24.048141553865687,24.76798876220505,23.834778411537343,24.692216873168945,471941000
2022-03-18,24.725112338972878,26.489839164055603,24.55063450386545,26.374183654785156,730719000
2022-03-21,26.42802540885607,27.07110416186951,25.889633364007818,26.654348373413086,591727000
2022-03-22,26.647369201302396,27.156848316591432,25.994321917033023,26.444974899291992,547007000
2022-03-23,26.048157589776604,26.53270962394399,25.498800590929083,25.55762481689453,502120000
2022-03-24,26.08804154718275,28.235623263570396,25.829812434294954,28.066129684448242,877379000
2022-03-25,27.802919332389703,28.273513231464275,27.189751821010642,27.6094970703125,579016000
2022-03-28,27.67330780734801,28.165835529081235,27.124945266667112,28.13492774963379,425494000
2022-03-29,28.60950485138546,28.85975646589663,27.896634994206327,28.570621490478516,488984000
2022-03-30,28.219672974520872,28.41110037401944,27.42105885059828,27.607501983642578,463487000
2022-03-31,27.699230691592014,28.163841976043138,27.188756923217856,27.204708099365234,523440000
2022-04-01,27.293444485136895,27.414084291366482,26.188745633064283,26.63241958618164,517235000
2022-04-04,26.648371079518313,27.475898220814116,26.53371392218008,27.278488159179688,397120000
2022-04-05,27.172798887898374,27.237605758755578,25.743071345725753,25.853740692138672,436615000
2022-04-06,24.859714163923694,25.224622964462803,23.93148813508022,24.33428382873535,703833000
2022-04-07,24.36818131196346,24.648344247170577,23.40805109513817,24.135875701904297,557992000
2022-04-08,23.84574811605597,23.851730758567065,22.993295723214082,23.050125122070312,524781000
2022-04-11,22.147817756385205,22.253500942815894,21.59546745592254,21.851701736450195,575207000
2022-04-12,22.46985514903304,22.65729475827579,21.218593162457935,21.439931869506836,662258000
2022-04-13,21.663267032253867,22.432966395854017,21.39107965829104,22.136850357055664,516943000
2022-04-14,22.437948470033938,22.70913934444599,21.09994772609378,21.194664001464844,569097000
2022-04-18,21.13684014323295,22.02219313271973,21.016200346382977,21.718103408813477,525701000
2022-04-19,21.655289899939216,22.306344324811956,21.250499340490578,22.131866455078125,512781000
2022-04-20,22.449911553032234,22.6024555729677,21.13683607316311,21.41799545288086,468974000
2022-04-21,21.6443221623934,22.325287868143974,19.940414139309308,20.12286949157715,656209000
2022-04-22,20.242516025383235,20.42497142374511,19.441908697470943,19.456863403320312,624713000
2022-04-25,19.14479141968029,19.885577840769354,19.039108228053102,19.84270668029785,641566000
2022-04-26,19.659252706344454,19.729043844449905,18.614374777282016,18.732023239135742,653143000
2022-04-27,18.542587544483734,19.10989247416375,18.23550655747405,18.36013412475586,499460000
2022-04-28,18.910486477885513,19.977299987584416,18.43490842453144,19.723058700561523,570327000
2022-04-29,19.344195296792407,20.06803212955995,18.46183178332937,18.491743087768555,500435000
2022-05-02,18.48576074197281,19.515682143130196,18.336208020718836,19.47480583190918,572049000
2022-05-03,19.342202225014407,19.76593718597662,19.075997486229383,19.54360008239746,475751000
2022-05-04,19.863639883503055,20.33921795002483,18.695130967640978,20.273414611816406,648855000
2022-05-05,19.807809899114023,19.86563575823811,18.444882087815973,18.787857055664062,626331000
2022-05-06,18.680180965141894,19.453868144607874,17.936403191321382,18.619361877441406,633297000
2022-05-09,17.980273914729565,18.2006142842985,16.77686905131604,16.899503707885742,644455000
2022-05-10,17.636295630660026,18.1437798648561,16.974274428777502,17.54257583618164,761474000
2022-05-11,17.295320682799783,17.700111281920936,16.518642115598364,16.580455780029297,670167000
2022-05-12,16.170677698614824,16.73798268883239,15.520620763164581,16.126808166503906,708728000
2022-05-13,16.73798356385744,17.874586549641382,16.543564832253985,17.653247833251953,670437000
2022-05-16,17.456835364759026,17.735003457169242,17.055036163870508,17.21256446838379,521446000
2022-05-17,18.020149031920944,18.31626502100498,17.58146135414091,18.12284278869629,585830000
2022-05-18,17.652250113395763,18.064019738570103,16.813756162184983,16.887535095214844,545161000
2022-05-19,16.886535872778936,17.63430122078651,16.68413969929211,17.072978973388672,621310000
2022-05-20,17.28036591060508,17.35813265366858,15.70806343146981,16.64426612854004,739105000
2022-05-23,16.2255129579709,16.864603890150594,16.130796688219526,16.847654342651367,639889000
2022-05-24,16.460813405318188,16.54755410720824,15.732987737093548,16.105873107910156,588550000
2022-05-25,15.972274124910482,17.060023452980932,15.952333251945635,16.924428939819336,781132000
2022-05-26,15.988220610755953,18.038094588752674,15.974262384109384,17.797813415527344,996575000
2022-05-27,18.13181926193302,18.82474834379244,18.046075040592772,18.75495719909668,738379000
2022-05-31,18.923452187686582,19.142797955948794,18.29532999144944,18.616371154785156,664100000
2022-06-01,18.668216603337324,18.9962349851399,18.068008952451528,18.265419006347656,544514000
2022-06-02,18.237502324193954,19.56054844841514,18.143782516021254,19.533628463745117,648656000
2022-06-03,19.025147490431646,19.274402636121195,18.466814594887644,18.66422462463379,598779000
2022-06-06,19.081977060607624,19.27938709229923,18.508689459205605,18.73002815246582,422406000
2022-06-07,18.41696951836632,18.94339641276168,18.133815197492115,18.869617462158203,388914000
2022-06-08,18.74695362356912,19.12689931949138,18.4836845843309,18.596372604370117,363252000
2022-06-09,18.429833350813585,18.880581583160353,17.991051027241866,17.998031616210938,395574000
2022-06-10,17.55127599699547,17.648007580932866,16.82229882218963,16.92700958251953,465248000
2022-06-13,15.955702020878928,16.266838484183843,15.562792805356883,15.603679656982422,604153000
2022-06-14,15.687446432401757,16.021518975223227,15.369329385877796,15.792156219482422,469680000
2022-06-15,16.05043807467459,16.82129863210318,15.881906301777965,16.481243133544922,563936000
2022-06-16,15.816090696879078,15.897864407425715,15.358361819515217,15.557807922363281,545749000
2022-06-17,15.60467861906416,15.95071807890091,15.285564836382378,15.836036682128906,630334000
2022-06-21,16.429386318006205,16.960909651002094,16.36157379723121,16.52013397216797,483089000
2022-06-22,16.18107512298737,16.615868797299967,16.135202954286214,16.31470489501953,437135000
2022-06-23,16.473267119438244,16.53908438669256,15.80911149125112,16.180082321166992,463680000
2022-06-24,16.454318352824092,17.09254584996885,16.26484385133375,17.078584671020508,472153000
2022-06-27,17.264072406028497,17.282022223468143,16.579970759321082,16.822298049926758,427968000
2022-06-28,16.85321143493184,17.154375384027293,15.90085545872729,15.937753677368164,461149000
2022-06-29,15.770218251263673,15.776201206281394,15.128001145361374,15.498970985412598,482352000
2022-06-30,15.31847343700277,15.523903457243852,14.820855311845145,15.117033004760742,686070000
2022-07-01,14.85775230195311,15.021297826850201,14.352155961339314,14.482792854309082,577610000
2022-07-05,14.135756008662238,14.92955177197515,14.01608834866183,14.922571182250977,651397000
2022-07-06,14.9684432720513,15.276587784305496,14.748054467101642,15.08811092376709,529066000
2022-07-07,15.413208995404638,15.900854523259023,15.346394102933195,15.814095497131348,492903000
2022-07-08,15.387280900081658,15.99260071355022,15.3463940472355,15.794151306152344,467972000
2022-07-11,15.483016286395417,15.484013921133512,14.996367398257068,15.110052108764648,437321000
2022-07-12,15.22572805239749,15.388276870570849,14.83581079611465,15.040243148803711,458483000
2022-07-13,14.549605743927154,15.33243221201758,14.424951823504246,15.122015953063965,521918000
2022-07-14,15.0661739121478,15.430163196087623,14.687225812732079,15.329442977905273,456235000
2022-07-15,15.615647329390558,15.738305988579,15.40223910380052,15.718361854553223,385935000
2022-07-18,16.25686498780902,16.850216937133126,15.957696353307478,16.056421279907227,670517000
2022-07-19,16.440358091474902,17.062631077163257,16.127228231279975,16.944957733154297,702366000
2022-07-20,16.900082197018165,17.88335248572077,16.754486493931914,17.757699966430664,760538000
2022-07-21,17.835484504614854,18.093766321144624,17.496425663382336,18.00002670288086,557049000
2022-07-22,17.843461655137467,17.917256187628578,17.089554175506528,17.27105140686035,536671000
2022-07-25,16.971878546789405,17.076589278551587,16.602904032037294,16.976865768432617,480748000
2022-07-26,16.84224178303558,16.872159411075533,16.43238035984879,16.487228393554688,397865000
2022-07-27,16.984850207846023,17.88634891333726,16.866180150782622,17.740753173828125,569776000
2022-07-28,17.925235866496404,18.089778068252926,17.39171718778261,17.9342098236084,474646000
2022-07-29,17.763685253323978,18.193491806144685,17.643019947154993,18.112716674804688,435460000
2022-08-01,18.131662250640616,18.793825424102035,17.94019436661478,18.38994598388672,476469000
2022-08-02,18.071831460159476,18.88557246042544,18.041913826316232,18.474712371826172,489527000
2022-08-03,18.1336539858444,18.915483721167206,18.086783232155426,18.84069061279297,418146000
2022-08-04,18.796812618454407,19.22063513569803,18.708058337909296,19.16179847717285,409652000
2022-08-05,18.75792468015069,19.17576531807126,18.61432423658541,18.936429977416992,386068000
2022-08-08,17.45354536402082,18.188504443935763,17.19426496293747,17.743738174438477,981859000
2022-08-09,17.20423514221183,17.398694940794755,16.677697139131496,17.038694381713867,668263000
2022-08-10,17.64900050219798,18.06783774802281,17.269054837998027,18.04689598083496,597422000
2022-08-11,18.080802254514673,18.655207729285816,17.826507193274058,17.892324447631836,509327000
2022-08-12,18.109720093847795,18.6661757172825,17.90329248620022,18.65719985961914,478094000
2022-08-15,18.649224212452747,19.1109416861416,18.561468505502724,18.979307174682617,457666000
2022-08-16,18.867621402461417,19.089006932991676,18.449780750266285,18.82673454284668,451240000
2022-08-17,18.47171611346851,18.636258289146177,18.094762422807918,18.28423500061035,446799000
2022-08-18,18.250332132443727,18.812769810722802,18.13265879882492,18.721025466918945,415447000
2022-08-19,18.35504051013906,18.468725204485096,17.720801686073024,17.799583435058594,441588000
2022-08-22,17.441574209966397,17.509386725743322,16.919024871308032,16.98683738708496,409593000
2022-08-23,16.94196640912856,17.4166484395593,16.923018006184385,17.133434295654297,369986000
2022-08-24,16.96490062655106,17.357810823683003,16.84822587028311,17.174320220947266,522661000
2022-08-25,16.797362880591006,17.897309578124734,16.7863936564912,17.8634033203125,770691000
2022-08-26,17.80755957837467,17.874373512103524,16.19204404414736,16.214981079101562,769127000
2022-08-29,15.97564621280239,16.292764661951434,15.723346430004725,15.757251739501953,496132000
2022-08-30,15.915814125564097,15.994594931513266,15.139968172102677,15.425176620483398,530181000
2022-08-31,15.3414069074727,15.496975134961382,14.917583393679934,15.052209854125977,573710000
2022-09-01,14.169660919691056,14.340187972290808,13.233261435486058,13.898414611816406,1178865000
2022-09-02,14.060962564890257,14.131765139366534,13.553371026300562,13.609216690063477,743157000
2022-09-06,13.692984371926862,13.740851814141763,13.314036323816168,13.42772102355957,535751000
2022-09-07,13.529468955559182,13.803789664823167,13.313005420498245,13.680095672607422,512657000
2022-09-08,13.425727332314585,13.973370875053297,13.335950622483423,13.955414772033691,624873000
2022-09-09,14.121999969055892,14.438216654464224,14.091077423081934,14.351431846618652,486612000
2022-09-12,14.333475654409431,14.511035078989412,14.16289794182431,14.469139099121094,484159000
2022-09-13,13.767879095556324,13.887582320478687,13.06661696561573,13.09853744506836,714956000
2022-09-14,13.221231803218423,13.257143051448159,12.881075254382225,13.09554386138916,588507000
2022-09-15,12.982825342829914,13.200285874328177,12.758381195489553,12.897037506103516,523625000
2022-09-16,12.710497968812046,13.179336268504516,12.585807002502516,13.16537094116211,670751000
2022-09-19,12.979829980486416,13.42971516771623,12.977835069768854,13.348915100097656,569685000
2022-09-20,13.182330035591837,13.449667136036723,13.024720650726076,13.143425941467285,524818000
2022-09-21,13.180335452104883,13.99631305335464,13.07758944681726,13.228216171264648,807679000
2022-09-22,13.037686800354493,13.116491960905076,12.397274767166287,12.529945373535156,759162000
2022-09-23,12.389293550179527,12.579821317047688,12.226696435880543,12.485055923461914,663309000
2022-09-26,12.460120427776888,12.62770532564667,12.183804789833953,12.197770118713379,547343000
2022-09-27,12.476081212421443,12.704515189141288,12.227697172710009,12.38231372833252,553854000
2022-09-28,12.379319288548018,12.791298357950701,12.323457977799615,12.704513549804688,542414000
2022-09-29,12.417226765945308,12.469098260371657,11.916467924408922,12.189790725708008,532763000
2022-09-30,12.057118225117197,12.601768874936441,12.045147807986924,12.108989715576172,565638000
2022-10-03,12.316475611950034,12.646657634128852,12.075073310975306,12.481067657470703,547478000
2022-10-04,12.847159012438114,13.187316515119232,12.847159012438114,13.13444709777832,584182000
2022-10-05,12.879079395215982,13.288065568546982,12.58979642251968,13.176342010498047,507131000
2022-10-06,13.187317554392024,13.622239538294219,13.07060622540916,13.097539901733398,644157000
2022-10-07,12.474083761565735,12.638675790831929,11.992278089651654,12.046144485473633,672478000
2022-10-10,12.00724185114814,12.094026663340596,11.379797153136787,11.641149520874023,698699000
2022-10-11,11.532419973360271,11.816715273902876,11.255107337706313,11.557358741760254,667482000
2022-10-12,11.550375185170276,11.705988711915621,11.316953468077253,11.471570014953613,492590000
2022-10-13,10.943877897680135,12.048141591530223,10.786268503018803,11.93043327331543,850103000
2022-10-14,12.027193495602644,12.081059900782172,11.176302548165202,11.19924545288086,713432000
2022-10-17,11.48952497727775,11.918462240438945,11.48852799742512,11.858610153198242,580774000
2022-10-18,12.313481973149718,12.4611158389974,11.589277019716143,11.937414169311523,659362000
2022-10-19,11.84963214701234,12.319468398644798,11.804743321043421,12.021206855773926,523131000
2022-10-20,12.08305641221853,12.737434908106277,12.075075815413335,12.163856506347656,652398000
2022-10-21,12.068090417832614,12.467102092739703,11.85761257031653,12.4351806640625,609494000
2022-10-24,12.477077391333092,12.678577660700563,12.034174829585528,12.567852020263672,517457000
2022-10-25,12.662618457515958,13.267120266355917,12.632691937809854,13.228216171264648,505482000
2022-10-26,12.837184898566917,13.354900896725308,12.676582681545735,12.864117622375488,532953000
2022-10-27,13.596304034739564,13.803789999892798,13.08955953917814,13.143425941467285,583113000
2022-10-28,13.071604141512527,13.815760155792058,13.028710226197942,13.799798965454102,521040000
2022-10-31,13.74393998208494,13.803792077702445,13.26412909110309,13.463634490966797,486341000
2022-11-01,13.77685473939127,13.890573215216364,13.4855768377865,13.509517669677734,432817000
2022-11-02,13.815760885842039,14.174870563722804,13.178340660596593,13.186320304870605,672628000
2022-11-03,13.010753571214046,13.746928905168618,12.923968770800348,13.387818336486816,500065000
2022-11-04,13.951424297335134,14.193823590572745,13.66313824443395,14.121004104614258,612576000
2022-11-07,14.19282459299917,14.376369715229352,13.919502771881342,14.265644073486328,410061000
2022-11-08,14.764407269491864,14.854184915550686,14.180853521426073,14.565899848937988,595292000
2022-11-09,14.126986819932588,14.175866414863753,13.724983283457384,13.741941452026367,454414000
2022-11-10,14.763411236851555,15.734005334197544,14.511036451418649,15.71106243133545,700819000
2022-11-11,15.767920535169456,16.348481436653724,15.443724222491777,16.28663444519043,655487000
2022-11-14,16.17790566297231,16.49911010478808,15.882636965812782,16.254714965820312,527852000
2022-11-15,16.68066295893642,16.955979752198513,16.341503294428332,16.624801635742188,545876000
2022-11-16,16.122045274835585,16.32154969717503,15.833759225066268,15.870667457580566,649547000
2022-11-17,15.676146970970423,16.225785292694784,15.496591691851293,15.638240814208984,710894000
2022-11-18,15.926527067026893,15.962439267152297,15.082618903576678,15.370904922485352,492072000
2022-11-21,15.109553050431892,15.438737129847263,15.042718303446582,15.279132843017578,404739000
2022-11-22,15.290106315115047,16.018302109906227,15.084615259338909,15.998351097106934,472866000
2022-11-23,16.05820026675545,16.486140496528126,16.008324643497133,16.478158950805664,427241000
2022-11-25,16.277659960613633,16.44624088571978,16.1320209884095,16.229778289794922,167934000
2022-11-28,15.986378789361892,16.316561753105944,15.686124245692138,15.787871360778809,303741000
2022-11-29,15.787871978822768,15.89261289133373,15.481631739149844,15.600337028503418,298384000
2022-11-30,15.662196453752513,16.892463422668655,15.562418742832724,16.885478973388672,565298000
2022-12-01,16.961311508590725,17.22672059418411,16.598118225185257,17.097009658813477,470977000
2022-12-02,16.622066938764753,16.895459640770735,16.408540682249722,16.838584899902344,371389000
2022-12-05,16.64202078226574,16.957320143368804,16.43547900431618,16.57317352294922,352255000
2022-12-06,16.493352558842304,16.536256494140442,15.783928452332743,15.951556205749512,352694000
2022-12-07,15.737031971375904,16.150114595724432,15.632264273659429,16.084260940551758,372388000
2022-12-08,16.236918643594038,17.140909909653676,15.923613793839616,17.130931854248047,515456000
2022-12-09,17.1219504525688,17.544012856622604,16.93736119162572,16.963302612304688,465338000
2022-12-12,16.999227301100692,17.499115967644453,16.75975964222129,17.496122360229492,457328000
2022-12-13,18.48991872198985,18.748345320787976,17.671736886309308,18.031936645507812,656589000
2022-12-14,17.947122938893273,18.21153673692968,17.38138052214265,17.634817123413086,496888000
2022-12-15,17.107983556218308,17.281597547820855,16.662973286290804,16.914413452148438,478542000
2022-12-16,16.826615244074834,17.0032229060691,16.373621225157496,16.534263610839844,478232000
2022-12-19,16.535258005172167,16.572174722426883,16.109204679647327,16.21796226501465,354039000
2022-12-20,16.028387846789393,16.273842793219973,15.816858875179861,16.049341201782227,403260000
2022-12-21,16.078275356146534,16.590138515163844,16.066300925017234,16.46441650390625,325025000
2022-12-22,16.05831892986543,16.102222004625823,14.849006080737974,15.30499267578125,565045000
2022-12-23,15.162309883054668,15.304992495444772,14.850004092190744,15.172287940979004,349326000
2022-12-27,15.04058027199165,15.066522651056324,14.024836646016347,14.089693069458008,464902000
2022-12-28,13.896123310795858,14.230380640006066,13.853218422811985,14.004881858825684,351066000
2022-12-29,14.370070713593025,14.650446912717559,14.195458504097823,14.570624351501465,354923000
2022-12-30,14.302221216588292,14.59656727894766,14.201445300640174,14.5816011428833,310490000
2023-01-03,14.818074155568226,14.962753137456133,14.064747927725566,14.283262252807617,401277000
2023-01-04,14.5347061931835,14.820071447404848,14.209428703147058,14.716301918029785,431324000
2023-01-05,14.458872413551465,14.531710520758232,14.11663246222546,14.233373641967773,389168000
2023-01-06,14.441909831289994,14.976721722809424,14.002885769126838,14.826056480407715,405044000
2023-01-09,15.250116050155102,16.020403900966134,15.107432477127848,15.593353271484375,504231000
2023-01-10,15.472619594978903,15.926610744079499,15.437697345288079,15.87372875213623,384101000
2023-01-11,15.804881372380587,15.992464284529852,15.528495081310508,15.965523719787598,353285000
2023-01-12,16.064305755567425,16.60011394726638,15.457652972865747,16.474393844604492,551409000
2023-01-13,16.241910621869895,16.884483841910928,16.129162184625386,16.861534118652344,447287000
2023-01-17,16.861534824609727,17.68869739083552,16.861534824609727,17.66275405883789,511102000
2023-01-18,17.62783226446367,17.833374940410984,17.243685577032387,17.338476181030273,439624000
2023-01-19,16.998229980422312,17.158874241400532,16.693907773124163,16.72783088684082,452932000
2023-01-20,16.973286475081306,17.816414337109105,16.787699916065623,17.79945182800293,564967000
2023-01-23,18.0239511412495,19.202334514054723,17.77849813911899,19.150449752807617,655163000
2023-01-24,18.785259468912272,19.45177965907979,18.778275018636265,19.222288131713867,496204000
2023-01-25,18.871068158440618,19.3270556760891,18.538806268911344,19.28015899658203,449537000
2023-01-26,19.657320791237296,20.121289984084356,19.235258296776955,19.75809669494629,489535000
2023-01-27,19.418854801464647,20.582270274395025,19.361981955830526,20.319852828979492,542142000
2023-01-30,19.905771381530464,20.095348779096263,19.107543848870183,19.119518280029297,488611000
2023-01-31,19.127499744923487,19.643353741949113,18.90798817511003,19.49368667602539,498017000
2023-02-01,19.647343286751223,21.14501488817615,19.567520729990026,20.896568298339844,660477000
2023-02-02,20.953440010374486,21.90033534849852,20.654105914331332,21.66086769104004,564276000
2023-02-03,20.95344017438409,21.696789246514708,20.74290754825101,21.053218841552734,429366000
2023-02-06,20.759872338931974,21.522178471104034,20.739916222678673,21.042245864868164,452197000
2023-02-07,21.334593701458743,22.20965010200628,21.103107721044175,22.12384033203125,664150000
2023-02-08,22.33736119934657,22.827273648411705,21.959201832415932,22.155765533447266,559651000
2023-02-09,22.555882109825383,22.96896380674192,22.07095953858251,22.287477493286133,523876000
2023-02-10,21.641914381705053,22.029052780138088,20.764863390521825,21.21785545349121,550737000
2023-02-13,21.49024697725974,21.99911645552033,20.91552384659178,21.73969268798828,474919000
2023-02-14,21.530159368940577,22.99789874171555,21.318629492503824,22.920072555541992,675474000
2023-02-15,22.49900989243005,22.804331263638748,22.056993110518953,22.713533401489258,420575000
2023-02-16,22.083928543019674,22.50000383331045,21.878385888019974,21.95322036743164,412026000
2023-02-17,21.583047035533625,21.691804648830416,20.92850117636332,21.340585708618164,465888000
2023-02-21,20.95343770145244,21.446341861161894,20.572284722285456,20.609203338623047,410015000
2023-02-22,20.66109585965175,21.05721512005145,20.375728683689406,20.707990646362305,513184000
2023-02-23,23.388031723311734,23.83503841711281,22.97395090605858,23.611534118652344,1117995000
2023-02-24,23.173513218327404,23.421961761973428,22.896129634254915,23.234376907348633,589716000
2023-02-27,23.617522349762986,23.827055854409227,23.40200162980687,23.448896408081055,452994000
2023-02-28,23.320184085898383,23.772180806302725,23.15455174201123,23.16452980041504,455963000
2023-03-01,23.14057875941402,23.204437941311127,22.458095290551928,22.647674560546875,460026000
2023-03-02,22.43814303132255,23.328163685156042,22.382265528634285,23.262310028076172,389415000
2023-03-03,23.268298244670323,23.8470122834048,23.07871895003249,23.837034225463867,412393000
2023-03-06,23.838030356325884,24.194237273970714,23.434924859466854,23.50177764892578,437429000
2023-03-07,23.551677824513874,24.07560247170694,23.193411743392723,23.24031639099121,515154000
2023-03-08,23.438909531706024,24.150450902284962,23.376038799236685,24.131488800048828,513573000
2023-03-09,24.125499097663184,24.403929057492398,23.33512096029611,23.38801383972168,501257000
2023-03-10,23.36106942050816,23.578623466893095,22.679467330163575,22.917978286743164,474866000
2023-03-13,22.70541142718648,23.2502929083055,22.251343209013474,22.91897201538086,421890000
2023-03-14,23.447890629973315,24.169409811888126,23.411963139447696,24.013729095458984,474910000
2023-03-15,23.71234578983034,24.236270399989948,23.31216782093887,24.178390502929688,524486000
2023-03-16,23.977802891862606,25.535605516897093,23.845073897032023,25.48870277404785,583253000
2023-03-17,25.928800789668877,26.34494677671912,25.615442640620632,25.672327041625977,848547000
2023-03-20,25.56255140531931,25.970714347329455,25.07854386503028,25.846967697143555,432747000
2023-03-21,26.126395026788483,26.337960836204616,25.329031245204536,26.145355224609375,547408000
2023-03-22,26.370891881444173,27.53250995771594,26.183277100976117,26.41380500793457,797295000
2023-03-23,27.05948368440473,27.442698247567733,26.635354603888416,27.13532829284668,564889000
2023-03-24,26.975653609349873,27.111374826778054,26.301037139360137,26.72416877746582,454920000
2023-03-27,26.782048221700336,26.944714568093122,26.311014571134052,26.476675033569336,361026000
2023-03-28,26.392849502534016,26.45871435039119,25.7970717555382,26.355924606323242,356104000
2023-03-29,26.770078043139726,27.022558394921944,26.542544221094687,26.92875099182129,393694000
2023-03-30,27.1732450978703,27.4426926938408,27.046504340175957,27.326929092407227,364516000
2023-03-31,27.08442846214019,27.777007695296096,27.049500279209546,27.720125198364258,433933000
2023-04-03,27.452673959085395,27.942667821784,27.280027855037655,27.907739639282227,398716000
2023-04-04,27.908735793018696,27.94266656976958,27.251084780335454,27.396785736083984,368592000
2023-04-05,26.774068490200907,26.942721186079208,26.340957083573166,26.82596206665039,515015000
2023-04-06,26.529564526400943,27.024549174224266,26.372886420842022,26.981637954711914,397654000
2023-04-10,26.76807521785466,27.56444150970001,26.614391229529172,27.52252769470215,395279000
2023-04-11,27.66723481289394,27.7330996597478,27.070457767266205,27.113370895385742,314378000
2023-04-12,27.313960457156856,27.4117593746922,26.39384737924561,26.440752029418945,446259000
2023-04-13,26.67926041012461,26.831947015202942,26.275090880655256,26.408815383911133,353615000
2023-04-14,26.449729310820583,26.82795296952223,26.166310441978037,26.703208923339844,395660000
2023-04-17,26.510603252147177,26.95070019905627,26.3788735796498,26.94670867919922,321471000
2023-04-18,27.476627054688475,28.05244531067526,27.300986821273888,27.6103515625,604812000
2023-04-19,27.304977218888993,27.94266877758147,27.176241641344223,27.873809814453125,358660000
2023-04-20,27.61434236358742,27.972608458107462,26.9447167273433,27.048503875732422,427713000
2023-04-21,26.896814866617028,27.127342787585114,26.66728625337911,27.063472747802734,345103000
2023-04-24,26.9576876302619,27.309963550008472,26.616386963271044,26.98662757873535,339282000
2023-04-25,27.02255332861515,27.191207903080986,26.171301222877446,26.187267303466797,378527000
2023-04-26,26.94671176186849,27.274039268907778,26.65031901312097,26.90080451965332,406337000
2023-04-27,27.306974277389113,27.438703972842852,26.57048448729234,27.17025375366211,377161000
2023-04-28,27.1692571711631,27.70116489389645,27.015571252856407,27.692184448242188,292216000
2023-05-01,27.782996461743867,28.99850296142685,27.723119847489293,28.850805282592773,570329000
2023-05-02,28.621277734605123,28.776958460184716,28.025499975903916,28.152238845825195,402730000
2023-05-03,27.782993707204334,28.30891502450401,27.415747210218576,27.745071411132812,383387000
2023-05-04,27.594386035213223,27.80196035589655,27.18422822270649,27.505569458007812,321850000
2023-05-05,27.76902351276572,28.696120235561477,27.67421872062941,28.621274948120117,361494000
2023-05-08,28.463594976478973,29.160165639021326,28.291948200428276,29.091306686401367,344979000
2023-05-09,28.83982442392339,28.91367230214077,28.391744423620203,28.512495040893555,314869000
2023-05-10,28.945612307547268,29.05339288631877,28.402727410108433,28.82585906982422,369350000
2023-05-11,28.836837086943987,28.890727377935153,28.188168303530343,28.519487380981445,322149000
2023-05-12,28.470583157825374,28.72107056378974,27.988572349830026,28.281970977783203,274222000
2023-05-15,28.44962451405931,28.909680980904948,28.094354488734744,28.893712997436523,293926000
2023-05-16,28.781944947212995,29.808839206478215,28.77296450239682,29.153182983398438,449405000
2023-05-17,29.523423532319487,30.137164031905737,29.369739532230806,30.116207122802734,432535000
2023-05-18,30.347734802848134,31.762830690352914,30.25791892725925,31.61313819885254,748725000
2023-05-19,31.47142600851462,31.51533653819643,30.852696589930833,31.199983596801758,473908000
2023-05-22,30.837727010931786,31.455460948812917,30.617180758045432,31.112165451049805,372000000
2023-05-23,30.936527392343383,31.223937817936044,30.568283438861428,30.625165939331055,356253000
2023-05-24,30.14814019154648,30.54432854642124,29.74496810397816,30.4754695892334,721419000
2023-05-25,38.44411669724596,39.39915781484461,36.559982197378055,37.90222930908203,1543911000
2023-05-26,37.81241541975771,39.08979325980009,37.47311145513567,38.86625289916992,714397000
2023-05-30,40.5118797580755,41.85212836748926,39.86720258532556,40.02886962890625,923401000
2023-05-31,39.40714734389047,40.212494220771234,37.7445581109248,37.756534576416016,1002580000
2023-06-01,38.41018164381114,39.96798589092344,38.26148849807327,39.688560485839844,635873000
2023-06-02,40.014895164925456,40.4170698367897,38.97802122010776,39.2464714050293,482731000
2023-06-05,38.82933663228625,39.48399174658822,38.62775054976045,39.09080123901367,396094000
2023-06-06,38.750494112150655,39.0798164296081,38.069887549884086,38.574851989746094,388729000
2023-06-07,38.8393365135724,39.42220064737449,37.28336583715142,37.40213394165039,511998000
2023-06-08,37.650656098499375,38.78843910356959,37.43208391857247,38.43512725830078,417772000
2023-06-09,38.96109737948555,39.6337866781629,38.492013810296655,38.694618225097656,427717000
2023-06-12,39.12378588583667,39.453142301230535,38.542916712430916,39.405235290527344,388701000
2023-06-13,40.10786106340082,41.021082803319786,39.66272914194445,40.94223403930664,613208000
2023-06-14,40.74463443107391,42.91640270965308,40.47316006488062,42.91341018676758,740465000
2023-06-15,42.519176450195246,43.20484109231197,42.06505921158456,42.57007598876953,568622000
2023-06-16,43.3655191410193,43.63599213320871,42.5780517641451,42.60899353027344,655709000
2023-06-20,42.9144051358894,43.90447708552211,42.5910337413259,43.72282791137695,451153000
2023-06-21,43.41642607769267,43.530206665673255,41.9981911201456,42.96131134033203,551603000
2023-06-22,42.1708393507878,43.341558841574994,42.15187909756703,42.941341400146484,417737000
2023-06-23,42.38143932936339,42.725765968157205,41.9333109957247,42.12693405151367,358140000
2023-06-26,42.37844394803587,42.68085624285854,40.02203424973249,40.553001403808594,594322000
2023-06-27,40.71967293420545,41.858453292545065,40.369357466339395,41.794578552246094,462175000
2023-06-28,40.58094379252524,41.76364114383004,40.43922159164072,41.03705596923828,582639000
2023-06-29,41.47719520674288,41.51911336113598,40.521057714884826,40.74262619018555,380514000
2023-06-30,41.5989647398468,42.467272192490576,41.420311904436474,42.21975326538086,501148000
2023-07-03,42.434326127886784,42.81458581035407,42.11994000015232,42.330528259277344,198209000
2023-07-05,42.05307299440359,43.09304679541421,42.003170973529485,42.23472213745117,323618000
2023-07-06,41.76264953628558,42.09699732253943,41.265616640980895,42.02114486694336,303582000
2023-07-07,42.239712723775206,43.129980526432945,42.097990517388034,42.42036056518555,355881000
2023-07-10,42.57406186731793,42.72776176918797,41.56801853142634,42.09798812866211,353908000
2023-07-11,42.39839653240351,42.67485834432988,41.985203882736315,42.32254409790039,298244000
2023-07-12,42.94933285605686,43.84957954428274,42.69383007327396,43.81664276123047,481277000
2023-07-13,44.43144469055369,46.06525908080091,44.405494267990946,45.88760757446289,478204000
2023-07-14,46.492428621249765,47.99450350820883,44.972390985691305,45.38059616088867,772075000
2023-07-17,46.19900003919172,46.40559448511717,45.17399644703976,46.370662689208984,510488000
2023-07-18,46.61019966194242,47.8028759240553,45.645080740043866,47.40165710449219,569164000
2023-07-19,47.37171457968649,47.725026374946644,46.65111827083296,46.98546600341797,427502000
2023-07-20,46.416583944377486,46.99545817184235,44.974393528345054,45.43150329589844,537865000
2023-07-21,45.698971418551594,45.776822685139486,44.01425371443011,44.22284698486328,963769000
2023-07-24,44.64402903720118,45.02129625877823,43.95437445925072,44.52526092529297,382516000
2023-07-25,44.85362675642214,46.09320880823953,44.83566019898798,45.59019088745117,348081000
2023-07-26,45.93151847506049,45.96345774796509,44.54322423850326,45.363624572753906,364237000
2023-07-27,46.42855262404122,47.30284884094631,45.66104681024001,45.81075668334961,455976000
2023-07-28,46.57726209617673,46.93556524542494,46.29082136263418,46.65910339355469,331194000
2023-07-31,46.66309454574556,47.03836291442901,46.41557565297474,46.63814163208008,251055000
2023-08-01,46.36967069517526,46.80881767569898,45.93751388194452,46.41658020019531,237858000
2023-08-02,45.74188936339505,45.750870737209425,43.302641133046315,44.182926177978516,530142000
2023-08-03,43.714841517541664,45.03027980086514,43.714841517541664,44.42845153808594,324176000
2023-08-04,44.897531651391645,45.55325186395774,44.30668368202593,44.59312438964844,362666000
2023-08-07,45.02328860387296,45.451455331655026,44.47635377122551,45.32869338989258,322154000
2023-08-08,44.76579541158173,45.15403903929904,43.970344091683025,44.57716369628906,353843000
2023-08-09,44.187917131866904,44.22584525940291,42.05207850406444,42.47126388549805,586449000
2023-08-10,42.07803800548034,43.48929055749267,41.75366906562571,42.30559539794922,492705000
2023-08-11,41.66982393739307,41.936306917018776,40.55998646089097,40.77556610107422,533085000
2023-08-14,40.407277187048145,43.71483246792128,40.23261822669723,43.66792297363281,690286000
2023-08-15,44.473361921944495,45.17998551740348,43.62501232005784,43.85456466674805,676512000
2023-08-16,44.43344112151487,44.58813853982079,43.32160482572684,43.401451110839844,527451000
2023-08-17,43.884505920253574,43.97632609118521,42.91738827793847,43.25972366333008,452395000
2023-08-18,42.55209903416188,43.49326626137414,41.57899634242321,43.21480941772461,583768000
2023-08-21,44.4074878070853,46.9734880439128,44.13601730847926,46.87567901611328,692573000
2023-08-22,48.041406896438666,48.09330773941367,45.24485683130546,45.57920455932617,755293000
2023-08-23,45.77682903768783,47.10823512648874,45.12010736864763,47.02439880371094,779046000
2023-08-24,50.11836604551162,50.16826807045973,47.06731047667301,47.0713005065918,1156044000
2023-08-25,46.92059855717943,47.71205604609622,44.93646092899701,45.928531646728516,925341000
2023-08-28,46.3916241394205,46.88865698143186,44.800725372190506,46.74393844604492,685192000
2023-08-29,46.575258722484406,48.98556368912056,46.300791934750826,48.68914031982422,701397000
2023-08-30,48.94863943193041,49.82992198159772,48.330843509784565,49.168212890625,735206000
2023-08-31,49.283989932424504,49.64728061160453,48.86280955740575,49.259037017822266,528570000
2023-09-01,49.66524637506185,49.7031706927899,48.0483934780796,48.41468048095703,463830000
2023-09-05,48.12924438500935,48.7560255895284,47.766951165430406,48.45361328125,382653000
2023-09-06,48.35080099771677,48.45859779156676,46.49326626281809,46.97336959838867,468670000
2023-09-07,45.440229441727205,46.25770462589442,45.067922908266546,46.1548957824707,433330000
2023-09-08,45.856454433608306,46.519215678178135,45.18670244634744,45.48714065551758,473069000
2023-09-11,46.06206706824175,46.077038527672016,44.22948732817348,45.093875885009766,473966000
2023-09-12,44.654687644477335,45.58794785369134,44.448072389819984,44.786441802978516,349256000
2023-09-13,44.51694497475434,45.8444700948222,44.42012548496772,45.400299072265625,398355000
2023-09-14,45.864436629731664,45.90136648262812,45.04696145729557,45.496124267578125,370097000
2023-09-15,45.256567267439614,45.514086250608685,43.7264210191702,43.81825256347656,506831000
2023-09-18,42.668401863830084,44.15961943213608,41.92179358623107,43.884132385253906,500271000
2023-09-19,43.7513779115944,43.8841296709857,42.921924053303314,43.438961029052734,373064000
2023-09-20,43.51881278602881,43.82124998391259,42.14437793528599,42.16034698486328,367108000
2023-09-21,41.50556449339025,42.02160003234205,40.90368675780257,40.940616607666016,450736000
2023-09-22,41.49459285327168,42.036584881029356,41.1542281804466,41.53252410888672,479236000
2023-09-25,41.51354991090628,42.456789851544556,41.100319388968366,42.143375396728516,419091000
2023-09-26,41.922794610624216,42.74026989621768,41.57743818407739,41.83296203613281,402282000
2023-09-27,42.25117631483952,42.79216683776979,41.55148148041127,42.388916015625,444935000
2023-09-28,42.38093203987961,43.36509601724836,42.036577072071424,43.00876235961914,424663000
2023-09-29,43.74538760189782,44.06179864340564,43.22635545841842,43.417999267578125,397830000
2023-10-02,43.948009813372195,45.09087814744479,43.77932579033049,44.698612213134766,433298000
2023-10-03,44.724558993956826,45.045961784832514,43.165467413747166,43.43596267700195,470850000
2023-10-04,43.660548982906214,44.06080325905543,43.21138616245394,43.95899200439453,361821000
2023-10-05,43.96797721587723,44.81639678263096,43.80628011216114,44.60478973388672,393483000
2023-10-06,44.110713380697035,45.70374229719828,43.944024517632684,45.67679214477539,434436000
2023-10-09,44.75850060605626,45.520080342411596,44.28538419676615,45.188697814941406,409675000
2023-10-10,45.22562871384522,46.17285906419018,45.004041982640686,45.71271896362305,368582000
2023-10-11,46.109980599288626,46.77174808079545,45.96425254771436,46.71884536743164,378137000
2023-10-12,46.68989946190785,47.52035097000379,46.243733198035265,46.85758590698242,481325000
2023-10-13,46.87255588078778,47.02826743741539,45.19568386802554,45.376346588134766,474115000
2023-10-16,44.97908693457242,46.13892190023753,44.82836714020883,46.0091667175293,375099000
2023-10-17,43.91807074145932,44.67066838631244,42.40090056802487,43.85618591308594,812333000
2023-10-18,42.51168892025405,43.13852165493323,41.74711648202066,42.11742401123047,627294000
2023-10-19,42.731286777485096,43.216381906827145,41.8040157217801,42.02260971069336,501233000
2023-10-20,41.81199440818419,42.39091619548763,41.00150619051564,41.309932708740234,477266000
2023-10-23,41.15223395492377,43.16747569287728,40.86876235135564,42.894981384277344,478530000
2023-10-24,42.996784415979555,43.615628825296106,42.611505424258,43.58169174194336,401463000
2023-10-25,43.31719108723883,43.56872457047859,41.47762427336827,41.70120620727539,398379000
2023-10-26,41.77506880872993,42.177318286010724,39.80574303401105,40.250911712646484,541001000
2023-10-27,41.053411354619094,41.1292700454015,39.94048596248548,40.424583435058594,416784000
2023-10-30,41.01049469201982,41.68822738791205,40.405620307517786,41.084354400634766,388028000
2023-10-31,40.37468366362989,40.80288572703797,39.15695406100747,40.70406723022461,517969000
2023-11-01,40.80787414060049,42.30208841819016,40.79290267934758,42.246192932128906,437593000
2023-11-02,43.247317846401735,43.802282272530825,42.814127888386025,43.42498779296875,409172000
2023-11-03,43.93802957100558,45.22462694220357,43.64158173973637,44.92119598388672,424610000
2023-11-06,45.2006701825068,45.84946127643141,44.815387407221024,45.665802001953125,400733000
2023-11-07,45.63386992886557,46.13193749816825,45.073913725971586,45.86943054199219,343165000
2023-11-08,46.014157765591044,46.77973167159943,45.882403587242706,46.48727798461914,346719000
2023-11-09,47.378607266813916,48.1401869158154,46.662943389487246,46.862571716308594,540496000
2023-11-10,47.411554622346145,48.38174487246118,47.19495962235481,48.244998931884766,421245000
2023-11-13,48.230027897633555,49.02454717798487,48.00943872930376,48.52946853637695,384136000
2023-11-14,49.58749116388393,49.74120373030796,48.948683517262864,49.563533782958984,416954000
2023-11-15,49.84201782618033,49.86696898933371,48.11024794590893,48.796966552734375,475497000
2023-11-16,48.588356005845505,49.432781344923285,48.240006851203624,49.38786315917969,339756000
2023-11-17,49.43178055903223,49.62442196935827,48.915744960766254,49.20620346069336,325205000
2023-11-20,49.22017851068948,50.453877068941594,49.08942192234672,50.31513595581055,414120000
2023-11-21,50.03265822480747,50.42292897370047,49.130342262240724,49.85099792480469,565747000
2023-11-22,49.759164546453185,50.24126298029007,47.6011881616042,48.62527847290039,899420000
2023-11-24,48.37974638442562,48.829906801279186,47.656094105123046,47.68703842163086,294645000
2023-11-27,47.71098998988454,48.4396301867081,47.5632667713432,48.15216827392578,395662000
2023-11-28,48.14617697047183,48.233016759843025,47.38459731024166,47.73194885253906,401491000
2023-11-29,48.288914999950215,48.67120123627393,47.7708804254883,48.050357818603516,382005000
2023-11-30,47.934569759213595,48.0204119586937,46.33555556358415,46.68290710449219,526247000
2023-12-01,46.43837411108703,47.112116530587656,46.1010022026633,46.67792510986328,369317000
2023-12-04,45.99120808412224,45.99120808412224,44.92619341001044,45.425262451171875,437543000
2023-12-05,45.38533254496545,46.517319443047896,45.19067882409736,46.48338317871094,371718000
2023-12-06,47.13122835946555,47.30292406979546,45.331425953011845,45.422264099121094,380590000
2023-12-07,45.618910872891085,46.54626331215597,45.52308054469381,46.51332092285156,350823000
2023-12-08,46.51232804934258,47.65629461849747,46.467405912391875,47.42171096801758,359224000
2023-12-11,47.40673880790064,47.446664942684954,45.74868658721169,46.54426956176758,509728000
2023-12-12,45.96429952454466,47.58142400474077,45.96429952454466,47.57244110107422,372387000
2023-12-13,47.54449269431196,48.50778063121328,47.52353004634861,48.00267791748047,447792000
2023-12-14,48.30413968812158,48.58364165791398,47.337858729747325,48.26420974731445,391232000
2023-12-15,48.10848894942567,49.31634111544804,48.034618938742405,48.803253173828125,479948000
2023-12-18,49.312347036005846,50.34351123549537,49.06279063158867,49.98814392089844,412587000
2023-12-19,49.33630266590499,49.61181391094036,48.80824198487287,49.51598358154297,464444000
2023-12-20,49.56688996732464,49.91028133379936,48.01265353097003,48.025630950927734,397894000
2023-12-21,48.724392927903814,49.007889407965415,48.333086371904265,48.903076171875,300425000
2023-12-22,49.107712672335644,49.29537882848635,48.38100372795406,48.74336242675781,252507000
2023-12-26,48.88110985273242,49.51198840359391,48.873124626710656,49.191558837890625,244200000
2023-12-27,49.42315780443188,49.591856680513665,48.997911127361846,49.329322814941406,233648000
2023-12-28,49.55491912329638,49.79548883206165,49.324326187941345,49.43413162231445,246587000
2023-12-29,49.72461566156116,49.90829110638661,48.664499712290464,49.43413162231445,389293000
2024-01-02,49.1566219566508,49.20753015338818,47.51054964423797,48.0825309753418,411254000
2024-01-03,47.40074185532866,48.098499031561545,47.23603372218609,47.48459243774414,320896000
2024-01-04,47.68224124777032,48.413942329548256,47.42370194062123,47.91283416748047,306535000
2024-01-05,48.37601228101952,49.459086175725254,48.220287041681374,49.009883880615234,415039000
2024-01-08,49.42414836733732,52.18224626703925,49.391205977221674,52.160282135009766,642510000
2024-01-09,52.30802433098523,54.22861030764682,51.59828353362604,53.045711517333984,773100000
2024-01-10,53.52086794542818,54.50311934146144,53.39409057576156,54.253562927246094,533796000
2024-01-11,54.90141170121365,55.24779611496442,53.46496584925973,54.72472381591797,596759000
2024-01-12,54.52308221048439,54.872463461679565,54.23359967517569,54.61292266845703,352994000
2024-01-16,54.92037758541191,56.734151032115776,54.80258693421074,56.28195571899414,449580000
2024-01-17,56.24702551752996,56.370806056804064,54.64287831771136,55.953548431396484,474394000
2024-01-18,57.15840086229008,57.497797746406825,56.00744677307047,57.005672454833984,491650000
2024-01-19,57.88610696898355,59.394427545023596,57.12346261571884,59.38544464111328,543501000
2024-01-22,59.94245635666948,60.223957503871716,58.96519328035112,59.54815673828125,452955000
2024-01-23,59.464301820428496,59.803698694627826,58.48104894335419,59.76676559448242,294654000
2024-01-24,60.19700279855746,62.73748534909312,59.831651069260054,61.25312423706055,560271000
2024-01-25,62.23937252647403,62.607721109617174,60.742033936667,61.50767517089844,482777000
2024-01-26,60.85183724757184,61.67337885004867,60.465526677085045,60.92271041870117,390309000
2024-01-29,61.12335395532468,62.37812361839996,60.79893365210522,62.35416793823242,348733000
2024-01-30,62.788400246614664,63.38034661468554,62.1495325776363,62.662620544433594,410735000
2024-01-31,61.33098779929159,62.15851930991276,60.592302887690344,61.4178352355957,453795000
2024-02-01,61.98980787209497,63.07887540719106,61.54060940108073,62.915164947509766,369146000
2024-02-02,63.86048434942647,66.48182425910672,63.57698787949549,66.04261016845703,476578000
2024-02-05,68.10393877262449,69.37368488045085,67.085752030502,69.20897674560547,680078000
2024-02-06,69.50645284574946,69.630233381063,66.18236704818828,68.1019515991211,683111000
2024-02-07,68.19778404882926,70.09541214076467,67.48005798042527,69.97462463378906,495575000
2024-02-08,69.9496558671256,70.66837949372972,69.33175856710787,69.51742553710938,414422000
2024-02-09,70.40786033375117,72.0569298484953,70.08743069197543,72.0050277709961,436637000
2024-02-12,72.47118484090161,74.4786183227707,71.1235816589561,72.11981201171875,613710000
2024-02-13,70.27509946360114,73.31968365428922,69.4964845401849,72.00003051757812,602580000
2024-02-14,73.0721307009838,74.10429279758857,71.81037331243682,73.76889038085938,504917000
2024-02-15,73.73794078168315,73.84374789733648,72.27154539670707,72.52908325195312,420122000
2024-02-16,73.96851471281462,74.2699807907232,72.37235296886776,72.4841537475586,495327000
2024-02-20,71.81934169951924,71.82832841143384,67.61381946264177,69.32877349853516,704833000
2024-02-21,67.88533642606332,68.76577530674938,66.13045996080022,67.35228729248047,673755000
2024-02-22,74.8918837924214,78.43558041658676,74.08831180865685,78.39865112304688,865100000
2024-02-23,80.64664555528343,82.24779566972408,77.43235796782388,78.6771469116211,829388000
2024-02-26,79.55857539682756,80.50290355503131,78.3656961376025,78.95166015625,503973000
2024-02-27,79.24014166205446,79.33897263573371,77.02508494380959,78.56134796142578,391705000
2024-02-28,77.48226929356848,78.79293534780788,76.98814490868608,77.52519226074219,393110000
2024-02-29,78.95366047452625,79.84806674793919,78.21097730890395,78.97162628173828,507289000
2024-03-01,79.85805518730493,82.15397732028299,79.29405523547015,82.13301086425781,479135000
2024-03-04,83.98071640863849,87.5393930852347,83.57045019844777,85.08575439453125,615616000
2024-03-05,85.12269695886387,85.94827183043155,83.27290109267872,85.81549835205078,520639000
2024-03-06,87.8699456446009,89.56900130568565,86.87965493223747,88.54676818847656,582520000
2024-03-07,90.00224735235656,92.60674140930558,89.44720809741612,92.5089111328125,608119000
2024-03-08,94.97363874493585,97.23173191783087,86.35654773150235,87.37678527832031,1142269000
2024-03-11,86.27969121669621,88.64359662209651,84.02060015441661,85.62582397460938,678364000
2024-03-12,87.89689583589372,91.80113493638854,86.0011743538899,91.75421905517578,668075000
2024-03-13,90.89769886633881,91.34592070136199,88.28222228746216,90.73098754882812,635713000
2024-03-14,89.42225831640668,90.48941185201531,86.45039611721776,87.79207611083984,602318000
2024-03-15,86.77982614282709,89.39130424407391,86.10799224334774,87.68525695800781,642086000
2024-03-18,90.23185202169164,92.24536587684682,86.9345566695886,88.30219268798828,668976000
2024-03-19,86.55021612428985,90.38757708954982,84.86314090656104,89.24356079101562,672171000
2024-03-20,89.64187768825083,90.25382534481801,88.07059918494765,90.21588897705078,479063000
2024-03-21,92.14054972284487,92.48794810720764,90.24881917443113,91.27703857421875,480372000
2024-03-22,90.983542177901,94.61425987373234,90.67707334814835,94.12610626220703,586719000
2024-03-25,93.77871131394467,96.59882785449742,93.34845614456138,94.83787536621094,552136000
2024-03-26,95.68541767838448,96.20851455285562,92.34220396856466,92.4011001586914,513648000
2024-03-27,92.95114873658731,93.0789259717654,88.96904130951937,90.0940933227539,586067000
2024-03-28,89.8445252112995,91.1422825108375,89.03892009399118,90.19991302490234,435212000
2024-04-01,90.14301673764523,92.06568455405531,89.0499070749777,90.20690155029297,452441000
2024-04-02,88.295199136712,89.93835929549583,87.46863424504667,89.29747009277344,433064000
2024-04-03,88.33115142365672,90.21788597554938,88.24729689318218,88.81031799316406,370067000
2024-04-04,90.24981545155312,90.47742601324012,85.73163346290652,85.756591796875,434965000
2024-04-05,86.71593161708087,88.32814710111496,85.77756069682601,87.85596466064453,399678000
2024-04-08,88.54675414355297,88.67653442305598,86.5821594652945,86.98246765136719,283220000
2024-04-09,87.29093308519522,87.48360044285332,82.87857107978263,85.20653533935547,501700000
2024-04-10,83.78102010903869,87.24901778988773,83.56439211342133,86.88864135742188,431929000
2024-04-11,87.26897200773683,90.58223837088431,86.77582976459976,90.4594497680664,431637000
2024-04-12,89.54404775764081,90.01923104025528,87.37879585703206,88.03366088867188,426805000
2024-04-15,88.94407438415881,90.45645646962656,85.78055040974887,85.85242462158203,443077000
2024-04-16,86.28367890740496,87.96576550123054,85.91532070970885,87.26398468017578,370453000
2024-04-17,88.18738725935935,88.62164096734257,83.80497167986917,83.88983154296875,495400000
2024-04-18,84.82321393436638,86.0411075798554,82.25964941091485,84.52472686767578,447260000
2024-04-19,83.00636595540483,84.17833393456459,75.47539894537725,76.06836700439453,875198000
2024-04-22,77.9690642204774,79.93466435331439,76.26801328194024,79.38062286376953,596341000
2024-04-23,80.62947459576492,82.62601974052421,80.1253496885507,82.2806167602539,438559000
2024-04-24,83.80498952587293,83.93676529898433,79.04622530465774,79.53937530517578,512208000
2024-04-25,78.73175253009703,83.1790583894206,78.08787011237102,82.4892578125,424641000
2024-04-26,83.67320929669376,88.17841379736606,83.24295407183207,87.58344268798828,551011000
2024-04-29,87.44368500312586,87.8399947565515,85.11870586410434,87.60540771484375,388971000
2024-04-30,87.08928872900789,88.66556334587189,86.15091777999787,86.25273895263672,363709000
2024-05-01,84.93002290842145,85.85142484392729,81.11461964994571,82.89753723144531,559863000
2024-05-02,84.30311392551386,86.08802721004574,83.05627099401435,85.66875457763672,377898000
2024-05-03,87.6373400551101,89.12675929539812,86.8896334546632,88.63561248779297,398341000
2024-05-06,89.23557796278553,92.06069095925291,88.90115758999175,91.98082733154297,376203000
2024-05-07,90.94061902784969,91.62243773928878,88.8572265315021,90.3975601196289,437342000
2024-05-08,89.3284100650337,91.03645266362885,89.26551537048084,90.25580596923828,325721000
2024-05-09,90.37260819958134,90.91466942223298,88.07858152551931,88.59368896484375,378013000
2024-05-10,90.14900450939767,91.24311191356409,89.07286375704587,89.72274017333984,335325000
2024-05-13,90.32169428450598,90.84080023922876,88.37606371894472,90.24283599853516,289680000
2024-05-14,89.44422015487879,91.49267735254841,88.78036800318161,91.19818878173828,296507000
2024-05-15,92.31226052004403,94.69813133508781,91.44076747625896,94.4665298461914,417735000
2024-05-16,94.74604980958085,95.65347613046144,93.94043705092355,94.19599914550781,323952000
2024-05-17,94.20597095996422,94.57632459586712,91.64739527694968,92.31922912597656,359691000
2024-05-20,93.58805245494568,95.03554461976276,93.27859039868353,94.61627197265625,318764000
2024-05-21,93.43730641374981,95.23519767784772,93.01903151729087,95.22122192382812,328946000
2024-05-22,95.29408831779949,95.85411617010452,93.0879071432018,94.78596496582031,548648000
2024-05-23,101.85174564222405,106.13633099300849,101.34461998726044,103.61968994140625,835065000
2024-05-24,104.2685576920773,106.29105867121642,102.82206339543845,106.28507232666016,429494000
2024-05-28,110.0535586136133,114.74044777454472,109.69318217417998,113.70423889160156,652728000
2024-05-29,112.8547051589029,115.29248024146612,110.70941556106891,114.62663269042969,557442000
2024-05-30,114.45193707992216,115.61891628592592,109.47355289556607,110.3091049194336,484553000
2024-05-31,112.32560941345422,112.52227529514084,106.75525509489461,109.443603515625,613263000
2024-06-03,113.42473014133537,114.80134582519531,111.80952128063097,114.80134582519531,438392000
2024-06-04,115.51609997186799,116.39856789561996,113.84798144289938,116.23584747314453,403324000
2024-06-05,118.16652151115385,122.23747225440593,117.26508152569082,122.2284927368164,528402000
2024-06-06,123.83370517037008,125.3700480295792,118.11560338652608,120.78897857666016,664696000
2024-06-07,119.56310374577737,121.48178833918006,117.81812979264019,120.6791763305664,412386000
2024-06-10,120.16206002224595,122.88733960177423,116.80786391189227,121.57960510253906,313434100
2024-06-11,121.56962984389475,122.66782593913159,118.54461678500223,120.71105194091797,222551200
2024-06-12,122.85750988511934,126.67122400488891,122.36831828276222,124.99398803710938,299595000
2024-06-13,129.1770893049594,129.5864183097163,126.9507630154097,129.396728515625,260704500
2024-06-14,129.7461556011969,132.62140615970972,128.10885485479358,131.66299438476562,309320400
2024-06-17,132.77118307637525,133.5099557271365,129.3667902512595,130.7644805908203,288504400
2024-06-18,130.92420671975586,136.10566894087242,130.47495024767164,135.35690307617188,294335100
2024-06-20,139.56996619369176,140.52837801062054,129.30688285479897,130.56480407714844,517768400
2024-06-21,126.91081519572728,130.41504130352394,124.09545606742938,126.3617172241211,649445800
2024-06-24,123.03719724453093,124.2551908621237,117.8457572795687,117.91564178466797,476060900
2024-06-25,121.00057673643838,126.2918592621421,119.12367279539588,125.88253021240234,414192600
2024-06-26,125.92244899462368,127.90917229563556,122.39825886605338,126.19200897216797,362975900
2024-06-27,123.8957921998042,126.2019962793405,122.71773358253314,123.78597259521484,252571700
2024-06-28,124.37501298465715,127.49986001719877,122.54802231076043,123.33672332763672,315516700
2024-07-01,123.26684571285593,124.634586662626,118.63448090183465,124.0954818725586,284885500
2024-07-02,120.93067286767031,123.20692743216773,120.8308389451457,122.4681396484375,218374000
2024-07-03,121.45980705227005,128.06890869140625,121.16029766804549,128.06890869140625,215749000
2024-07-05,127.17039258704797,128.63798252741702,125.47319299554034,125.6229476928711,214176700
2024-07-08,127.28019064518816,130.5547992263396,126.83093424608442,127.98902130126953,237677300
2024-07-09,130.1355144487565,133.59980576329167,128.43829962119838,131.163818359375,285366600
2024-07-10,133.80946190177127,134.87770860466375,132.20211043348235,134.68801879882812,248978600
2024-07-11,135.52663558437,135.9259713268732,126.84095369862746,127.19037628173828,374782700
2024-07-12,128.04896049446677,131.70294212873284,127.01067837288572,129.02735900878906,252680500
2024-07-15,130.34517510581753,131.17381125800816,126.97073927484084,128.22866821289062,208326200
2024-07-16,128.22865593379024,128.82765950066548,124.37500690887067,126.1520767211914,214769500
2024-07-17,121.15030890615485,121.64948612259293,116.52793062400055,117.79583740234375,390086200
2024-07-18,121.64949097287113,122.19858897958201,116.36819489836525,120.89073944091797,320979500
2024-07-19,120.15196272062997,121.39990584738524,117.176870571876,117.73594665527344,217223800
2024-07-22,120.15196984200875,123.86585002604772,119.66277824004172,123.33672332763672,258068900
2024-07-23,122.57795729865761,124.4848179409612,121.89907597271183,122.38826751708984,173911000
2024-07-24,118.97389854949489,119.75261380553808,113.2533317889684,114.06199645996094,327776900
2024-07-25,112.85398157444311,116.43807019163434,106.12507509382444,112.09523010253906,460067000
2024-07-26,115.99880916186419,116.00878722251285,111.3963944118867,112.87395477294922,293399100
2024-07-29,113.50293810461493,116.08867288971433,111.11687119487814,111.40638732910156,248152100
2024-07-30,111.33648541055072,111.80571322284378,102.37126667488353,103.55931091308594,486833300
2024-07-31,112.71421539482289,118.1452582531107,110.6975352036146,116.82743072509766,473174200
2024-08-01,117.33660563582859,119.9622829008677,106.63424395188704,109.0302963256836,523462300
2024-08-02,103.58926418951675,108.54110155423277,101.20319756374683,107.0934829711914,482027500
2024-08-05,91.90851250035082,103.239842127859,90.5407717150732,100.28470611572266,552842400
2024-08-06,103.66912407688663,107.53275860175525,100.38454458708775,104.07845306396484,409012100
2024-08-07,107.6325946135043,108.62097103799087,98.52760658313275,98.74724578857422,411440400
2024-08-08,101.83215768316434,105.3263983879788,97.3595262295921,104.79727172851562,391910000
2024-08-09,105.46616394434741,106.42458330646772,103.25980151433504,104.57762908935547,290844200
2024-08-12,106.14505996593543,110.88724428013212,106.08516112777683,108.84061431884766,325559900
2024-08-13,112.25497470709487,116.03873891622582,111.39638928672005,115.94888305664062,312646700
2024-08-14,118.33496052966188,118.40484504167927,113.88230026594151,117.88570404052734,339246400
2024-08-15,118.56458490618095,123.03720888953038,117.27670666159618,122.6578369140625,318086700
2024-08-16,121.73934484458584,124.79430704362497,120.98059332504539,124.375,302589900
2024-08-19,124.07548340044629,129.78607177734375,123.21689800857207,129.78607177734375,318333600
2024-08-20,128.18872055728244,129.66629628755138,125.6828560733908,127.04061889648438,300087400
2024-08-21,127.11048517418402,129.13715105648026,126.45157521398528,128.28854370117188,257883600
2024-08-22,129.80605728559254,130.5348518103843,122.89743830728821,123.53638458251953,376189100
2024-08-23,125.65288601497598,129.38673697357257,125.01393980516215,129.1571044921875,323230300
2024-08-26,129.3567902083498,131.04399639094717,124.16534262628207,126.25189971923828,331964700
2024-08-27,124.84424526829238,128.98741074794592,123.67616460225028,128.08889770507812,303134600
2024-08-28,127.90917706049713,128.118838213882,122.43819852070378,125.40331268310547,448101100
2024-08-29,121.1602924143949,124.22524016378769,116.51794286125214,117.39649200439453,453023300
2024-08-30,119.33331674975315,121.54966504357485,117.02712020356385,119.173583984375,333751600
2024-09-03,115.81910218205195,116.01877002584149,107.11345013644421,107.82228088378906,477155100
2024-09-04,105.2365459269591,113.0836048738263,103.94866777615402,106.03522491455078,372470300
2024-09-05,104.8172363950656,109.46957200218677,104.58761912643209,107.03358459472656,306850700
2024-09-06,107.86221523834789,107.97203483673319,100.78387825686288,102.6607894897461,413638100
2024-09-09,104.7074122640328,106.37466998895037,103.5193756446925,106.2947998046875,273912000
2024-09-10,107.63258020585863,109.21996758561849,104.77728615100841,107.92210388183594,268283700
2024-09-11,109.20999122026392,116.99715887318843,107.24323176128858,116.71762084960938,441422400
2024-09-12,116.6577172050991,120.60155948017247,115.19999582839206,118.95413208007812,366052700
2024-09-13,118.8942191250157,119.77284345041441,117.41652479583126,118.9141845703125,238358300
2024-09-16,116.60779536966285,117.99562620382233,114.1815861384539,116.59780883789062,248772300
2024-09-17,117.98564481894722,118.61466685067687,114.65085910577872,115.40966796875,231925900
2024-09-18,115.70918780797278,117.51636140830334,113.04335537027728,113.19312286376953,310318900
2024-09-19,117.16691844656921,119.47331975028854,117.06707598202318,117.68611145019531,293506400
2024-09-20,116.87737463970251,118.43494609535816,115.2099818009,115.81903076171875,382462400
2024-09-23,116.36817703420066,116.80748542405605,114.68081111279044,116.07862854003906,206228500
2024-09-24,116.33821493002908,121.60998405209612,115.19999404233639,120.68143463134766,354966800
2024-09-25,121.8296407501193,124.74509122698359,121.42028432700172,123.31732177734375,284692900
2024-09-26,126.6021852727835,127.47082313052574,121.609985658202,123.84648895263672,302582900
2024-09-27,123.77659196922,123.83649592385486,119.07394109309165,121.21060180664062,271009200
2024-09-30,118.12541998168962,121.31044564232414,117.96567356169257,121.25054168701172,226553700
2024-10-01,121.5800295838127,122.2489901408394,115.60936293760753,116.81747436523438,302094500
2024-10-02,116.25833761189251,119.19374556676668,114.9603627706106,118.6645736694336,221845900
2024-10-03,120.73135113827638,124.16598683922703,120.15225416683853,122.65834045410156,277118000
2024-10-04,124.74507834860822,124.84492081095192,121.63992977952229,124.72510528564453,243678100
2024-10-07,124.7949925984476,130.43617917860723,124.75505409102715,127.52073669433594,346250200
2024-10-08,130.0567764001493,133.27175410957346,129.2180905372518,132.68267822265625,285722500
2024-10-09,133.9007678130665,134.31013180466115,131.17503131034326,132.4430389404297,246191600
2024-10-10,131.70420101079952,134.78937641455914,130.79561711338704,134.59967041015625,242311300
2024-10-11,133.80093033986074,135.5681732923908,133.4514855032485,134.58970642089844,170209500
2024-10-14,136.25710420849128,139.38222619629536,136.08737124143596,137.8546142578125,232347700
2024-10-15,137.65489041774774,138.35381046607344,128.53914539910267,131.39468383789062,377831000
2024-10-16,133.7709642153392,136.40684475827754,131.37471471629812,135.5082550048828,264879700
2024-10-17,139.12262899690117,140.6702140778628,136.65648092397825,136.7163848876953,306435900
2024-10-18,138.45366668655112,138.6833036103306,137.06583575895257,137.7847137451172,176090200
2024-10-21,137.91451267760561,143.48580932617188,137.78471061125512,143.48580932617188,264554500
2024-10-22,142.6870654207542,144.19470435057536,141.55882333477078,143.36599731445312,226311600
2024-10-23,141.80841766733155,142.20778753302577,137.24555525009052,139.34226989746094,285930000
2024-10-24,140.6003124972593,141.12948441968888,138.2439937495604,140.19094848632812,172354900
2024-10-25,140.71013437273555,143.90515439009727,140.5803475394567,141.31918334960938,205122100
2024-10-28,142.77692350375753,142.91670449778834,139.83152847847435,140.30079650878906,173586700
2024-10-29,140.0711235834401,142.0380513591214,138.68329276437913,141.02963256835938,157593600
2024-10-30,139.32230457284558,140.11108066863528,136.59656776236113,139.12261962890625,179418100
2024-10-31,137.38534807029694,137.39532698555524,131.9039070664443,132.55288696289062,270039600
2024-11-01,134.48984636430032,137.09577501351765,134.36005954202903,135.18875122070312,207127800
2024-11-04,136.99596264099162,138.74323268611076,135.35852160810796,135.8377685546875,187528200
2024-11-05,137.23555788662173,140.151000495864,137.11574997671616,139.6917266845703,160537400
2024-11-06,142.73698322061895,146.2614750565614,141.73854326176877,145.38284301757812,242043900
2024-11-07,146.1616297903136,148.69766066609404,145.9419717733186,148.6477508544922,207323300
2024-11-08,148.53790960818029,149.53634951772108,146.03181568484314,147.39968872070312,175665800
2024-11-11,148.44801790297308,148.6177660708997,143.3460052965638,145.03335571289062,182325600
2024-11-12,146.55100082856893,149.41651833977537,145.78219787373922,148.0586395263672,198634700
2024-11-13,148.83741275957428,149.09700159587854,145.67234551723544,146.04177856445312,191903300
2024-11-14,147.40965302668107,148.76753177848803,145.32291747893564,146.53102111816406,194463300
2024-11-15,144.64398997756967,145.0134231170618,139.86146934373124,141.7584991455078,250132900
2024-11-18,139.28235565663965,141.32916034590224,136.93601597273187,139.93133544921875,221205300
2024-11-19,141.09954425974988,146.90047806374457,140.77005724054902,146.78065490722656,227834900
2024-11-20,147.18003223590216,147.32979212988033,142.50732548898966,145.6623992919922,309871700
2024-11-21,149.11701974284432,152.65149063112756,140.4805046221909,146.44119262695312,400946600
2024-11-22,145.70231714314025,146.93040910376754,140.87986616890575,141.72853088378906,236406200
2024-11-25,141.76848775116036,141.82839170792872,135.60811535874635,135.80780029296875,344941900
2024-11-26,137.4852029817622,139.08271328524165,135.45837073477773,136.7064208984375,190287700
2024-11-27,134.7993582371888,137.00591700209634,131.59437486042492,135.12884521484375,226370900
2024-11-29,136.56662423239774,139.13262238748922,135.837767286179,138.03433227539062,141863200
2024-12-02,138.61338117601127,140.23084856577083,137.60496259418272,138.4136962890625,171682800
2024-12-03,138.04430354930304,140.32074544201365,137.73478959893222,140.0411834716797,164414000
2024-12-04,141.77847337465352,145.56255409442886,140.07113435104438,144.91357421875,231224300
2024-12-05,144.89361745373108,146.3214777724878,143.7353435501018,144.84368896484375,172621200
2024-12-06,144.38435184545514,145.48270218050342,141.09924996942553,142.22756958007812,188505600
2024-12-09,138.76276188244717,139.74129618907318,136.9255094433844,138.60299682617188,189308600
2024-12-10,138.80268748950093,141.60850970621567,133.5904709096604,134.8685760498047,210020900
2024-12-11,137.155160163518,139.96096726526153,135.00837248215075,139.1022491455078,184905200
2024-12-12,136.8755708420711,138.23354324797214,135.59748095840345,137.1351776123047,159211400
2024-12-13,138.7327975455873,139.39181692680097,132.34233289302693,134.04978942871094,231514900
2024-12-16,133.9798724705664,134.19954557462145,130.2254857362255,131.80313110351562,237951100
2024-12-17,128.89749220508244,131.39376410572794,126.67082193579633,130.195556640625,259410300
2024-12-18,133.6603731199009,136.49613412730267,128.08869283192976,128.71775817871094,277444500
2024-12-19,131.56349862817564,133.8301176053825,129.3568029702355,130.485107421875,209719200
2024-12-20,129.61640819653473,135.07825184796977,128.02878306565836,134.49911499023438,306528600
2024-12-23,136.07677163513355,139.58153187306692,134.91849782504636,139.4617156982422,176053500
2024-12-24,139.79122163679293,141.6883821217358,138.44322876231024,140.01089477539062,105157000
2024-12-26,139.4916759779926,140.6399702368576,137.52461242783102,139.72132873535156,116205600
2024-12-27,138.34337590905767,138.81267619141968,134.50910636621433,136.8056640625,170582600
2024-12-30,134.628906293037,140.060795108374,133.82011682531788,137.28494262695312,167734700
2024-12-31,137.82414956509464,137.86409844380188,133.63041622678574,134.0897216796875,155659200
2025-01-02,135.7971917031726,138.67290181477085,134.4292395740467,138.10374450683594,198247200
2025-01-03,139.80120658589456,144.6839138332244,139.5216253508109,144.2545623779297,229322500
2025-01-06,148.36840963752263,151.93309314343088,147.599568879649,149.2071533203125,265377400
2025-01-07,152.80177547515166,152.9016324332477,139.80118875754107,139.93099975585938,351782200
2025-01-08,142.36736432306787,143.7353162901366,137.35484666292894,139.9010467529297,227349900
2025-01-10,137.24501786219508,139.71133557177419,134.0198390250661,135.7073211669922,207602500
2025-01-13,129.79615256902926,133.29093305056014,129.31685741876072,133.03131103515625,204808900
2025-01-14,135.84710238324766,136.1766120600162,129.85605059334506,131.56349182128906,195590500
2025-01-15,133.45068552943664,136.2465130176968,131.09420431967888,136.03683471679688,185217300
2025-01-16,138.4332346192246,138.54307117698642,133.2909213149963,133.3708038330078,209235600
2025-01-17,136.48617068576843,138.29346918098167,135.25800912447482,137.50465393066406,201188800
2025-01-21,138.95247218370304,141.6184885428412,136.88555189361048,140.61997985839844,197749000
2025-01-22,144.4442829463215,147.56960504936464,143.45575377479585,146.85069274902344,237651400
2025-01-23,144.83369562852502,147.0104373660888,143.50567717742842,147.00045776367188,155915500
2025-01-24,148.14872775799392,148.74783905952535,141.66841618539428,142.4073028564453,234657600
2025-01-27,124.6138830305536,128.20850504229963,116.52595684106743,118.24339294433594,818830900
2025-01-28,121.62835222502514,128.80763280108368,116.07664583818587,128.7976531982422,579666400
2025-01-29,126.31135328562937,126.70077107762197,119.8709750783515,123.5155258178711,467120600
2025-01-30,122.91641979157204,124.81358785050304,117.92387627755191,124.464111328125,392925500
2025-01-31,123.59540412169352,127.6593341751579,119.01225290264883,119.89093780517578,388161100
2025-02-03,114.57887527254843,118.39317826666118,112.84147223806173,116.48603057861328,371235700
2025-02-04,116.78557844108887,121.01925326141507,116.52596404203554,118.47306060791016,256550000
2025-02-05,121.57842315704723,124.8135892575584,120.57991444298676,124.64384460449219,262230800
2025-02-06,127.22996749994309,128.57796024161053,125.02326434711814,128.4880828857422,251483600
2025-02-07,129.02729180363133,130.17557068191934,124.8135839892709,129.6463623046875,228186300
2025-02-10,129.89598286165247,134.79866384787866,129.76618710141213,133.3708038330078,216989100
2025-02-11,132.38230132778313,134.27946199343057,130.8246300046561,132.6019744873047,178902400
2025-02-12,129.826117774307,132.04280851778788,128.8875170693692,130.94444274902344,160278600
2025-02-13,131.36379338160384,136.29642846871295,130.97437562399168,135.08822631835938,197430000
2025-02-14,136.2764682668825,139.04234173663804,135.29793396994222,138.6429443359375,195479600
2025-02-18,141.05934526698334,143.2261075780513,137.72431422880837,139.19212341308594,219176600
2025-02-19,139.3019353271886,141.14918241151278,137.01535723812603,139.02235412597656,167536000
2025-02-20,139.8211642330671,140.45022955446439,136.58599074078032,139.9010467529297,143903600
2025-02-21,139.83115735009994,141.24905316966826,133.83012530319377,134.22952270507812,228217600
2025-02-24,136.35634186179794,138.383313247837,129.88600993089565,130.08570861816406,251381100
2025-02-25,129.78615711570163,130.00583024952502,124.25442559786755,126.44115447998047,271428700
2025-02-26,129.79615892181477,133.53057192522448,128.29839578499454,131.084228515625,322553800
2025-02-27,134.7986782828192,134.80865788512716,119.83103458283094,119.9708251953125,443175800
2025-02-28,117.84399213493025,124.90344826210318,116.2264129341289,124.73370361328125,389091100
2025-03-03,123.32581202011416,123.51552349340123,112.11255593535711,113.88990020751953,411381400
2025-03-04,110.48498404782327,119.13206502689525,109.94578846070081,115.8170166015625,398163300
2025-03-05,117.40464986998916,118.10360288358513,114.33922859376143,117.12506866455078,284337900
2025-03-06,113.3606904001891,115.17797591196373,110.05562907278994,110.40510559082031,321181900
2025-03-07,111.08409477767312,113.31077256873955,107.39959517379882,112.5219497680664,341755500
2025-03-10,109.73610085349598,111.6831896506324,105.30272006245755,106.8204574584961,366487400
2025-03-11,106.83044416478043,112.0726148635708,104.6137536218378,108.59780883789062,354865700
2025-03-12,113.96030532134075,116.59661034457649,112.72203506897391,115.57803344726562,323857500
2025-03-13,116.86621875800482,117.59520049683546,113.63075517539951,115.41825103759766,299033100
2025-03-14,118.44401014075397,121.70943054003341,117.98465480860956,121.49972534179688,277593500
2025-03-17,122.56823120330081,122.71802281178023,117.86482345684047,119.36272430419922,255501500
2025-03-18,117.83485847417,118.85342762738914,114.37970167383446,115.2684555053711,299686900
2025-03-19,117.10587965509883,120.2814296141779,115.51810848491796,117.35552978515625,273426200
2025-03-20,116.38688818380663,120.0317738155389,116.30699831746894,118.3641128540039,248829700
2025-03-21,116.77634740953133,117.82487338576216,115.25847035053427,117.5352783203125,266498500
2025-03-24,119.71223179694545,122.04896105750126,119.17298658297102,121.24009704589844,228452500
2025-03-25,120.38129943766901,121.12026171196634,118.75357566400419,120.52110290527344,167447200
2025-03-26,118.5638454632065,118.6736845133834,112.55226594608844,113.60079956054688,293463300
2025-03-27,111.19417323533278,114.28983351449122,110.50514401476981,111.27406311035156,236902100
2025-03-28,111.33397804410711,112.71205173921601,108.91736643615505,109.51652526855469,229872500
2025-03-31,104.98287310192077,110.80471613819729,103.50494855407659,108.22832489013672,299212700
2025-04-01,108.36812587384452,110.04577506451116,106.32099936404416,109.995849609375,222614000
2025-04-02,107.1398479774266,111.82328673498283,106.64054773013802,110.26546478271484,220601200
2025-04-03,103.36514539947606,105.48217369637304,101.45781468579652,101.65753936767578,338769400
2025-04-04,98.7715853475697,99.98987163475934,91.98109847139008,94.17801666259766,532273800
2025-04-07,87.33759621246332,101.60759784636036,86.4987754744505,97.50334930419922,611041300
2025-04-08,103.66472218207363,105.70186824827938,94.3278084260022,96.16523742675781,476243400
2025-04-09,98.75160385221358,114.93891720962625,97.39350654873371,114.16999816894531,612918300
2025-04-10,109.21694044618194,110.70485307181585,99.01124202201945,107.4194564819336,437812400
2025-04-11,108.34815778630501,111.39389245819964,107.32958859529616,110.7747573852539,313417300
2025-04-14,113.9503045917023,114.1300529879136,108.91735711650354,110.55506134033203,264705000
2025-04-15,110.81470199440513,113.46099492172469,110.3453585264742,112.04297637939453,228966900
2025-04-16,104.40369410395131,106.64055727885454,100.30942561460589,104.3437728881836,397016900
2025-04-17,104.30381795694564,104.3237942331935,99.90998190333623,101.34796142578125,292517500
2025-04-21,98.63178134580184,99.30084956133582,94.90700524452377,96.7743911743164,288501100
2025-04-22,98.6417555090913,99.67031279819463,97.14385476914264,98.75160217285156,241004800
2025-04-23,104.37372584399631,104.6533403969428,101.87722447592722,102.5662612915039,247526000
2025-04-24,103.33517578708889,106.39089066307956,102.96569088547095,106.28104400634766,220815000
2025-04-25,106.70047033928225,111.76337496991529,105.58204256681438,110.85465240478516,251064700
2025-04-28,109.53649064316203,110.21553928394424,105.87162103934429,108.57783508300781,207708500
2025-04-29,107.51932238432487,110.04578062718967,107.2896485179105,108.867431640625,170444300
2025-04-30,104.32379376082015,108.76756286621094,103.93434018163836,108.76756286621094,235044600
2025-05-01,112.92174799120272,114.7791455573913,111.14424029465428,111.45380401611328,236121500
2025-05-02,114.02021557227994,115.23850951002053,113.21135153306962,114.33976745605469,190194800
2025-05-05,112.75199823422925,114.50952981770942,112.50234808238875,113.66072082519531,133163200
2025-05-06,111.32399638135878,114.57942879752297,110.66491633937942,113.38111114501953,158525600
2025-05-07,112.89179643623137,117.51531428959993,112.12286973799952,116.89617919921875,206758800
2025-05-08,118.08452294119296,118.51392151118237,115.68787993703612,117.20575714111328,198428100
2025-05-09,117.18577270674557,118.06454606438504,115.04876814493281,116.48675537109375,132972200
2025-05-12,121.79931583574867,122.82787322998047,120.11167839159091,122.82787322998047,225023300
2025-05-13,124.8051066300396,131.03637225526788,124.29581818961599,129.7481689453125,330430100
2025-05-14,133.01358451331882,135.25045513495294,131.49570747587302,135.1505889892578,281180800
2025-05-15,134.10204362723803,136.10924022234616,132.47433530494334,134.64129638671875,226632600
2025-05-16,136.02937003025397,136.15919297953724,133.27323795943153,135.21051025390625,226542500
2025-05-19,132.20472197026768,135.67984750647184,132.20472197026768,135.38027954101562,193154600
2025-05-20,134.10205468200522,134.39165736048994,132.4343936724944,134.1919403076172,161514200
2025-05-21,132.87378601013486,137.2077087161811,130.40724144628157,131.6155548095703,270608700
2025-05-22,132.04495280891254,134.0621302833829,131.36591171623223,132.6441192626953,187344000
2025-05-23,129.8180590665907,132.49430097030302,128.97923834191374,131.1062469482422,198821300
2025-05-27,133.96224703921547,135.47014350181522,133.1234263008756,135.31036376953125,192953600
2025-05-28,135.83964717915475,137.05794120889544,134.60137686964083,134.62135314941406,304021100
2025-05-29,142.0509238917618,143.28919402135628,137.71700129433316,138.99520874023438,369241900
2025-05-30,138.52585950975748,139.42459384487097,132.73397369059805,134.94088745117188,333170900
2025-06-02,135.30040481856875,137.92671411351492,135.2105191814341,137.18775939941406,197663100
2025-06-03,138.5857816307834,141.801276586457,137.75694135463795,141.02236938476562,225578800
2025-06-04,141.99100090060617,142.19071794379053,139.3447005567539,141.72137451171875,167120800
2025-06-05,141.97103980754113,143.79848066110154,138.63571759363617,139.79409790039062,231397900
2025-06-06,142.31055518995854,143.0695013401578,141.31195466595716,141.52166748046875,153986200
2025-06-09,142.98961854621228,144.7970831461155,141.74136782943543,142.43040466308594,185114500
2025-06-10,142.49031793007975,144.088069701399,141.33193761060437,143.758544921875,155881900
2025-06-11,144.41764573923192,144.79714515361243,141.6812848999734,142.6400146484375,167694000
2025-06-12,141.78117540604916,144.80714416503906,141.66133988719625,144.80714416503906,162365000
2025-06-13,142.2904745799642,143.38901749969733,140.6626531024409,141.78115844726562,180820600
2025-06-16,143.159329390418,145.98555166191812,143.00951976951112,144.49754333496094,183133700
2025-06-17,144.29781716982143,145.02684191909495,143.58875484653294,143.9282989501953,139108000
2025-06-18,143.81843788371728,145.4562558084884,142.92962233744194,145.28648376464844,161494100
2025-06-20,145.2565234707711,146.00552584195606,142.46024490398213,143.65866088867188,242956200
2025-06-23,142.31046402404658,144.58743022935184,141.84108794116847,143.97824096679688,154308900
2025-06-24,145.36637857516104,147.76319531946535,145.3064608232896,147.70326232910156,187566100
2025-06-25,149.07147669890958,154.24458003760031,149.0614802461701,154.10476684570312,269146500
2025-06-26,155.77251147358507,156.5115326130379,153.795149532093,154.8137969970703,198145700
2025-06-27,155.83244416127852,158.4989061985097,155.05348286000648,157.54017639160156,263234500
2025-06-30,158.18931982233872,158.44898377155747,155.75257785474952,157.77987670898438,194580300
2025-07-01,156.08211312403307,156.9909063970138,151.2885097592641,153.09609985351562,213143600
2025-07-02,152.77650803107835,157.39037305932783,152.7665268185242,157.04083251953125,171224100
2025-07-03,158.1593559409033,160.7658851337161,157.56016311083363,159.12806701660156,143716100
2025-07-07,157.98958568340035,159.09810995597124,157.13072890250317,158.029541015625,140139000
2025-07-08,159.11807865757584,160.0068942683196,158.1793265036118,159.7871856689453,138133000
2025-07-09,161.0055648799297,164.20130555952733,160.94564712320184,162.66336059570312,183656400
2025-07-10,164.10143771292147,164.28119097215313,161.3950357038234,163.88172912597656,167704100
2025-07-11,163.50222183922534,167.6666731011634,163.2525543877531,164.70062255859375,193633300
2025-07-14,165.1500194092157,165.26987014699793,161.80448473325933,163.8517608642578,136975800
2025-07-15,170.96229989605533,172.17068192225182,168.97494134085255,170.4729461669922,230627400
2025-07-16,170.83247408910898,171.52155877211666,168.67534340451815,171.14205932617188,158831500
2025-07-17,171.79120519874627,173.92835823409905,170.60278554683865,172.7698974609375,160841100
2025-07-18,173.4090543863528,174.0182436825287,171.03221496217563,172.18069458007812,146456400
2025-07-21,172.52022673163836,173.1493936504508,170.77255439137573,171.1520538330078,123126100
2025-07-22,171.11211125862738,171.16204780548466,164.36110765827524,166.80784606933594,193114300
2025-07-23,169.30450383433347,171.03219846298632,167.74658125695927,170.55284118652344,154082200
2025-07-24,172.21063723590794,173.59878776513457,171.07215417768242,173.5089111328125,128984600
2025-07-25,173.3790956402227,174.4876199263022,172.7299662493585,173.2692413330078,122316800
2025-07-28,173.78854323017163,176.7645753161742,173.73860668662087,176.51490783691406,140023500
2025-07-29,177.7233037615148,179.14141320408203,174.78721179005433,175.27655029296875,154077500
2025-07-30,176.27520150705504,179.65071031876445,175.80582548039158,179.0315399169922,174312200
2025-07-31,182.65671589592668,183.05619299307685,175.69598557745124,177.63340759277344,221685400
2025-08-01,173.85844036702034,176.3051785902702,170.66269971388826,173.4889373779297,204529000
2025-08-04,174.9270307365029,179.9603205403546,174.28788258302183,179.76058959960938,148174600
2025-08-05,179.38109521170273,180.02024338323596,175.66604170263633,178.0229034423828,156407600
2025-08-06,176.09546439011424,179.66070799076476,176.01556896990587,179.1813507080078,137192300
2025-08-07,181.32849521637667,183.63542017290519,178.56217541570945,180.52955627441406,151878400
2025-08-08,181.30852119793246,183.05619350177665,180.16004168373897,182.4569854736328,123396700
2025-08-11,181.80785936297346,183.59547178906817,180.01025048518693,181.81784057617188,138323200
2025-08-12,182.7166509044063,184.234618174838,179.22130626788388,182.9163818359375,145485700
2025-08-13,182.37707840680864,183.72528876478472,179.11143905360885,181.34844970703125,179871700
2025-08-14,179.51090820642335,182.7765629312542,179.22130065055427,181.77789306640625,129554000
2025-08-15,181.6380820439347,181.658044469753,177.8031781362909,180.20997619628906,156602200
2025-08-18,180.3597704757432,182.69665413107447,180.34977402519155,181.76788330078125,132008000
2025-08-19,182.1873336556069,182.25724785967336,175.25657768801665,175.4063720703125,185229200
2025-08-20,174.93701244991922,175.76591033294957,168.57548977611862,175.1667022705078,215142700
2025-08-21,174.61743669419707,176.6646977817985,173.57881147306438,174.74725341796875,140040900
2025-08-22,172.38041630972646,178.35245819257523,170.9722880586796,177.75326538085938,172789400
2025-08-25,178.1127666514647,181.6680287357596,176.33513560931726,179.57081604003906,163012800
2025-08-26,179.82049655621498,182.14739921043056,178.57215920342722,181.52822875976562,168688200
2025-08-27,181.7379436715125,182.24727507184866,178.86178472902657,181.35845947265625,235518900
2025-08-28,180.57950348224864,184.22464261974775,176.17536544772958,179.93035888671875,281787800
2025-08-29,177.87309917143955,177.91303926310266,172.91968968806756,173.9483184814453,243257900
2025-09-02,169.77387989783634,172.15071909272382,166.99757884564528,170.55284118652344,231164900
2025-09-03,170.83246833565184,172.18067877773825,168.6553752976972,170.39305114746094,164424900
2025-09-04,170.34312465674856,171.6314020660847,169.1846639665207,171.43167114257812,141670100
2025-09-05,167.8065180303181,168.8051880252559,163.85179338392152,166.79786682128906,224441400
2025-09-08,167.32715219255022,170.73262035939155,167.12742125141602,168.0861358642578,163769100
2025-09-09,168.86509051949957,170.75257602974241,166.51822538667548,170.53286743164062,157548400
2025-09-10,176.4050468150653,179.05151589898875,175.2366048852674,177.09413146972656,226852000
2025-09-11,179.45113345293117,180.0503753259473,176.25521235533765,176.9443359375,151159300
2025-09-12,177.5435512454145,178.37249577533527,176.22522541777622,177.59349060058594,124911000
2025-09-15,175.44622258887705,178.62217970015598,174.28769658655634,177.52357482910156,147061600
2025-09-16,176.77453647764895,177.27389957504343,174.15787872389456,174.65724182128906,140737800
2025-09-17,172.42008695754546,172.97937117956877,168.1954794867923,170.0730743408203,211843800
2025-09-18,173.7583871307785,176.87442336525442,172.73969733735942,176.01551818847656,191763300
2025-09-19,175.54609885389235,177.8531538116004,174.95683884616588,176.4449462890625,237182100
2025-09-22,175.07670180251023,184.31491893588398,174.48745701577195,183.37611389160156,269637000
2025-09-23,181.73821238324945,182.18763613663097,175.9855548133895,178.2027130126953,192559600
2025-09-24,179.54100413716742,179.5509859124944,175.17656050171237,176.74456787109375,143564100
2025-09-25,174.2577508730865,180.03038734713982,172.90947958662534,177.4636688232422,191586700
2025-09-26,177.94304916264082,179.54101721374016,174.70717071687335,177.96302795410156,148573700
2025-09-29,180.20017297627672,183.7656330630971,180.09032771672483,181.61837768554688,193063500
2025-09-30,181.848063160254,187.11135435179565,181.2488213615314,186.3423309326172,236981000
2025-10-01,185.00404300205486,187.90034282726023,183.6657383394342,187.00149536132812,173844900
2025-10-02,189.35850113919957,190.80665113886596,187.82045419605362,188.64939880371094,136805800
2025-10-03,188.94900408551683,190.11751186051177,185.1438598655547,187.38099670410156,137596900
2025-10-06,185.2637075602064,186.9914995955013,183.09647356463947,185.30364990234375,157678100
2025-10-07,185.99277739696944,188.8191743935438,183.76562222076905,184.80429077148438,140088000
2025-10-08,186.33235229407293,189.35849142592937,186.30237648821537,188.86911010742188,130168900
2025-10-09,191.9851285494953,195.05122522476873,190.816620752273,192.32470703125,182997200
2025-10-10,193.26350393527704,195.37081685366852,181.81811007166195,182.92669677734375,268774400
2025-10-13,187.73056363822363,189.8678370807686,185.72312947730666,188.0801239013672,153482800
2025-10-14,184.53462639606815,184.5645869600227,179.47107773683655,179.8006591796875,205641400
2025-10-15,184.56460739230218,184.63451030281777,177.06416377208902,179.60093688964844,214450500
2025-10-16,181.99787810828644,183.0465437061986,179.5410200965125,181.5784149169922,179723300
2025-10-17,179.9504818191574,183.86550198639478,179.52103686227596,182.9866180419922,173135200
2025-10-20,182.89672994644732,184.96408521149223,181.4985041529273,182.4073486328125,128544700
2025-10-21,182.55714296878105,182.55714296878105,179.5709615871908,180.92922973632812,124240200
2025-10-22,180.9092591258601,183.20633238125785,176.53483359319367,180.05035400390625,162249600
2025-10-23,180.19017423035882,182.7968501503985,179.5609718650331,181.92796325683594,111363700
2025-10-24,183.60580497197222,187.23118563906056,183.26624175096782,186.02272033691406,131296700
2025-10-27,189.74798924630224,191.75542334831323,188.18996363054165,191.24607849121094,153452700
2025-10-28,192.80410966447576,202.89123585796654,191.66556232510956,200.77394104003906,297986200
2025-10-29,207.715080745974,211.9197249544373,204.51915980095313,206.77627563476562,308829600
2025-10-30,204.88867704045037,205.89740027142088,201.1534507471854,202.63156127929688,178864400
2025-10-31,206.18701808603035,207.70508615602077,201.81260775338424,202.23207092285156,179802200
2025-11-03,207.81493866642379,211.07078042213968,205.29814450690722,206.61647033691406,180267300
2025-11-04,202.7414122562426,203.71017785907821,197.67786326579136,198.43690490722656,188919300
2025-11-05,198.51681234435117,202.66152000582164,194.40205001057666,194.9613494873047,171350300
2025-11-06,196.169796348482,197.36826472822915,186.1425921093966,187.84042358398438,223029800
2025-11-07,184.66447901682176,188.08013622996737,178.68211848431696,187.91033935546875,264942300
2025-11-10,194.8614791513322,199.68532876518447,193.5431531870904,198.7964630126953,198897100
2025-11-11,194.91140808059743,195.17107140540628,191.05632435423007,192.91395568847656,176483300
2025-11-12,195.4706988945922,195.64048052491762,190.88654915774768,193.5531463623047,154935300
2025-11-13,190.80662838449902,191.1961309619508,183.61580336420005,186.62196350097656,207423100
2025-11-14,182.62707860640327,190.76669126639962,180.3499840264004,189.92776489257812,186591900
2025-11-17,185.73310233977776,188.75924133892028,184.08521029684528,186.3623046875,173628900
2025-11-18,183.14641371605563,184.5646030780414,179.42115405263684,181.1289825439453,213598900
2025-11-19,184.5545873026742,187.6206837111527,182.59709270204067,186.2823944091797,247246400
2025-11-20,195.70039225393623,195.7503316108911,179.62090987236718,180.40989685058594,343504800
2025-11-21,181.00913979899244,184.32490281868388,172.70971237567008,178.6521453857422,346926200
2025-11-24,179.2613745727385,183.26626122561635,176.25519889972114,182.31747436523438,256618300
2025-11-25,174.68719385821646,177.93305383278917,169.33402110596253,177.59349060058594,320600300
2025-11-26,181.3986455127995,182.67701383620675,178.01296428701193,180.03038024902344,183852000
2025-11-28,178.7819702942556,179.0616124091028,176.27517303639212,176.7745361328125,121332800
2025-12-01,174.53739527000454,180.07034727044882,173.45876908321011,179.69082641601562,188131000
2025-12-02,181.52845696763603,185.42349804109853,179.77070445469002,181.22885131835938,182632200
2025-12-03,180.8493441127912,182.21759414523953,178.88185225801445,179.36123657226562,165138000
2025-12-04,181.3987504426599,184.2952268834804,179.74078419330877,183.1566162109375,167364900
2025-12-05,183.66598269849337,184.43504894381925,180.6896172324408,182.1877899169922,143971100
2025-12-08,182.41751577930148,187.7709870845105,182.17780264974235,185.323974609375,204378100
2025-12-09,185.33395229946427,185.4937610485011,183.09669077375298,184.7446746826172,144719700
2025-12-10,184.74467463147755,185.2540478736652,181.8182359713298,183.55612182617188,162785400
2025-12-11,180.060377409269,181.09911899111663,176.40483245042134,180.70957946777344,182136600
2025-12-12,180.88937065842447,182.59729422559735,174.40727135263347,174.80679321289062,204274900
2025-12-15,177.7232402429772,178.20265125135413,174.8167814768023,176.0752410888672,164775600
2025-12-16,176.0452813318811,178.27257580423,174.68693742218818,177.50350952148438,148588100
2025-12-17,175.88548356566727,175.91544580087532,170.10252832729947,170.7317657470703,222775500
2025-12-18,174.3173807251694,175.93540231223645,171.6106906687844,173.9278564453125,176096000
2025-12-19,176.45477147838753,181.2289470656948,176.12517166919682,180.76951599121094,324925900
2025-12-22,183.6959478478248,183.935660967629,182.1278683380167,183.4662322998047,129064400
2025-12-23,182.7471036477755,189.099356383118,182.67718160782493,188.97950744628906,174873600
2025-12-24,187.71105179508496,188.67987134928,186.36269028434322,188.38023376464844,65528500
2025-12-26,189.68863982420257,192.45526970950266,187.7709805748158,190.2978973388672,139740300
2025-12-29,187.4813341773615,188.53004285167208,185.68352392965699,187.99070739746094,120006100
2025-12-30,188.01069817319677,188.75978454971104,186.70228116711607,187.31153869628906,97687300
2025-12-31,189.33907943283364,190.32786369396138,186.26282955778902,186.27281188964844,120100500
2026-01-02,189.60873357074172,192.69496568024334,188.03065649528438,188.6199493408203,148240500
2026-01-05,191.52640398377517,193.39413642527967,185.9232371396652,187.89083862304688,183529700
2026-01-06,190.2879203285983,191.935904267691,186.5924305704924,187.0119171142578,176862600
2026-01-07,188.34028795646717,191.13686475404677,186.3327268208183,188.87962341308594,153543200
2026-01-08,188.87963997886857,189.31910643994627,183.48622397884648,184.81459045410156,172457000
2026-01-09,184.8545293482555,186.1129888751533,183.44624341374129,184.63479614257812,131327500
2026-01-12,182.99680052530172,186.89204340473577,182.79704721562317,184.71470642089844,137968500
2026-01-13,184.7746378408776,187.88084992986475,183.17658082293008,185.58364868164062,160128900
2026-01-14,184.0954557419801,184.23528457453645,180.57973978602013,182.91688537597656,159586100
2026-01-15,186.27281050248445,189.46890929684608,186.103019420931,186.8221435546875,206188600
2026-01-16,188.84966224271636,190.20800608356458,185.85331687968656,186.0031280517578,187967200
2026-01-20,181.67839380225757,182.1578200140757,177.39362681050815,177.8530731201172,223345300
2026-01-21,178.8318922054109,185.15418310637224,178.18267486272933,183.09669494628906,200381000
2026-01-22,184.52493568425237,185.94320399708803,183.70592730123704,184.6148223876953,139636600
2026-01-23,187.27158465782284,189.3690325020707,186.59242035942677,187.44137573242188,142748100
2026-01-26,186.93200550896393,188.88960930416175,185.76343263076708,186.2428436279297,124799600
2026-01-27,187.01190478720812,189.76853699604698,185.47377232125424,188.29034423828125,143711600
2026-01-28,191.03700193406064,192.1156881225865,189.60873601436586,191.2866973876953,148552700
2026-01-29,191.10690928022157,193.244301759811,185.83334250366076,192.27548217773438,171764400
2026-01-30,190.97707539362895,194.25307849059112,189.23918956869622,190.8971710205078,179489500
2026-02-02,186.97195532434574,190.0681850900544,184.6547894061738,185.38389587402344,165794100
2026-02-03,186.01312186532803,186.04308409913696,176.01530661894333,180.12030029296875,204019600
2026-02-04,179.24138264216026,179.36123157735668,171.70057725198066,173.97779846191406,207014100
2026-02-05,174.71688060291817,176.604592702014,170.82163795446576,171.6706085205078,206312900
2026-02-06,176.47474973392875,186.77218713146127,174.3872995354016,185.1841278076172,231346200
2026-02-09,184.03552934237337,193.42408742490235,183.7259094221984,189.80848693847656,196387400
2026-02-10,191.1468699498802,192.24552080983682,187.89083145679504,188.31031799316406,136764800
2026-02-11,192.2155516352278,193.0245624433192,188.54004197866425,189.8184814453125,144192700
2026-02-12,192.79485804306626,193.3741533411549,186.28279615580217,186.7122802734375,189932500
2026-02-13,187.25162028422807,187.27160018883805,181.36879569323744,182.58731079101562,161888000
2026-02-17,181.5285959992061,186.92201173748992,178.9617194034806,184.7446746826172,162276900
2026-02-18,188.52005804720127,190.13807962880853,186.53247684939709,187.75099182128906,164749100
2026-02-19,186.8321237354349,188.20044994409497,185.43383529156333,187.6710968017578,126554500
2026-02-20,186.342734664171,190.09814888521723,185.71349722992974,189.58877563476562,178422300
2026-02-23,191.16683922839312,193.71373598373438,189.3490641935772,191.31666564941406,171584800
2026-02-24,191.2567378902843,193.53395924081437,187.171708627792,192.61508178710938,175123600
2026-02-25,194.2131137016724,197.38924768090467,193.5539140704845,195.32176208496094,250637100
2026-02-26,194.03334246429932,194.0533071271398,184.09546670933034,184.66476440429688,360807900
2026-02-27,181.0292033274304,182.36756729714082,176.1651407824763,176.97415161132812,311636500
2026-03-02,174.79680413295333,183.2365228635074,174.42725972943845,182.25770568847656,209095300
2026-03-03,178.27256086028186,180.67961330625172,176.70446619030554,179.83065795898438,178099400
2026-03-04,180.22019302825058,184.47499807110998,179.84065106191534,182.8170166015625,177731200
2026-03-05,180.94929874286032,183.83577756501342,177.6633132926684,183.1166534423828,198779700
2026-03-06,179.6209064601764,182.5373473445644,176.60459654479845,177.60337829589844,189021900
2026-03-09,176.61458806542097,182.68718325690133,175.34613090826778,182.427490234375,177213600
2026-03-10,182.17779858894656,186.21288569214076,181.7882742872215,184.544921875,179118500
2026-03-11,185.6935753620157,187.40157611978597,184.23526832414757,185.8134307861328,145280400
2026-03-12,183.83574790315467,184.72471123223085,181.53842231669145,182.9268035888672,155762700
2026-03-13,184.70472270189353,185.87335881208497,179.73052445930352,180.0401611328125,160988400
2026-03-16,182.7570048934839,188.66012868968363,181.19882333613754,183.0067138671875,217307400
2026-03-17,184.8445618023411,185.1841623368753,181.4684917186082,181.71820068359375,182497800
2026-03-18,182.26756764801692,183.16652908726184,180.12007659614625,180.1899871826172,156683100
2026-03-19,177.80276430906588,179.77047215436778,175.5853475010711,178.3521270751953,170968500
2026-03-20,177.79278016290237,178.05247199547227,171.52009228430225,172.4989471435547,241323500
2026-03-23,177.0536408486584,178.16234927411983,174.55655117338722,175.43553161621094,182836300
2026-03-24,174.6264683383626,176.01484951930743,173.777451794472,174.99603271484375,147667800
2026-03-25,176.89383761026875,181.00903649280792,176.64412864426953,178.47198486328125,162602100
2026-03-26,175.86504388946904,176.30451888215924,170.9407749866337,171.04066467285156,186152200
2026-03-27,169.80209026823204,170.77096223786808,166.81556566439232,167.32498168945312,196212700
2026-03-30,168.58352034150624,169.25273855906806,164.07877596313077,164.97772216796875,185627000
2026-03-31,166.77563225072552,174.41672082635512,166.7656493784466,174.1969757080078,226181300
2026-04-01,175.79511913229018,177.16351944386196,174.54657425208924,175.54541015625,168132000
2026-04-02,171.97954556798163,177.28337661769746,171.170490985778,177.18348693847656,143143200
2026-04-06,176.953760088437,177.58301630024127,175.55538077559635,177.43319702148438,107564300
2026-04-07,175.52541836668527,178.0225079733855,173.4578360976707,177.89266967773438,132534900
2026-04-08,184.28522303450282,185.0443328296099,180.09011531444295,181.8680419921875,147732700
2026-04-09,181.6283100364998,183.86570786090292,180.40972906189933,183.69590759277344,116428500
2026-04-10,184.09543736125556,189.77881591864653,184.08545448929232,188.41041564941406,160459500
2026-04-13,185.81343445538195,189.43921351677633,185.52377876103736,189.08961486816406,133648200
2026-04-14,190.61783708872017,196.28123474121094,190.54792650193752,196.28123474121094,161307000
2026-04-15,196.31119931453722,200.166706463506,195.5121427945441,198.63848876953125,185338400
2026-04-16,197.20015246424893,199.6173486077875,195.58204328148997,198.1190948486328,134012900
2026-04-17,199.66727910555997,201.46518667284232,199.03802288778024,201.44520568847656,160324400
2026-04-20,199.7471876833392,201.9346406188145,197.6096795882359,201.82476806640625,119381400
2026-04-21,201.89470437258373,202.51397775047528,198.76834314349978,199.64732360839844,107945300
2026-04-22,200.75603026628932,202.26426696777344,198.76834136586132,202.26426696777344,107501000
2026-04-23,202.22431724671497,203.59271751351986,196.99041179336916,199.4075927734375,113561800
2026-04-24,199.72721882416832,210.70441481695215,199.57738430538978,208.0275421142578,214134400
2026-04-27,209.4059296471886,216.5775789683675,207.13858324348888,216.3578338623047,187172400
2026-04-28,209.24613572912838,214.4800260296235,207.95762889823203,212.92184448242188,180275400
2026-04-29,212.4523894424142,212.47237042757808,207.33835459433345,209.00640869140625,123711800
2026-04-30,209.68560172993963,210.05518135667162,198.46867945247158,199.33767700195312,225239200
2026-05-01,201.0456862731779,202.76368521944246,196.89052532216473,198.21897888183594,128647000
2026-05-04,199.26774870200734,201.49514834231712,194.51329562325486,198.24893188476562,125368100
2026-05-05,199.06798360144137,200.00689171848026,195.80178617585554,196.271240234375,113406600
2026-05-06,199.65729931010404,208.0275486883452,198.37879062945476,207.5880584716797,188362800
2026-05-07,208.0974592073836,213.95063795079753,206.25960488465944,211.2537841796875,168307900
2026-05-08,212.7820061205359,217.5464575316693,212.642169707093,214.94947814941406,136421400
2026-05-11,213.79081709888328,222.04121091513153,213.64099781886503,219.18453979492188,160685800
2026-05-12,218.29558003818886,223.48952345691538,214.6698009927987,220.52297973632812,159176600
2026-05-13,224.6681467194947,227.57476278227756,221.3120728008497,225.56710815429688,150405400
2026-05-14,229.58243343997336,236.26463268418732,229.03307065698914,235.465576171875,180782900
2026-05-15,229.49252726355346,231.23050718880455,223.97896415639156,225.05770874023438,180977600
2026-05-18,229.60240180074675,229.7322553439391,218.1157890335498,222.0612030029297,146280900
2026-05-19,219.36432694236115,224.21866983705235,217.6563261548179,220.35317993164062,140948200
2026-05-20,222.9201831873553,225.8667612103758,220.2433103590018,223.20985412597656,184201600
2026-05-21,222.03121805596584,227.13526994336974,217.6762930684293,219.25445556640625,203381800
2026-05-22,220.64283833374193,220.75271088945502,214.54994865072538,215.07933044433594,169275700
2026-05-26,216.28791550863897,217.92600574795006,211.75320730356688,214.60987854003906,187202600
2026-05-27,213.87072806866348,213.90069192498567,208.53694826896,212.35250854492188,167601200
2026-05-28,211.03403615445995,215.2691056248748,210.97410844231206,214.00057983398438,143996000
2026-05-29,214.33020874183248,217.6063892667686,210.88422794322287,210.8942108154297,289410600
2026-06-01,215.47885750139108,224.60821672379726,215.44889364463796,224.09881591796875,212850700
2026-06-02,226.91551751623658,232.00958636747916,221.09231801448135,222.56060791015625,193362900
2026-06-03,221.46188713313538,222.56061267075634,214.2602739078757,214.5,160907000
2026-06-04,213.91000366210938,221.60000610351562,210.97000122070312,218.66000366210938,169022200
2026-06-05,214.52999877929688,214.8699951171875,204.3300018310547,205.10000610351562,219655500
2026-06-08,210.17999267578125,210.47000122070312,206.0,208.63999938964844,138372800
2026-06-09,210.6199951171875,211.39999389648438,199.33999633789062,208.19000244140625,180962500
2026-06-10,204.42999267578125,207.22000122070312,199.9199981689453,200.4199981689453,161746600
2026-06-11,201.49000549316406,205.66000366210938,199.5399932861328,204.8699951171875,158643200
2026-06-12,204.86000061035156,207.07000732421875,203.44000244140625,205.19000244140625,112001800
2026-06-15,208.9199981689453,212.7100067138672,208.33999633789062,212.4499969482422,149936700
2026-06-16,211.17999267578125,211.49000549316406,207.2899932861328,207.41000366210938,125694100
2026-06-17,208.52999877929688,209.2100067138672,203.0800018310547,204.64999389648438,128363500
2026-06-18,207.3300018310547,211.38999938964844,206.5,210.69000244140625,241272000
2026-06-22,211.44000244140625,213.99000549316406,207.72000122070312,208.64999389648438,122041400
2026-06-23,202.1699981689453,203.77000427246094,200.0,200.0399932861328,153496200
2026-06-24,200.1199951171875,201.6699981689453,196.5800018310547,199.0,151810700
2026-06-25,200.0800018310547,200.8000030517578,192.1300048828125,195.74000549316406,149550000
2026-06-26,193.1199951171875,195.5500030517578,191.22000122070312,192.52999877929688,179304100
2026-06-29,193.85000610351562,196.17999267578125,189.8000030517578,194.97000122070312,148835700
2026-06-30,197.24000549316406,200.6300048828125,195.11000061035156,200.08999633789062,166476700
2026-07-01,196.1999969482422,199.85000610351562,193.4499969482422,197.5800018310547,146147600
2026-07-02,197.13999938964844,200.05999755859375,192.35000610351562,194.8300018310547,142068700
2026-07-06,194.4199981689453,197.5500030517578,193.99000549316406,195.5500030517578,108999000
2026-07-07,192.3699951171875,198.41000366210938,191.13999938964844,196.92999267578125,124154600
2026-07-08,195.17999267578125,205.16000366210938,195.05999755859375,204.1199951171875,147419100
2026-07-09,204.4600067138672,204.58999633789062,198.9600067138672,202.77999877929688,132037400
2026-07-10,202.0,211.0,201.9199981689453,210.9600067138672,148421000
2026-07-13,208.5399932861328,210.57000732421875,203.0,203.52999877929688,121411000
2026-07-14,208.1999969482422,212.5500030517578,203.8000030517578,211.8000030517578,124379600
2026-07-15,211.9600067138672,213.80999755859375,206.0399932861328,212.5,124797200
2026-07-16,210.1699981689453,211.0800018310547,205.85000610351562,207.39999389648438,122986100
2026-07-17,202.63999938964844,206.64999389648438,197.97000122070312,202.80999755859375,144281900
2026-07-20,205.8699951171875,207.74000549316406,202.27999877929688,203.27999877929688,88701500
2026-07-21,207.5399932861328,208.64999389648438,204.00999450683594,207.2899932861328,108685600
2026-07-22,205.80999755859375,214.38999938964844,204.9499969482422,212.05999755859375,137645600
2026-07-23,209.4600067138672,210.8699951171875,205.9600067138672,208.75999450683594,110505300
2026-07-24,207.4499969482422,211.91000366210938,204.80999755859375,206.83999633789062,114836800
2026-07-27,208.1999969482422,208.75,195.44000244140625,196.50999450683594,154353700
2026-07-28,195.0,198.6999969482422,192.74000549316406,197.00999450683594,134111500
2026-07-29,195.85000610351562,197.07000732421875,190.00999450683594,190.00999450683594,147680800
2026-07-30,193.4499969482422,197.25,191.52000427246094,195.0399932861328,128444400
2026-07-31,198.4405059814453,200.08999633789062,194.9499969482422,196.5449981689453,46783384
