date,open,high,low,close,volume
2021-08-02,2762.461591872151,2801.4660747977546,2751.168509892799,2796.688232421875,2608669
2021-08-03,2805.027724666387,2858.0183382323976,2796.2972614898176,2853.587890625,3804735
2021-08-04,2866.7050780162026,2871.22226784343,2832.9995334698806,2844.075439453125,2929598
2021-08-05,2844.9878853404775,2879.735828978224,2834.129152953682,2852.7626953125,2534521
2021-08-06,2842.859484842023,2887.5539828638334,2836.300768366551,2875.218505859375,2292362
2021-08-09,2887.4669563649913,2898.8469919313166,2875.39213164299,2886.424560546875,1510489
2021-08-10,2880.2570387080414,2910.053229734612,2880.2570387080414,2896.154052734375,2040777
2021-08-11,2910.1398117937256,2918.8267963065427,2890.246702093207,2905.101318359375,1929707
2021-08-12,2889.2911701909447,2925.776506675617,2889.2911701909447,2911.66015625,1310205
2021-08-13,2919.478097940475,3023.070380371302,2916.654828188691,3008.64990234375,4363584
2021-08-16,3005.6964431368747,3035.536317803578,2985.282030878575,3016.946044921875,2083489
2021-08-17,3024.8949404723467,3093.261465683802,3008.302715337347,3086.529052734375,4336019
2021-08-18,3104.5981658626997,3122.9710539890493,3072.2391472921595,3093.04443359375,2631309
2021-08-20,3045.6567137951697,3105.596905823654,3040.4445231839973,3092.132080078125,2836148
2021-08-23,3109.9412247571786,3190.7302007075746,3094.2176940663117,3159.804443359375,3744176
2021-08-24,3176.830532268057,3185.821646910204,3122.449919318279,3138.781494140625,2511141
2021-08-25,3136.0011620533273,3212.22944514756,3133.438544240862,3178.5673828125,2123263
2021-08-26,3179.43703740544,3203.413204816448,3168.9256989779797,3189.731201171875,1902533
2021-08-27,3184.6480588255445,3239.810402452228,3171.7045386194036,3231.68798828125,3944728
2021-08-30,3227.2150924852535,3249.2366854199036,3203.4128372022465,3215.31396484375,2033114
2021-08-31,3222.3504234902252,3304.6163485734255,3217.18170936309,3289.28369140625,3207480
2021-09-01,3297.579690643702,3315.5617081836626,3220.2655198145953,3227.171630859375,2643336
2021-09-02,3243.720232119877,3352.437765671095,3233.295850013439,3332.97900390625,3403717
2021-09-03,3322.771899500522,3350.483297959247,3305.0070568599826,3337.583251953125,1746812
2021-09-06,3344.228513568609,3368.4653285384056,3313.216020086968,3346.2265625,1723693
2021-09-07,3356.651431363143,3361.820145679296,3308.2214838221244,3314.866943359375,1585039
2021-09-08,3309.7408220937587,3314.08431398627,3262.8311096546345,3278.597900390625,4147175
2021-09-09,3292.1065069900405,3308.6117777077047,3270.649697473994,3293.583251953125,1441148
2021-09-13,3272.38733704224,3346.5741060930313,3272.38733704224,3340.449951171875,1691473
2021-09-14,3344.4458673337895,3384.883826372717,3322.771881400139,3375.675537109375,1991188
2021-09-15,3372.374362683401,3457.419856737662,3358.3882327004526,3435.3115234375,2461369
2021-09-16,3413.9847323450576,3458.93987481296,3381.0611476226836,3390.79052734375,2946666
2021-09-17,3405.2982886398604,3427.0157522153695,3305.3979561925175,3325.247802734375,6477148
2021-09-20,3308.87262161632,3362.7319291879166,3307.873703164557,3321.46875,2002008
2021-09-21,3351.438754448293,3363.2096613345666,3319.8614796911293,3355.73876953125,1568129
2021-09-22,3355.3478304693117,3385.1877076595533,3346.6173684546684,3355.043701171875,1744067
2021-09-23,3361.863193796642,3369.6814802938434,3331.458746307525,3361.211669921875,2003869
2021-09-24,3379.2368053039554,3426.49391383993,3348.8323610402954,3362.9921875,2320754
2021-09-27,3387.9240694299947,3391.3988633473587,3303.573362252145,3333.152587890625,1673362
2021-09-28,3344.489268897925,3344.489268897925,3258.7052908969717,3282.94189453125,2253075
2021-09-29,3266.132485042677,3306.2663111425195,3233.425861046127,3294.017578125,2489161
2021-09-30,3305.3973338425376,3305.3973338425376,3257.7058776440495,3279.814208984375,2252412
2021-10-01,3285.200640749703,3309.7413740348698,3235.9019995485273,3240.419189453125,1578374
2021-10-04,3235.727988977081,3286.8507648768555,3220.655986222067,3277.85986328125,1356860
2021-10-05,3261.0943406416723,3335.8024155737935,3250.3225635085573,3329.982177734375,1877966
2021-10-06,3332.32761162696,3350.9611529611852,3296.710971356703,3310.523193359375,1678154
2021-10-07,3327.1155363599523,3387.0557379288393,3318.472027970927,3381.756591796875,1647233
2021-10-08,3409.642242926395,3466.0207011666616,3387.92477641094,3418.893798828125,2934339
2021-10-11,3261.962138132875,3264.133883897278,3179.4357990855724,3201.674560546875,11845402
2021-10-12,3219.396333690102,3220.2650321071796,3153.89655787627,3173.22509765625,5752877
2021-10-13,3170.749655733795,3192.857991053429,3166.4061630547076,3175.266845703125,3545655
2021-10-14,3155.0744992445157,3194.2409413041028,3140.4523183772935,3143.281005859375,6442299
2021-10-18,3136.31810253628,3179.1835977264323,3134.577371767137,3174.35302734375,3590107
2021-10-19,3193.3704027509225,3211.7351962506837,3155.2483587152783,3163.0380859375,3135441
2021-10-20,3143.7593878979965,3159.425962920744,3114.4281204926015,3141.017822265625,2933693
2021-10-21,3136.8841684930644,3139.799765223235,3056.0706523617196,3074.56591796875,4871211
2021-10-22,3098.5010839917413,3099.89375374522,3033.223673514387,3045.2783203125,2691670
2021-10-25,3048.8897923083487,3058.94255450439,3002.7604291932066,3040.142578125,2595594
2021-10-26,3041.4922743367733,3071.5198844282368,3024.520146893772,3031.135009765625,3878763
2021-10-27,3031.4826995436415,3056.0705221856474,3031.4826995436415,3037.357666015625,2510813
2021-10-28,3061.9454848556675,3061.9454848556675,2972.297848431525,2978.085693359375,2424942
2021-10-29,2959.286062701825,3012.334793877842,2947.013824976602,2957.2841796875,3960501
2021-11-01,2992.272290245628,3034.9637499899923,2970.5131581120604,3025.73779296875,2020718
2021-11-02,3041.056478243757,3058.115723793771,3019.950118885597,3032.52685546875,3087414
2021-11-03,3049.9340259076293,3063.5987185482923,3016.729674881842,3039.533203125,1537639
2021-11-04,3057.5497421995287,3057.8108942881813,3050.63038055364,3053.80712890625,328991
2021-11-08,3088.056149799711,3088.056149799711,3029.9157040300906,3048.672119140625,2526082
2021-11-09,3053.2416288846557,3076.7414931890703,3042.7972447493607,3051.23974609375,1782692
2021-11-10,3044.5379763984556,3063.4248618840948,3029.0454307612417,3032.614013671875,1516489
2021-11-11,3028.8718347089134,3055.026359573033,2990.57575404018,3036.0087890625,1284514
2021-11-12,3051.500793099573,3076.0014917098492,3033.832334714238,3068.95166015625,1747259
2021-11-15,3070.6486615620647,3106.855941660992,3070.6486615620647,3092.6689453125,1809157
2021-11-16,3106.334120705863,3112.03505658905,3082.834254844541,3095.367431640625,2013204
2021-11-17,3090.319500939084,3100.9814771812103,3051.8491799334315,3065.33984375,1632914
2021-11-18,3059.464777964114,3064.426030619223,3004.1532281043856,3025.12890625,2136598
2021-11-22,3027.479086286269,3060.1613513241614,2994.3182902457092,3010.07177734375,3167936
2021-11-23,2998.408553382316,3029.6981444091452,2966.0310056960593,3015.1630859375,2153461
2021-11-24,3022.0821816920316,3040.229382169995,2980.1306190967416,2996.9287109375,2161746
2021-11-25,2997.4514078185894,3014.075472464091,2988.8784358610933,2999.192138671875,1849619
2021-11-26,2981.000746336421,3037.5744831282072,2969.598877463323,3000.018310546875,1941251
2021-11-29,3000.2796653058103,3071.8238631118234,2964.8558400184647,3048.019287109375,2981745
2021-11-30,3038.4453065214807,3101.7643830180255,3038.4453065214807,3071.649658203125,5588446
2021-12-01,3076.7417261351993,3124.611823712975,3076.7417261351993,3113.993408203125,2102118
2021-12-02,3123.9154729273373,3175.0930013018956,3110.7730827907844,3170.654052734375,3152938
2021-12-03,3173.7436764559898,3190.715800719207,3160.16610454034,3168.521484375,2486263
2021-12-06,3168.5217700801913,3183.7967257927357,3065.4270279502502,3077.960205078125,1849642
2021-12-07,3100.6764260141867,3131.574394610258,3067.4285135724954,3119.824462890625,1484458
2021-12-08,3134.1854072037404,3173.7434671096034,3134.1854072037404,3156.727783203125,1428660
2021-12-09,3142.018892996894,3163.5604352688256,3103.722817846793,3134.83837890625,1567957
2021-12-10,3120.2599998939336,3169.87082834413,3111.6434673176273,3165.344970703125,1510718
2021-12-13,3176.8334371989795,3187.2778211020996,3134.7947494906152,3141.714111328125,1883864
2021-12-14,3137.667603803387,3163.7785686061893,3113.0362178410955,3154.030517578125,1747007
2021-12-15,3150.722835659417,3153.3339319320626,3096.8906491750763,3107.50927734375,1603233
2021-12-16,3117.648354075334,3140.6694726505343,3107.203970979604,3117.30029296875,2072320
2021-12-17,3135.4908923462717,3178.0083208796227,3110.424330014637,3119.69384765625,4333992
2021-12-20,3123.741303523864,3138.5375147693103,3055.112909309398,3095.802490234375,2312310
2021-12-21,3118.2145505242247,3169.1744877679744,3104.071112614517,3140.53955078125,2340989
2021-12-22,3154.203647877505,3165.344365511799,3138.7546647787667,3160.07861328125,1224328
2021-12-23,3175.092635394332,3194.67585477382,3159.4260598907417,3187.886962890625,1792861
2021-12-24,3207.2968968621058,3224.7042070214657,3172.3082459401076,3195.024658203125,2209923
2021-12-27,3195.1112638122977,3220.3518594675843,3179.531808732032,3216.95751953125,1534135
2021-12-28,3229.055696705625,3242.111177959152,3214.999380219284,3226.052978515625,1456218
2021-12-29,3213.60690491044,3237.7159859183944,3207.2967552562723,3215.7392578125,1456923
2021-12-30,3204.1197447559684,3255.1665903812354,3202.944666471376,3249.726806640625,1966475
2021-12-31,3257.602818857826,3272.573057366629,3247.593619347263,3253.729736328125,1207141
2022-01-03,3263.8699085224853,3333.4991332376317,3259.5180819777884,3322.837158203125,2346158
2022-01-04,3334.4570793497937,3384.9816224995598,3317.5718625357454,3381.152099609375,2488606
2022-01-05,3363.9622782352676,3368.314105244627,3318.180973100179,3360.437255859375,1733031
2022-01-06,3317.833007925778,3337.8514127479953,3283.0183908436607,3313.872802734375,1810293
2022-01-07,3324.7956415940866,3363.874960866469,3304.2549343090877,3353.952880859375,2460591
2022-01-10,3462.312983509929,3462.312983509929,3360.4802487008137,3376.88671875,3937092
2022-01-11,3356.1291115460645,3416.184326457029,3356.1291115460645,3408.263916015625,1906106
2022-01-12,3416.1838154603215,3419.665276673529,3339.200046881566,3359.52294921875,3203744
2022-01-13,3410.09159730068,3414.443424249762,3356.9993085218794,3392.59716796875,6684507
2022-01-14,3375.146411994142,3461.4430528434973,3359.653866015669,3453.740234375,3348123
2022-01-17,3475.10754208303,3518.886959817252,3448.6485215692674,3498.128662109375,3442604
2022-01-18,3511.0099926991543,3517.7553236459385,3464.053828155006,3473.27978515625,2389041
2022-01-19,3498.0413840088618,3498.0413840088618,3409.544075814221,3413.162353515625,3102539
2022-01-20,3409.1079518748434,3417.8268980433213,3322.7903848069127,3336.348388671875,6176776
2022-01-21,3319.3032369219345,3358.1461897142185,3288.0023012626775,3342.408447265625,3112358
2022-01-24,3348.0759503995805,3356.4896498685425,3260.973747148441,3288.220458984375,3258414
2022-01-25,3286.6066495763694,3321.395158492782,3245.365992989606,3286.955322265625,3330501
2022-01-27,3253.038610914272,3255.131072717178,3160.705061941806,3181.76123046875,5718297
2022-01-28,3178.9284407068867,3251.9932675177347,3178.9284407068867,3217.33544921875,3143862
2022-01-31,3268.7333570748997,3276.5804096792403,3244.668977275617,3257.61669921875,2739393
2022-02-01,3287.0428712143316,3320.1748683247147,3257.7471254655034,3313.766357421875,2105169
2022-02-02,3337.525533494624,3369.0010163346046,3313.7664036563433,3362.2001953125,1984212
2022-02-03,3357.6661257987425,3385.1308058721415,3327.1934519093306,3334.648193359375,1960538
2022-02-04,3326.5400477247117,3334.7357731436837,3286.1712786456783,3326.191162109375,2307366
2022-02-07,3305.3533631582427,3340.9267154692593,3274.967742611031,3294.890625,1919149
2022-02-08,3305.832014247331,3312.9378700936186,3244.31980762492,3263.893798828125,2946443
2022-02-09,3269.6054225829375,3293.974839092935,3266.205118089426,3278.803955078125,1638721
2022-02-10,3304.3066986400545,3304.3066986400545,3276.580403583315,3287.348388671875,2112459
2022-02-11,3271.7847587121223,3271.7847587121223,3217.2913416782762,3221.607177734375,3851488
2022-02-14,3246.9357944321227,3307.3145011357815,3234.729268889145,3255.436767578125,5951745
2022-02-15,3300.993431710489,3343.7162732725105,3267.861432131778,3328.7197265625,3931683
2022-02-16,3351.5630416267727,3360.3692627561973,3318.431044857309,3324.62158203125,3256906
2022-02-17,3334.9971738861013,3343.7161207459344,3294.8900183308697,3299.423828125,3134372
2022-02-18,3286.170768839318,3327.1061780034065,3276.231255480429,3307.880859375,3688883
2022-02-21,3321.9182932972194,3337.43805913022,3230.848948538203,3242.924560546875,7465922
2022-02-22,3182.4159725046347,3198.022804045737,3112.664389545629,3126.96337890625,5408531
2022-02-23,3148.4114396987115,3158.786900421603,3100.1519878434424,3107.258056640625,2426203
2022-02-24,3028.9622839273047,3037.5505321408286,2956.68229614939,2965.880615234375,5039136
2022-02-25,3023.730219946034,3077.7876806255767,3018.4988527834976,3069.72265625,2549723
2022-02-28,3042.913064381152,3107.215310369149,3013.181364480041,3098.888671875,3288942
2022-03-02,3097.4055122433483,3114.3638193433144,3056.862414053534,3091.868896484375,2761341
2022-03-03,3106.4306242742628,3120.1629680415476,3077.8760681867343,3090.343994140625,1928039
2022-03-04,3052.939424780361,3104.9914980604067,3040.3405883905943,3072.8623046875,2370257
2022-03-07,3008.0367797732265,3093.4824622131614,2991.950364784815,3038.4658203125,3054130
2022-03-08,3016.755720684322,3146.6680335114793,3016.755720684322,3138.77734375,3300992
2022-03-09,3143.180493415946,3185.9033350740265,3136.2489729035888,3167.244873046875,2719654
2022-03-10,3212.059914730972,3212.059914730972,3151.8991834290077,3157.0869140625,2005441
2022-03-11,3141.654687525225,3173.5661198059825,3132.5870674744247,3138.079833984375,1623423
2022-03-14,3121.382892115444,3180.9769774502593,3121.382892115444,3176.312255859375,1765688
2022-03-15,3190.2626259339454,3190.2626259339454,3126.0910925046414,3133.502197265625,3651133
2022-03-16,3174.1327209416286,3198.109825687102,3152.9892740297114,3187.559814453125,3090475
2022-03-17,3223.0457484666144,3234.7290512686336,3191.3959310793352,3202.2509765625,3600452
2022-03-21,3222.52293351387,3238.173401399915,3151.89946013329,3162.1005859375,2413831
2022-03-22,3173.6964439358535,3235.6009624851517,3160.61802452403,3226.83837890625,2907611
2022-03-23,3232.985038132999,3251.9923821707275,3217.29093600614,3236.8212890625,1596195
2022-03-24,3226.010089205389,3276.7543134409916,3221.650616111868,3269.47412109375,1879046
2022-03-25,3278.2369399463614,3295.3261619554955,3201.5974776294693,3232.506103515625,1690133
2022-03-28,3221.6515869535915,3237.3456948196713,3192.1814973876276,3232.724609375,1760990
2022-03-29,3221.433123484478,3245.1922553919017,3218.163518176117,3230.67529296875,2689063
2022-03-30,3259.1427217856817,3259.1427217856817,3231.416424918209,3253.51904296875,1583455
2022-03-31,3260.8864107485983,3273.6595838693274,3243.622851883413,3260.8427734375,2168110
2022-04-01,3267.861263042484,3280.9396832520993,3250.4670067366783,3277.234130859375,1387014
2022-04-04,3280.067982512089,3295.7620876915726,3258.3578888264396,3287.348388671875,1472994
2022-04-05,3288.7871089041378,3344.239702036937,3288.7871089041378,3326.104248046875,2314947
2022-04-06,3321.308450856893,3321.308450856893,3253.1697538188087,3274.269775390625,2051729
2022-04-07,3265.6814971533327,3265.6814971533327,3207.7005014089204,3212.190673828125,2494829
2022-04-08,3217.291606580685,3230.370027745647,3175.8766062249715,3213.498779296875,2296773
2022-04-11,3217.2917846452956,3236.778718405586,3187.734636322579,3222.871826171875,2291660
2022-04-12,3211.1885435471963,3260.0146522734094,3180.9774739188283,3218.2509765625,4483476
2022-04-13,3232.1141094342306,3234.5990948262,3187.255163355914,3192.835205078125,1621672
2022-04-18,3147.5403623845255,3147.5403623845255,3071.2495641272826,3076.088623046875,3820792
2022-04-19,3095.2261642756557,3107.0403799545356,2998.576552281814,3027.131103515625,3170014
2022-04-20,3051.6318495608343,3111.923290814037,3034.1939532776296,3101.155517578125,2640370
2022-04-21,3121.3829461849764,3177.184205558116,3110.3969880999252,3163.800537109375,2280996
2022-04-22,3122.342380367201,3153.64331680634,3113.9721056051544,3149.763427734375,1581465
2022-04-25,3102.201593746609,3124.870857781857,3080.49149910498,3093.656982421875,1960694
2022-04-26,3117.153786482466,3128.2704422488705,3067.4557959973617,3091.999755859375,1943469
2022-04-27,3091.7386978183854,3111.3126918404437,3057.124519775637,3104.991455078125,1727648
2022-04-28,3128.358047755058,3142.657035068176,3084.806951954192,3125.132080078125,1703660
2022-04-29,3136.205470355331,3159.092707941327,3083.761085375679,3092.34912109375,2051115
2022-05-02,3068.9819792014673,3093.4386673907866,3045.3101239380358,3088.599609375,1324161
2022-05-04,3085.199399623491,3091.259025222723,3021.376750080482,3033.9755859375,2305825
2022-05-05,3062.181404468486,3080.403918216015,3038.8582216741816,3063.314697265625,1612262
2022-05-06,3015.8839027648073,3029.398271221834,2985.803534263684,2992.865966796875,2010812
2022-05-09,2962.6980803096562,3013.2679710271254,2918.1007532108174,3003.764404296875,2481830
2022-05-10,2994.08652734233,3020.9409278192593,2983.6237904966374,2998.22802734375,1622685
2022-05-11,2994.9583637197297,3006.6853051327807,2948.878642613765,2974.90478515625,1841769
2022-05-12,2945.2606403315326,3007.7754550444442,2920.934860508519,2971.984130859375,2807195
2022-05-13,2994.958273964552,2999.2304728192926,2948.878554239539,2977.43310546875,2187823
2022-05-16,2977.520446813198,2990.5988675166236,2935.32082782278,2944.214111328125,1195813
2022-05-17,2938.2856675819935,3022.8594686963716,2921.1964432417662,3009.432373046875,1754076
2022-05-18,3021.1156206320347,3047.2724658323123,3001.977571466822,3006.990966796875,1866781
2022-05-19,2961.826327355389,2968.8014850294667,2816.2199109090097,2844.076904296875,4642963
2022-05-20,2885.971134022453,2889.371437825948,2851.1389872286045,2871.14892578125,3065125
2022-05-23,2881.437735548261,2911.1692180116047,2848.4800723039907,2896.21630859375,2293690
2022-05-24,2890.4621433700886,2898.9196937554434,2855.978872147246,2866.790283203125,1711510
2022-05-25,2890.3576316315725,2890.3576316315725,2768.5234246366185,2780.4609375,3548046
2022-05-26,2800.957469317206,2845.2847498563847,2791.7848372931185,2832.51318359375,2813186
2022-05-27,2855.554544933507,2878.113137542295,2834.488114923966,2862.66455078125,3103153
2022-05-30,2894.0009370688977,2972.649031269277,2884.652794101805,2962.686279296875,2094624
2022-05-31,2944.165004523289,2969.839714625581,2918.5781569271903,2953.118408203125,4840965
2022-06-01,2973.8777450085313,2973.8777450085313,2931.7888156507142,2945.0869140625,1493835
2022-06-02,2944.9106725614183,3012.49878635791,2937.274136329878,3004.598876953125,2657939
2022-06-03,3036.5503533099322,3052.262528156964,3011.797340038392,3019.6533203125,1913622
2022-06-06,3000.210828858483,3030.9327068602524,2964.3539226711787,3011.577880859375,1084210
2022-06-07,2985.3326517441806,3000.956963708526,2945.7891637629878,2951.670166015625,2308256
2022-06-08,2966.987037508978,2996.6556349491925,2937.450233831093,2988.053466796875,2185707
2022-06-09,2971.2443716436987,3016.888302906763,2943.243661069149,3008.198486328125,1279197
2022-06-10,2968.6114051946824,2978.2668532896387,2942.2783649357116,2949.212646484375,1527582
2022-06-13,2887.856545320782,2890.4898491615,2802.2302392403376,2826.061767578125,3030921
2022-06-14,2800.0795032064775,2843.0022662978668,2786.6496119457593,2818.11767578125,2611493
2022-06-15,2825.0956872779684,2838.7010882886284,2809.73475065303,2814.386962890625,1404536
2022-06-16,2843.9675291414705,2848.224788477131,2750.0903105068783,2757.9462890625,2032028
2022-06-17,2714.0580800045273,2737.5383690213844,2654.2382892194128,2711.3369140625,5240434
2022-06-20,2715.813514020202,2755.0936222142564,2693.869319498384,2731.96435546875,1502769
2022-06-21,2747.413640178998,2841.9931353001757,2743.375821953139,2819.3466796875,2964461
2022-06-22,2808.769360580185,2853.2284323936533,2793.9351690902718,2829.001953125,3336315
2022-06-23,2829.0017025634374,2912.4335752382617,2829.0017025634374,2904.358154296875,3692578
2022-06-24,2930.8668511739374,2936.1334582739805,2876.8841283984966,2890.577392578125,2132118
2022-06-27,2940.522604717636,2951.8457254461277,2902.339699253392,2909.537353515625,2037686
2022-06-28,2902.7786467833243,2922.9673098846292,2872.5835146469863,2912.565673828125,1400046
2022-06-29,2871.178449917376,2925.600053064694,2871.178449917376,2888.294921875,2133994
2022-06-30,2872.0563477532055,2906.20143071572,2857.134294601676,2867.75537109375,2719603
2022-07-01,2861.5228509461544,2925.599896381452,2854.54464022768,2909.887939453125,1502879
2022-07-04,2907.166993000027,2912.3896686210524,2830.8451246154136,2839.622802734375,2622535
2022-07-05,2857.134368050925,2872.0564215860604,2814.9575797580337,2823.164794921875,2170627
2022-07-06,2825.095465404695,2868.983852314819,2810.8317396589046,2862.18115234375,2182144
2022-07-07,2871.1785207492608,2913.6623972444418,2865.955845113616,2885.968994140625,1989921
2022-07-08,2896.634052528085,2901.022892001612,2852.7456577928106,2866.30712890625,2136916
2022-07-11,2814.255336753604,2830.801346623151,2726.3469713524055,2733.193603515625,6974600
2022-07-12,2734.158936312343,2752.8554340083,2703.7443666293075,2707.650390625,3734815
2022-07-13,2724.591243315508,2729.8578501002676,2664.0252652907757,2667.31689453125,3863530
2022-07-14,2689.5389029283033,2690.418987647848,2611.2113628888337,2639.154052734375,4764908
2022-07-15,2656.5799405130747,2665.688689015533,2598.890340539718,2635.501953125,4574806
2022-07-18,2660.496215840236,2707.9767454259254,2652.8395214403786,2696.1396484375,3202795
2022-07-19,2666.701363599561,2709.737430383473,2666.701363599561,2705.60107421875,1865074
2022-07-20,2735.1274060003793,2791.584756291882,2726.5465797601073,2785.292236328125,3402251
2022-07-21,2787.228784035556,2802.1902268295585,2767.0308792365477,2796.293701171875,2420640
2022-07-22,2803.070211178946,2813.6312292430425,2766.5466903739457,2790.7490234375,2075886
2022-07-25,2785.4683965193763,2804.3461725371144,2771.4751341224537,2787.008544921875,1797504
2022-07-26,2785.2045320841903,2788.9008455480016,2725.1827872039253,2742.25634765625,2639367
2022-07-27,2741.464386254903,2811.079185829187,2737.063961878892,2806.458740234375,1389808
2022-07-28,2830.3525856367887,2872.5966540791287,2817.7232833962703,2869.516357421875,2106333
2022-07-29,2895.4794676833635,2919.505829643421,2882.2781935145945,2905.952392578125,2430257
2022-08-01,2928.0419799310016,2928.0419799310016,2878.757233650227,2903.2236328125,1306913
2022-08-02,2895.4787927773596,2915.632647364898,2879.32915186275,2897.06298828125,1269114
2022-08-03,2886.6784066664172,2947.4042633920217,2884.082199243072,2939.04345703125,2895824
2022-08-04,2948.284247964706,2981.6393778391775,2910.748715052076,2952.640625,2150567
2022-08-05,2958.141372288894,2972.0467569139196,2952.684888790702,2961.52978515625,1106933
2022-08-08,2961.4854873266017,2973.718580659818,2935.96302696034,2969.80224609375,1068836
2022-08-10,2979.0867750422735,2979.0867750422735,2935.0825390741456,2952.024169921875,1878359
2022-08-11,2992.2884233473337,3017.5468150068145,2970.3303498018386,3012.09033203125,1449248
2022-08-12,3009.0100251572753,3009.0100251572753,2975.7868229198702,2993.652587890625,1472354
2022-08-16,3001.969610403311,3005.3580232327295,2981.2876151396117,2985.864013671875,839942
2022-08-17,2979.1752345613872,3008.0858922168222,2966.854046980335,2993.256591796875,1622326
2022-08-18,2983.4876075843345,2985.247777264325,2958.8452320644637,2975.786865234375,1430659
2022-08-19,2980.847420528017,3011.2103481950435,2966.986083984375,2979.747314453125,1398410
2022-08-22,2961.4846829061244,2978.294384734058,2945.9951079799325,2952.287841796875,1536532
2022-08-23,2921.837924178498,2941.155745444211,2877.877724840754,2890.72705078125,1849256
2022-08-24,2897.239152734898,2911.3205094918117,2860.4515652345717,2864.984130859375,1691923
2022-08-25,2883.158010542912,2885.0501070521514,2829.252812696223,2832.2890625,1946930
2022-08-26,2846.4586837304396,2866.436568329258,2831.0571977170034,2835.8095703125,1457962
2022-08-29,2750.264984792601,2765.842442693576,2711.5412538067208,2756.90966796875,2539173
2022-08-30,2776.6675527850575,2839.5936161841482,2765.314544774919,2826.084228515625,3431525
2022-09-01,2807.4708583776205,2807.4708583776205,2746.7449996854402,2756.161865234375,3546935
2022-09-02,2783.708184014529,2783.708184014529,2746.1286065456165,2755.017333984375,2052900
2022-09-05,2749.0764010065686,2770.4625015188517,2739.0435216869405,2757.6572265625,2147912
2022-09-06,2759.5067442475433,2764.215285330243,2733.852350335333,2752.070068359375,1936453
2022-09-07,2730.023159097114,2782.7401547857316,2730.023159097114,2771.915283203125,1291534
2022-09-08,2789.868906651418,2801.7500518374727,2781.156152794095,2789.560791015625,1346113
2022-09-09,2811.8710957340245,2845.754362458832,2788.548847209157,2831.804931640625,1561185
2022-09-12,2851.3869871393563,2877.701654619494,2838.273808049508,2854.0712890625,1785928
2022-09-13,2872.1130614855856,2872.1130614855856,2838.2738396110262,2842.102294921875,1972678
2022-09-14,2759.065876894723,2764.698333727928,2740.408121912217,2746.216552734375,5090269
2022-09-15,2754.6653975512245,2761.4860546857367,2728.2628538047275,2732.09130859375,2138023
2022-09-16,2707.140883675961,2723.2905259336594,2640.2544379154365,2647.9111328125,5322221
2022-09-19,2671.9376422551572,2677.2181514295744,2629.517594860232,2665.60107421875,2072220
2022-09-20,2684.2584586980124,2710.6169537047986,2666.656763886878,2675.7216796875,1544295
2022-09-21,2664.896863274496,2676.6899140420137,2638.626245172588,2641.310546875,2253818
2022-09-22,2631.4534566835873,2666.612800197156,2622.0365926375753,2646.766845703125,2017983
2022-09-23,2643.7748504500028,2660.056419935131,2621.772729524154,2624.45703125,2652374
2022-09-26,2604.9189274404216,2663.00452081125,2575.2160671939755,2635.32568359375,2925489
2022-09-27,2648.527090847732,2662.256499568145,2619.1323446991073,2655.61181640625,2227447
2022-09-28,2622.6529999705645,2684.2148957050317,2622.6529999705645,2671.629638671875,2739767
2022-09-29,2687.7789382550586,2689.407181056036,2631.453511913106,2637.878173828125,2493902
2022-09-30,2632.2021565114587,2657.592478379605,2596.3386948281413,2644.25927734375,2817353
2022-10-03,2635.8539282558045,2658.4720642332236,2617.372147790572,2627.009033203125,1763331
2022-10-04,2666.6127334648536,2726.502543409668,2660.4961874523647,2720.473876953125,2145875
2022-10-06,2737.943814323573,2749.3849167299395,2721.6181983015977,2729.97900390625,1790816
2022-10-07,2725.9748289925205,2732.663560045022,2691.387665003336,2697.3720703125,1939879
2022-10-10,2649.0551349695907,2752.02505217605,2644.6547111573486,2744.58837890625,3064063
2022-10-11,2728.263141363747,2767.8669611577366,2687.2072674564333,2701.464599609375,4730645
2022-10-12,2714.97390779249,2736.9760309872313,2694.8640961111873,2728.92333984375,1665247
2022-10-13,2728.9232210277037,2737.064006255312,2686.3271983230893,2731.16748046875,2054781
2022-10-14,2767.866373622807,2772.2667971102837,2702.740106008153,2727.514404296875,2245977
2022-10-17,2711.1916708463527,2760.3833914958127,2710.1328786877903,2745.692138671875,1517005
2022-10-18,2779.4417007596876,2784.162426006963,2760.515069405285,2774.76513671875,1793722
2022-10-19,2787.3834440777728,2787.3834440777728,2745.91240201647,2754.603759765625,1194289
2022-10-20,2739.735696686924,2788.2656365638254,2739.735696686924,2785.88330078125,1587601
2022-10-21,2786.3247900140686,2788.6188036276535,2759.1479775951516,2768.324462890625,1021913
2022-10-24,2797.17735486645,2804.147932217598,2783.853595389088,2789.765380859375,260949
2022-10-25,2806.3537912248353,2809.6626504347373,2780.456366973794,2790.118408203125,2069643
2022-10-27,2788.8830306568198,2800.6184946542526,2765.632908701152,2785.97119140625,2438421
2022-10-28,2779.4417540244904,2804.58908417995,2775.0299417165147,2791.133056640625,1355739
2022-10-31,2822.677776187459,2822.677776187459,2803.9717333524763,2817.515869140625,1919414
2022-11-01,2836.354077010689,2878.7957967468583,2826.603928917729,2876.23681640625,2991060
2022-11-02,2885.325640459638,2885.325640459638,2843.0163977761526,2860.354736328125,1405955
2022-11-03,2848.3097414338617,2848.3097414338617,2819.1476235583386,2829.515380859375,1422652
2022-11-04,2838.559982987403,2841.251231526313,2793.6917665316887,2838.912841796875,1464013
2022-11-07,2849.1488372988474,2861.325484271074,2819.2368313071347,2853.2958984375,1474498
2022-11-09,2867.501904513535,2867.501904513535,2825.0160177906464,2837.72216796875,1162267
2022-11-10,2797.0890301257955,2845.6189659797133,2797.0890301257955,2828.545166015625,1573092
2022-11-11,2884.972741372326,2948.502846331555,2872.1343229110385,2925.8701171875,3265394
2022-11-14,2932.972948442887,2955.032010931176,2919.737510949914,2943.1201171875,1342074
2022-11-15,2930.3255450967117,2947.0462695764713,2904.7370353683755,2940.56103515625,1400708
2022-11-16,2946.120217692935,2971.7087315184385,2930.723034354456,2960.63525390625,1748235
2022-11-17,2947.090963487235,2964.7382147656017,2927.4583964400517,2955.0322265625,1417986
2022-11-18,2955.9140382851238,2967.164158878597,2930.325528699969,2950.134521484375,1164540
2022-11-21,2931.649195573928,2941.531611779645,2887.9722549626686,2897.237060546875,1304194
2022-11-22,2894.148780733,2928.5167544201013,2872.31031051253,2924.9873046875,1149739
2022-11-23,2938.267096023946,2938.267096023946,2903.8549588633055,2919.119873046875,1150011
2022-11-24,2926.1346994104915,2993.8118614360064,2919.1199604786734,2982.517578125,1296591
2022-11-25,2985.032521665577,3002.988685816619,2954.149832260228,2990.900146484375,1588981
2022-11-28,2970.032447243622,3015.032938868525,2969.635427166336,2995.841552734375,2195437
2022-11-29,2985.0321047409852,3025.6207765760682,2985.0321047409852,2997.694091796875,1576028
2022-11-30,2985.0320807890316,3013.1793559501702,2977.973181396093,2991.91455078125,3410702
2022-12-01,3022.0918682867737,3070.6218106972183,3017.6800553403696,3066.783447265625,2180856
2022-12-02,3051.2983369722797,3060.827681164754,3011.5036956693657,3034.577392578125,2411749
2022-12-05,3029.1503577484414,3034.576800767576,3006.2089335417827,3022.885498046875,1475065
2022-12-06,3000.07664261676,3007.047220155349,2971.7968815829117,2987.10595703125,1166999
2022-12-07,2972.0616929376706,2994.473614579414,2959.4438659290595,2982.914794921875,1167505
2022-12-08,2964.738675064503,2982.9154328715235,2946.6060784766437,2956.400390625,1285619
2022-12-09,2977.1794466521255,2977.1794466521255,2890.928510850785,2905.399169921875,1797896
2022-12-12,2872.5317381331474,2908.2674270885745,2855.4139881103843,2899.8408203125,1527610
2022-12-13,2891.6782875951694,2943.9582647380803,2883.384166419189,2940.1201171875,1378016
2022-12-14,2954.8551118230303,2979.7376872704754,2947.8843199324615,2969.458251953125,1213311
2022-12-15,2963.679209913898,2968.929223708033,2910.86972808808,2916.29638671875,1415694
2022-12-16,2889.7372933102192,2904.737456359463,2845.7955961171497,2859.0751953125,2703680
2022-12-19,2847.3835518123956,2863.7072567112273,2818.70677293607,2825.36865234375,2120965
2022-12-20,2822.589610027799,2866.7960620653575,2791.4863286526675,2862.340087890625,1529971
2022-12-21,2866.796154401474,2896.8406447177717,2858.854890815874,2884.04638671875,1432566
2022-12-22,2906.5018913277986,2906.5018913277986,2863.3544539726518,2876.23681640625,1384101
2022-12-23,2838.5605375865457,2882.5464001920377,2838.5605375865457,2848.575439453125,1360281
2022-12-26,2848.575232221792,2887.09027146601,2845.6633927147495,2870.237060546875,870157
2022-12-27,2884.619664842959,2888.678618824853,2851.3546391063023,2876.060791015625,835883
2022-12-28,2867.5018256081944,2881.884378094464,2846.501554071851,2873.943115234375,910795
2022-12-29,2851.00179159365,2886.6491533221797,2848.2663814531547,2884.22265625,1037927
2022-12-30,2899.487022349278,2910.9135724032853,2864.324794362259,2873.589599609375,1163131
2023-01-02,2877.3844740498453,2882.5463814916634,2854.619475605265,2877.781494140625,709547
2023-01-03,2869.4429764459805,2929.443629089992,2863.531190519576,2921.811279296875,1245178
2023-01-04,2917.708161297688,2935.9290769595705,2899.6197292688294,2924.722900390625,1231668
2023-01-05,2938.4438163122472,2944.708676788832,2895.8698218927307,2921.5908203125,1826057
2023-01-06,2911.7963885995287,2913.1640936237372,2823.560134399543,2833.75146484375,2488376
2023-01-09,2849.148585709542,2935.6201129314486,2842.221953738348,2929.3994140625,2885060
2023-01-10,2898.5604331267577,2910.031144125433,2850.11882438517,2899.795654296875,3864655
2023-01-11,2903.061294014139,2955.473546603415,2886.340350306403,2937.120361328125,2720512
2023-01-12,2937.3844994888523,2955.914110329725,2925.516768010586,2942.105224609375,2250391
2023-01-13,2949.649271801032,2981.502641592047,2916.207821977424,2977.576171875,1742837
2023-01-16,2993.323916583658,3025.8110015993384,2976.2231200624447,3008.710205078125,1843607
2023-01-17,3005.0551874608955,3051.8005344403805,2996.933416683974,3048.732177734375,1688475
2023-01-18,3050.1760059457965,3076.3009900989787,3043.182259186601,3059.2001953125,2421189
2023-01-19,3050.176310188505,3056.4932433752856,3033.030348681528,3043.94970703125,1585044
2023-01-20,3036.6398008661617,3063.3964349074176,3028.157150767711,3034.92529296875,1529349
2023-01-23,3057.395670541336,3085.3706604429835,3028.1573821258276,3081.670654296875,1067916
2023-01-24,3090.7855298920044,3115.105681457939,3083.8369466327617,3100.98291015625,1387863
2023-01-25,3091.055568934269,3099.8089883897333,3072.7364208055433,3095.0712890625,874110
2023-01-27,3091.68691825546,3109.7352948944294,3052.251259362731,3078.19580078125,1785879
2023-01-30,3086.272889450756,3120.9708549193124,3055.1845998762938,3098.5908203125,1953798
2023-01-31,3112.4435693655014,3112.4435693655014,3024.0064949097696,3030.955078125,2820375
2023-02-01,3034.835218352332,3085.3706843730665,3027.6158660636556,3075.760009765625,2205161
2023-02-02,3092.5897637316407,3130.491359902265,3086.363161059032,3122.73046875,1813847
2023-02-03,3162.0758544483574,3162.0758544483574,3115.9621601108056,3142.493408203125,1804469
2023-02-06,3134.2358590554663,3134.2358590554663,3101.4782319079895,3122.323974609375,1138714
2023-02-07,3130.401594665035,3152.1499835660047,3123.633451270605,3133.695556640625,1455647
2023-02-08,3138.658220197554,3194.4726991238244,3138.658220197554,3176.60498046875,1986946
2023-02-09,3172.0027035874955,3201.421650359285,3163.249283575588,3195.330322265625,1655427
2023-02-10,3176.51431195934,3196.683461129444,3165.820560594796,3192.351806640625,1187821
2023-02-13,3202.684683091803,3202.684683091803,3134.4617259760194,3142.58349609375,1087939
2023-02-14,3162.9788942978053,3180.892001269694,3153.954703443889,3158.55712890625,1579818
2023-02-15,3146.7347657674286,3181.929103554905,3122.50472970228,3177.10107421875,1429449
2023-02-16,3183.011851730481,3226.147518559538,3182.831412016641,3210.8515625,1618931
2023-02-17,3182.064379197295,3193.570220400415,3149.4420234423537,3159.50390625,1061369
2023-02-20,3160.2713747659004,3178.319754975871,3135.951226496393,3147.005859375,1296082
2023-02-21,3153.0518176626792,3166.497771917962,3108.6076842854936,3114.247802734375,1139541
2023-02-22,3081.715617084995,3110.6381891326687,3063.712402699568,3069.623291015625,1218430
2023-02-23,3087.175351151494,3115.5112191854573,3075.443904333321,3080.677978515625,1441570
2023-02-24,3088.529489505604,3098.862144537813,3052.252284342413,3068.631103515625,977592
2023-02-27,3059.200182190444,3059.200182190444,2992.421181163278,3006.724609375,1128022
2023-02-28,3003.702117162735,3061.005732737268,2977.892841548753,2989.579345703125,4116217
2023-03-01,2998.737959955803,3058.297606467113,2991.518608863523,3055.319580078125,1669307
2023-03-02,3033.030315791083,3041.0617569146098,2994.2262980645087,2997.339599609375,1556538
2023-03-03,3026.7130393735433,3030.322715031711,3006.047734357381,3016.019287109375,1043190
2023-03-06,3033.8422880766893,3072.6914693231265,3031.22536115521,3042.821533203125,1334132
2023-03-08,3035.7370214238013,3064.614424719153,3005.8219245743644,3059.560791015625,1844590
2023-03-09,3054.68820151513,3054.68820151513,3005.8223026074047,3011.23681640625,1648500
2023-03-10,2989.6236484252595,3011.5976379632734,2968.9583426171757,3005.95751953125,1024404
2023-03-13,3007.762131470913,3040.971190367257,2952.714579709819,2961.693603515625,1901233
2023-03-14,2959.934582962972,2981.9535203922965,2896.223707775991,2901.232177734375,2670334
2023-03-15,2932.861497795797,2942.2016217694713,2880.521200296672,2886.747802734375,1780522
2023-03-16,2894.9597355769233,2905.608322308614,2862.47265625,2874.2041015625,1901060
2023-03-17,2843.07132149779,2907.05274636702,2837.2055974572454,2869.06103515625,6739966
2023-03-20,2860.3520931076205,2860.3520931076205,2793.031772654829,2836.573486328125,2289468
2023-03-21,2836.5740979939796,2848.7115912401773,2795.1980927186637,2803.004150390625,1815297
2023-03-22,2824.616398697249,2836.753889168361,2803.003509518878,2825.293212890625,1123939
2023-03-23,2810.9450664318592,2839.3263223706044,2798.4015295151034,2819.74365234375,1372218
2023-03-24,2841.6273934074825,2860.6685243938773,2802.9137024502784,2815.998779296875,1329577
2023-03-27,2829.083479625092,2845.1014163917093,2802.9133294148437,2817.622802734375,1524217
2023-03-28,2821.8638616076223,2842.213451587019,2806.6580152242736,2811.846923828125,1303530
2023-03-29,2823.6691670035793,2842.619966782127,2801.1990211073035,2832.60302734375,1740616
2023-03-31,2878.671402631456,2899.472204338833,2844.424646148771,2893.06494140625,2382581
2023-04-03,2910.256032039784,2910.256032039784,2864.0522245407105,2887.74072265625,1521830
2023-04-05,2874.655829017467,2945.8116578814243,2874.655829017467,2923.6572265625,2655065
2023-04-06,2910.3013442933197,2939.494687765259,2901.277154078457,2906.4208984375,1703464
2023-04-10,2905.7892047556925,2952.7149931554736,2901.2771097172517,2944.9541015625,2203187
2023-04-11,2945.4949835248,2953.571587777113,2880.6561041705563,2900.193603515625,2348779
2023-04-12,2912.9630768697316,2942.742900903807,2886.8380934850798,2925.326171875,2417727
2023-04-13,2896.765029058617,2914.813409301973,2869.6924586935834,2877.678955078125,4174070
2023-04-17,2828.2713129172603,2854.7120118386847,2770.6517749633886,2833.144287109375,5505048
2023-04-18,2847.08654077672,2848.8012689229336,2807.064393679631,2825.248046875,2617302
2023-04-19,2825.2479750497077,2833.595349886156,2771.7796551513784,2788.113525390625,3298034
2023-04-20,2788.4747210897062,2809.230358172251,2777.6456930466393,2801.83056640625,2419999
2023-04-21,2806.523039363576,2855.6597089636048,2798.2208287767953,2852.4111328125,1929184
2023-04-24,2843.612470588807,2870.5495443318514,2821.09694130206,2864.999755859375,1640676
2023-04-25,2872.3996967152325,2879.7994885025946,2840.3638219953486,2866.082763671875,2024090
2023-04-26,2870.5948910586885,2895.3210839802464,2870.5948910586885,2886.0712890625,2000029
2023-04-27,2874.2048510615423,2887.0191582964057,2861.255048770553,2876.866943359375,2434446
2023-04-28,2888.101133346039,2912.3311670411026,2884.356183331048,2905.11181640625,2931312
2023-05-02,2919.325382723846,2919.325382723846,2896.7649083596743,2905.24755859375,2321159
2023-05-03,2902.1789705386695,2902.1789705386695,2863.5102353696716,2869.6015625,2468285
2023-05-04,2869.827763052802,2909.8049697680735,2867.8876502834637,2906.4208984375,1953253
2023-05-05,2905.788985628069,2927.447040179334,2896.809961242115,2915.44482421875,1710027
2023-05-08,2928.349442012585,2937.238356642924,2915.9863466752167,2933.403076171875,928235
2023-05-09,2935.208133223178,2976.177867775832,2929.2520796847634,2962.8671875,1107375
2023-05-10,2968.9582531273554,2983.848165339088,2947.345364010718,2966.070556640625,1559987
2023-05-11,2986.1045506418404,2986.7361998952592,2952.715046751315,2961.87451171875,1719623
2023-05-12,2959.1668827295052,2968.958216036899,2941.885648717414,2954.790283203125,1027479
2023-05-15,2963.5439307236315,2970.7632825646147,2931.372782209103,2937.4189453125,1150390
2023-05-16,2938.456635647952,2964.446346309158,2933.2677265181874,2940.21630859375,986306
2023-05-17,2938.2308468250335,2959.9340659758723,2886.161319057114,2895.591552734375,1588815
2023-05-18,2911.1584719986504,2913.865728945654,2883.228648558824,2887.60546875,1369364
2023-05-19,2896.765155186877,2918.8744219476494,2890.49338684266,2908.361328125,1152449
2023-05-22,2914.813188789529,2985.6079108748772,2903.126907529479,2976.809326171875,1333243
2023-05-23,2983.396917684391,3003.204968703597,2969.0485451363493,2975.3203125,1687418
2023-05-24,2956.324369747154,2993.5039850346407,2956.324369747154,2981.005615234375,1016555
2023-05-25,2972.5681528543437,2983.3971807335947,2948.293170151878,2972.116943359375,1374917
2023-05-26,2972.1167142054805,3012.8608403328844,2969.8606669045807,3004.062255859375,1791115
2023-05-29,3032.8499743215725,3042.95702357488,2988.811880806644,2996.34716796875,1210372
2023-05-30,2991.5191919697595,3002.3030557024185,2979.2012598943925,2992.60205078125,1344224
2023-05-31,2986.104740447233,3002.979933206516,2946.5335755997253,2968.507568359375,5815424
2023-06-01,2990.61667880025,3014.0795736852247,2975.7267647386316,2999.640869140625,1177314
2023-06-02,3001.670995775546,3010.379250409834,2975.681286269555,2983.0361328125,2030661
2023-06-05,2991.518798732182,3002.347826057909,2964.491395428479,2967.965576171875,1861468
2023-06-06,2959.9342573409676,2967.920753448757,2906.330658002561,2916.888916015625,2022849
2023-06-07,2935.5686573495286,2958.896273847872,2924.739630639355,2955.33154296875,1567196
2023-06-08,2942.7879725257776,2950.9097424591514,2917.52024384417,2920.633544921875,1759366
2023-06-09,2928.3498614294867,2932.86195674756,2892.569033684028,2896.133544921875,1775689
2023-06-12,2901.2768888171727,2936.832106886092,2897.667213061257,2930.06396484375,2324605
2023-06-13,2941.886233041138,2946.3983284905876,2922.9354321534497,2927.1767578125,1371928
2023-06-14,2927.175971235423,2938.1404924215467,2911.0679269996626,2933.808837890625,1658544
2023-06-15,2950.4009142583286,2952.3554558246337,2918.3085669348598,2924.0361328125,2273810
2023-06-16,2906.489819361,2908.6716434866084,2869.2154738515223,2886.39794921875,4156189
2023-06-19,2900.1257053530403,2922.7629614182097,2886.488750625675,2918.671875,1468186
2023-06-20,2921.9448612962487,2938.76377229002,2910.171667991738,2934.39990234375,1528452
2023-06-21,2954.673593600641,2965.0375906543964,2930.9907039438817,2962.12841796875,1645987
2023-06-22,2963.7648075039565,2970.719565585934,2936.5819000456095,2944.218505859375,1529603
2023-06-23,2943.128025485959,2954.1283706652703,2917.5358703597485,2924.081787109375,1119505
2023-06-26,2913.762857251765,2921.8540288219324,2884.670685198081,2899.8076171875,1978803
2023-06-27,2911.035228452272,2917.989986483776,2893.1254058850895,2906.807861328125,863542
2023-06-28,2916.4902067752564,2937.354704231224,2903.2168146828576,2923.26318359375,1575872
2023-06-30,2927.3998078961313,3009.2215416572035,2922.036027465169,3002.17578125,2672406
2023-07-03,3013.130987303054,3017.2220741820643,2971.720052392161,2974.947509765625,1687264
2023-07-04,2991.038586886347,3013.766843625605,2979.4926768539303,3008.17578125,1656681
2023-07-05,3018.31307903841,3026.495253047851,3004.676122356007,3018.267578125,1453008
2023-07-06,3006.0850703686824,3025.9949366964006,3001.9484827926003,3020.94921875,1848238
2023-07-07,3001.9481241962812,3051.8592867824045,3001.9481241962812,3026.721923828125,1789326
2023-07-10,3022.630783458653,3022.630783458653,2968.492032952793,2974.628662109375,1407431
2023-07-11,2995.58452074979,2995.58452074979,2964.4923069892843,2975.0380859375,1110172
2023-07-12,2982.810819949394,2990.265643534798,2954.764285186682,2963.673583984375,1515240
2023-07-13,2985.583996893055,3061.4508783669453,2975.356280703942,3036.995361328125,4585146
2023-07-14,3059.223633971811,3204.548209497131,3047.4049393977743,3195.27490234375,6306101
2023-07-17,3191.047775615765,3227.3219906075915,3161.0919726546085,3174.41064453125,2743228
2023-07-18,3160.136587489662,3203.7748372593696,3150.1361552507706,3179.092041015625,2600090
2023-07-19,3181.9564387643286,3197.275374973218,3132.545112140107,3154.72802734375,2405370
2023-07-20,3147.4816096060504,3170.9979886535184,3131.940584552698,3156.77880859375,1715404
2023-07-21,3102.772940548675,3130.892412746542,3061.755687476042,3070.18701171875,3770223
2023-07-24,3081.762606135278,3111.3405552900845,3073.6503948838067,3094.295654296875,1680132
2023-07-25,3096.8027636160755,3105.2797075197404,3081.033863241791,3098.306640625,1272980
2023-07-26,3099.4005458932415,3118.0861839499244,3085.4090157010746,3088.4169921875,1066803
2023-07-27,3094.4782454445894,3109.700159270894,3085.454538799316,3096.255615234375,1701769
2023-07-28,3085.408792220562,3093.3387496319633,3036.1880906607657,3058.428466796875,2599831
2023-07-31,3066.6320067687398,3123.3725393934046,3063.441776018759,3118.6328125,2743678
2023-08-01,3112.753742203544,3153.7709950290664,3112.753742203544,3146.524658203125,1956167
2023-08-02,3130.9375831694133,3141.374149337502,3111.477311631999,3136.133056640625,1914899
2023-08-03,3117.3109079687597,3129.3882090010948,3069.913198256954,3099.035400390625,2026351
2023-08-04,3100.2208356691253,3163.7975804799803,3100.2208356691253,3138.777099609375,2248493
2023-08-07,3148.2558259295074,3179.292252661736,3136.6798923372126,3175.69189453125,1853889
2023-08-08,3175.6921726071587,3181.06990066204,3150.67169533121,3163.4326171875,1634225
2023-08-09,3158.2373025425936,3160.1515300654332,3121.9143791043803,3156.0498046875,1794589
2023-08-10,3144.6557951355153,3158.236973179639,3126.471525696296,3137.455078125,1096701
2023-08-11,3133.80930927876,3159.8322990598804,3111.8422029571116,3143.562255859375,1679974
2023-08-14,3136.178979187144,3149.213394617888,3109.1076379281085,3144.519287109375,1190425
2023-08-16,3144.6560351883286,3159.2399472355787,3131.1658720380547,3152.3125,1328445
2023-08-17,3149.213505497685,3154.5002181176783,3111.112990794358,3131.667236328125,1843241
2023-08-18,3108.196534538817,3108.196534538817,3059.4315742461995,3069.093505859375,2526749
2023-08-21,3076.293965445594,3107.96839960833,3073.5594819207536,3100.585205078125,1375579
2023-08-22,3099.081546428768,3109.1079867260373,3067.224855627196,3082.811279296875,1222012
2023-08-23,3088.143509067167,3100.9044326583535,3077.2055745604357,3097.486328125,1330046
2023-08-24,3106.3730455778173,3110.9761369975763,3079.1194508870794,3087.915283203125,1152881
2023-08-25,3076.2934297630904,3086.1376132448922,3053.7339446114943,3082.035888671875,1158046
2023-08-28,3093.612685230047,3093.612685230047,3062.7131071750428,3076.795654296875,1037485
2023-08-29,3081.8087420423494,3089.556445841185,3067.1792097744474,3077.34228515625,944517
2023-08-30,3097.258600864217,3106.4647851889345,3083.6318013204886,3090.83251953125,1188200
2023-08-31,3099.9928470608975,3114.941268101216,3047.7185475864435,3059.704833984375,3417652
2023-09-01,3068.0906309950083,3089.0550054789314,3059.7049257080084,3080.122314453125,1277950
2023-09-04,3079.02783910158,3129.0233919911693,3071.7815037026157,3115.943359375,1828332
2023-09-05,3117.311177679923,3141.921529082659,3103.7753953952833,3125.833740234375,1501842
2023-09-06,3130.071933045149,3139.095639063221,3097.349371389577,3126.334716796875,1314818
2023-09-07,3127.1551675699734,3153.770760697037,3119.407464834157,3149.441162109375,1885092
2023-09-08,3149.441245179643,3158.3283161992513,3131.029101522507,3137.272705078125,1518917
2023-09-11,3155.5937353709564,3177.1961089834826,3140.098329969077,3172.593017578125,1783604
2023-09-12,3182.9384041965895,3272.1736158051285,3174.7349547012377,3263.879150390625,4476016
2023-09-13,3255.0377963035894,3271.2168221792035,3231.2477030451937,3252.075439453125,1754929
2023-09-14,3254.0805198711637,3279.2832501865755,3231.7945270329637,3244.965576171875,2604721
2023-09-15,3252.0753624763356,3288.079391037457,3247.153159229306,3279.830322265625,2952897
2023-09-18,3263.1959666407256,3298.9721261758623,3258.820748484001,3286.98583984375,1395753
2023-09-20,3263.1500568604156,3304.167306178493,3263.1500568604156,3286.89453125,1649396
2023-09-21,3270.9433138676945,3285.937352425598,3215.7522827621383,3267.98095703125,2004073
2023-09-22,3266.796010717758,3312.1428582437647,3249.52323591542,3284.706787109375,1989083
2023-09-25,3283.658719154224,3299.6098718496296,3243.689598958607,3260.55224609375,1238778
2023-09-26,3251.847543695411,3276.7767822705646,3223.0442313478416,3268.345458984375,1726062
2023-09-27,3272.2647105216497,3294.140574881683,3241.0004098672084,3271.626708984375,1541134
2023-09-28,3281.38005186612,3283.9322808574702,3215.160068443675,3223.72802734375,1755753
2023-09-29,3224.138279675587,3252.6224826131343,3195.289567953573,3216.299560546875,2243791
2023-10-03,3221.404005246326,3221.404005246326,3172.0922834404655,3202.855224609375,1948148
2023-10-04,3177.7435417845345,3233.982711855611,3169.54009071162,3224.639892578125,1788138
2023-10-05,3239.4511904452584,3303.2558002739493,3236.8989615455466,3271.672607421875,2990768
2023-10-06,3273.1771276214913,3313.2372710177215,3258.638833173577,3300.886474609375,2075691
2023-10-09,3322.443150428711,3353.3883449301275,3309.636607893801,3316.336181640625,4233074
2023-10-10,3317.885464751515,3325.13180122624,3282.610673537835,3307.72216796875,1848148
2023-10-11,3326.954825968897,3326.954825968897,3285.937574689828,3290.40380859375,2426417
2023-10-12,3258.592598284596,3271.0344082830998,3224.9585427168286,3229.0146484375,4241281
2023-10-13,3217.575421151711,3260.4156604701616,3213.0179488837907,3254.81005859375,2890357
2023-10-16,3250.389000692715,3258.27333816753,3207.640002736549,3212.15185546875,1671104
2023-10-17,3217.5752462064243,3221.3578589700005,3193.2840093522973,3196.656494140625,1672065
2023-10-18,3200.2568789933416,3210.9213191020513,3175.646529881174,3178.60888671875,1408245
2023-10-19,3170.613008079076,3177.3299169246034,3154.529105910934,3157.9560546875,1514545
2023-10-20,3153.158141056141,3198.0284103099434,3147.3553086674356,3193.5048828125,1481211
2023-10-23,3173.811234327899,3179.2486146541296,3108.288023694424,3116.37548828125,1106272
2023-10-25,3098.418430452583,3129.9463572629693,3086.2641415822154,3098.052978515625,1518537
2023-10-26,3077.9022236248165,3083.065403130757,3043.1300770713924,3049.298583984375,1984471
2023-10-27,3061.407274974717,3072.3735099895516,3049.5271870419792,3062.275390625,1108851
2023-10-30,3061.407257455826,3091.427414880595,3046.5571476248833,3087.497802734375,910972
2023-10-31,3106.1862890625,3106.1862890625,3061.4532301686027,3078.542236328125,999811
2023-11-01,3065.9765288100825,3081.14657643751,3025.767000563393,3043.72412109375,1563475
2023-11-02,3055.1927163012497,3085.1213962845673,3055.1927163012497,3070.636962890625,1245384
2023-11-03,3090.6506520884154,3096.0422952066797,3056.1984407717223,3062.229736328125,1402598
2023-11-06,3084.254029322443,3100.063731635219,3069.63238059084,3089.0517578125,1099852
2023-11-07,3086.99533768145,3110.8925036423684,3076.0291020236123,3080.095703125,1191144
2023-11-08,3081.009741283504,3108.8822585891467,3079.273509776776,3090.23974609375,992899
2023-11-09,3098.0528650963947,3099.3321699375433,3054.1421877854477,3059.076904296875,2112352
2023-11-10,3050.441278848814,3059.0771449775716,3036.139568807074,3046.283203125,1338557
2023-11-13,3066.890289328859,3066.890289328859,3040.388555601047,3044.546630859375,1030990
2023-11-15,3091.6559037281313,3118.9800168000415,3066.936137613749,3111.029541015625,2059802
2023-11-16,3134.5612355569488,3225.3068746335257,3120.0765776114918,3196.5205078125,3951984
2023-11-17,3196.5207753389523,3220.8748683172735,3191.6773098626118,3200.724365234375,2021292
2023-11-20,3190.489151953326,3229.4648915192706,3190.489151953326,3216.39697265625,1475621
2023-11-21,3216.397237175697,3234.1716341175766,3199.399481449812,3207.806884765625,1807236
2023-11-22,3198.485265113703,3228.3224741290987,3181.2135339255397,3226.037841796875,1798051
2023-11-23,3225.9009601530765,3238.694901638103,3198.485371256592,3206.024658203125,2729804
2023-11-24,3193.2310459812875,3202.6437770947146,3155.534607361633,3159.281494140625,1989733
2023-11-28,3159.2809411434473,3181.350399374295,3137.25699707058,3171.20654296875,1689195
2023-11-29,3181.122097340804,3214.934656261117,3176.37010665481,3211.05078125,1441634
2023-11-30,3197.982587796699,3213.7008135539186,3181.1220458782195,3187.153564453125,3266235
2023-12-01,3198.4855376057844,3213.975301516175,3189.3927447706055,3209.1318359375,1172141
2023-12-04,3239.2888137345485,3242.167584431117,3196.657662284584,3209.86279296875,1625213
2023-12-05,3233.211361926645,3233.211361926645,3201.0437864410123,3227.36279296875,1377656
2023-12-06,3228.276707900282,3301.6134000384272,3221.4683255949626,3293.6171875,1896572
2023-12-07,3294.4397617823906,3317.788748405097,3282.2854733793333,3303.48681640625,1967653
2023-12-08,3320.0280706858707,3330.994307087806,3291.744363920943,3314.270751953125,1641155
2023-12-11,3310.797891464415,3338.304955567598,3303.5785421234236,3329.074951171875,1102503
2023-12-12,3325.4651621953826,3379.7936756866497,3318.2000758331174,3355.759521484375,2236866
2023-12-13,3329.6689659326335,3335.5632728478577,3256.058066070388,3283.976318359375,3850968
2023-12-14,3317.286368548256,3361.151312264597,3315.093210605896,3351.327392578125,3290396
2023-12-15,3350.824789993706,3560.3255927142964,3350.824789993706,3528.386474609375,8531230
2023-12-18,3525.7363506427123,3590.528439137833,3500.19398079059,3526.741455078125,2521612
2023-12-19,3513.7643200390503,3522.9943233611416,3463.502411689987,3487.4453125,2004435
2023-12-20,3497.5439742144413,3562.930202481097,3442.0731404679386,3454.41015625,2586083
2023-12-21,3432.660113142662,3478.763949441548,3420.871499435154,3461.218017578125,1517562
2023-12-22,3472.6412593570217,3514.632758384625,3437.9148467634514,3494.57373046875,2413058
2023-12-26,3490.78113326196,3503.71206271633,3463.6395233033168,3468.574462890625,1285231
2023-12-27,3471.7275030067567,3489.273435762688,3443.3980603657433,3482.87646484375,1293976
2023-12-28,3494.5737504650037,3507.3676920200533,3465.4219300223085,3472.5498046875,1682889
2023-12-29,3465.3303142807017,3493.2943032121766,3441.0217370731516,3466.609619140625,1574996
2024-01-01,3463.5027692673525,3501.8845941510544,3447.967268719188,3482.78515625,825907
2024-01-02,3482.7849604684966,3482.7849604684966,3442.7124205931514,3457.288330078125,1344068
2024-01-03,3442.483985684402,3446.9162616362587,3369.4214885871284,3373.716552734375,1803075
2024-01-04,3382.8551313574153,3398.6190946223346,3336.477094505551,3350.916015625,3598144
2024-01-05,3358.4093675177683,3424.892165201283,3358.2723788278463,3415.890625,1963127
2024-01-08,3415.8905458931986,3417.581262942363,3356.033183042012,3361.425048828125,1067805
2024-01-09,3390.348920468523,3429.096421850745,3365.4921632868704,3372.026123046875,1370944
2024-01-10,3372.11752875156,3407.986258562806,3370.289822773917,3393.181884765625,1292227
2024-01-11,3403.1881186966993,3447.966909732182,3387.6526197660214,3413.7431640625,1777909
2024-01-12,3516.506705598716,3568.824795228531,3492.38107316136,3548.308837890625,6813450
2024-01-15,3618.85751219593,3623.4267767315314,3550.3185441619166,3567.4990234375,2801505
2024-01-16,3563.1128581170137,3563.1128581170137,3523.4059897648553,3528.66064453125,1432672
2024-01-17,3490.0042844962854,3573.1191625440915,3484.109977812694,3549.953125,3458696
2024-01-18,3562.199262811189,3572.068920577703,3529.300552328582,3566.403076171875,2239110
2024-01-19,3630.265574324088,3647.3356893209884,3602.7050479129484,3628.47119140625,2941975
2024-01-23,3588.8561772055014,3620.051529496022,3536.17360896319,3550.43701171875,2618854
2024-01-24,3570.4516563375996,3573.8103676439687,3501.9874154730123,3535.29931640625,2657709
2024-01-25,3533.550863134138,3552.9675849710666,3477.233473153438,3506.3125,2205154
2024-01-29,3497.5706396876776,3515.2388107673146,3479.2123039200633,3497.754638671875,1646747
2024-01-30,3503.6895122527035,3540.820457055553,3484.871069366822,3497.340087890625,1411621
2024-01-31,3507.139944412353,3528.120990540642,3493.5667089896942,3511.510986328125,2459358
2024-02-01,3515.237929033222,3593.3644622504908,3501.480694636214,3546.663330078125,2363107
2024-02-02,3565.896430136547,3666.522292350957,3563.089715877142,3649.866455078125,2826510
2024-02-05,3665.2341894937504,3701.1227492201515,3646.0016922235036,3656.30810546875,1691523
2024-02-06,3678.1173222023467,3818.818793148955,3671.675785736143,3806.02783203125,4474396
2024-02-07,3821.6718838169454,3823.512322961572,3748.928481692986,3757.62451171875,2124267
2024-02-08,3763.697529491343,3826.272451742055,3760.062707616723,3804.279296875,2345173
2024-02-09,3806.533642964029,3850.888400846203,3772.8998012950433,3803.911376953125,2100596
2024-02-12,3800.5065922172184,3827.745179692485,3778.007045373113,3791.94873046875,1013716
2024-02-13,3796.3193423865514,3837.3149373465553,3755.8755196115026,3818.450439453125,1257415
2024-02-14,3779.3413678448446,3786.6110118014235,3726.4287482560744,3772.991943359375,1391283
2024-02-15,3798.6657441778602,3815.505579737829,3757.255870513131,3775.844482421875,1091582
2024-02-16,3785.0925278553214,3817.0243214473626,3772.9917323521654,3798.941650390625,1307556
2024-02-19,3794.110709187132,3798.941861408623,3731.489953932272,3776.396484375,772291
2024-02-20,3756.4277437698097,3771.0591425249713,3690.0798344375635,3709.082275390625,1193648
2024-02-21,3692.840871691211,3739.174013609637,3663.0258496095253,3673.05615234375,1885939
2024-02-22,3654.1917205441428,3768.2528853223134,3654.1917205441428,3761.029296875,2982052
2024-02-23,3800.5060448617196,3800.5060448617196,3723.575614717989,3728.821044921875,2538072
2024-02-26,3714.0058645493514,3726.888937419443,3665.0041766684662,3681.84423828125,1379284
2024-02-27,3679.957687485479,3794.985122078048,3679.957687485479,3776.94873046875,2960475
2024-02-28,3768.8511632078385,3823.4200011181556,3762.777624498999,3790.33837890625,1939225
2024-02-29,3771.979635234801,3807.9603066412583,3740.278119193048,3768.390869140625,3772719
2024-03-01,3779.5255936695676,3809.708612609149,3760.752981650241,3767.70068359375,2043265
2024-03-04,3777.5010270993284,3789.371768720034,3750.722549928762,3755.1396484375,1749271
2024-03-05,3737.9318050462825,3739.7722441428095,3662.4738020886766,3692.012939453125,2070859
2024-03-06,3675.4024369976914,3747.1334961978687,3642.6425356235145,3740.0478515625,1744204
2024-03-07,3740.6923043829674,3794.985255418292,3715.5702668526733,3780.81396484375,2688905
2024-03-11,3762.7773878887397,3821.6714335783654,3762.7773878887397,3793.466796875,2304068
2024-03-12,3793.4670286122573,3892.482738841845,3792.270473640545,3857.790283203125,4039801
2024-03-13,3869.5230148878118,3902.650917036673,3802.2548792703546,3817.99072265625,2837260
2024-03-14,3822.085250968969,3887.9267659375214,3760.016275886559,3871.9150390625,2919608
2024-03-15,3858.1122273965675,3900.8103208022567,3843.7567138454883,3882.635986328125,3373143
2024-03-18,3878.9547030215235,3915.30336817053,3789.325426164842,3821.2109375,1526904
2024-03-19,3728.0389511805306,3734.2504323086932,3650.1424666014186,3659.98876953125,8931209
2024-03-20,3667.994768950826,3697.441791681991,3644.2530619412323,3654.099365234375,1817913
2024-03-21,3671.721682393882,3688.6075746001366,3633.0264093675964,3655.98583984375,3829582
2024-03-22,3586.095512991223,3623.8245137694216,3547.4462926818487,3598.886474609375,5852485
2024-03-26,3565.850574289269,3631.8302677248153,3562.5837501208753,3568.151123046875,3440925
2024-03-27,3578.2734848298974,3584.2549115114957,3523.8884231366437,3534.470947265625,1968575
2024-03-28,3542.9369266623094,3602.65907796181,3534.1027302458065,3567.046630859375,4311783
2024-04-01,3586.7395487458493,3619.499453254275,3577.8595203158884,3604.269775390625,1569676
2024-04-02,3579.653557681035,3597.920003104046,3564.0098274803727,3573.9482421875,2142666
2024-04-03,3543.7651451703696,3663.3936751293795,3543.7651451703696,3632.38232421875,3973090
2024-04-04,3658.7004031789797,3707.241978924869,3621.2935725878497,3683.91455078125,3394637
2024-04-05,3660.632928826098,3682.7181953650183,3644.529088641468,3661.783203125,1636819
2024-04-08,3665.2344132847697,3710.923223399392,3644.069363948704,3655.6181640625,2302538
2024-04-09,3666.1543123632814,3695.463391899339,3611.9074203697137,3631.692138671875,1876992
2024-04-10,3640.7559988262524,3671.8594599447097,3605.419663202159,3666.752197265625,2101965
2024-04-12,3654.1914342233986,3693.162817777665,3630.725838259486,3682.166015625,4354821
2024-04-15,3682.1657161126545,3739.9555377772367,3606.3857854027738,3626.7685546875,4200329
2024-04-16,3590.6965366993572,3615.2663527431537,3554.670032660961,3563.826171875,3051420
2024-04-18,3567.5067437164125,3621.9836892316157,3542.844817972998,3553.887451171875,3476284
2024-04-19,3531.802482817412,3545.1917216335364,3497.6622490979976,3520.94384765625,2957749
2024-04-22,3530.8821260588365,3568.6111245390066,3507.876639180684,3556.2802734375,1728883
2024-04-23,3567.737068587587,3584.2549637317557,3552.5995026977444,3565.574462890625,1807586
2024-04-24,3579.6536294557072,3587.015384991863,3519.3332000987416,3525.40673828125,1317312
2024-04-25,3507.1403866301107,3564.6080473941747,3506.9563876693583,3544.869384765625,2856271
2024-04-26,3547.583950815871,3567.5068368634634,3499.1805421614235,3516.480712890625,2039178
2024-04-29,3531.802085484041,3568.426862829934,3514.5019156929066,3561.43310546875,1110693
2024-04-30,3563.089785398555,3572.0619252249066,3506.036178297648,3515.83642578125,2203078
2024-05-02,3476.63503445836,3562.261496663186,3476.63503445836,3555.083740234375,2491044
2024-05-03,3579.7917453667596,3582.966682325397,3494.625611625741,3536.771484375,2962234
2024-05-06,3545.605583246127,3625.6186204477826,3545.605583246127,3608.2265625,2053831
2024-05-07,3617.1988452844685,3669.8353556027478,3601.2790030469796,3661.50732421875,2062112
2024-05-08,3644.9892925462136,3666.4304509643703,3624.3764664424393,3659.666748046875,1247685
2024-05-09,3645.909369588605,3654.1913444311836,3598.104015290975,3644.2529296875,1726486
2024-05-10,3646.4619361248674,3656.5843507790987,3575.098867879944,3583.24267578125,1672489
2024-05-13,3574.5925909400316,3639.4680646589845,3561.2494084020914,3632.842529296875,931326
2024-05-14,3621.983888045264,3631.0020839186186,3582.322338430397,3589.960205078125,1058317
2024-05-15,3592.996713752849,3613.655594732349,3566.3103506592815,3570.8193359375,1115021
2024-05-16,3606.6908950730917,3623.745907431527,3562.569994938758,3615.82080078125,2599399
2024-05-17,3632.5515570276343,3633.4784647992665,3550.0567653523444,3553.857177734375,2765804
2024-05-21,3550.613121462056,3563.728776359017,3531.5651208470945,3540.97314453125,1908117
2024-05-22,3554.691612227725,3560.4847863024115,3538.517115470372,3551.910888671875,1311168
2024-05-23,3560.2062401149506,3619.5747261448155,3545.885560785401,3608.868896484375,2095742
2024-05-24,3594.780437128097,3599.92482105189,3563.311960285678,3568.1318359375,1309452
2024-05-27,3573.2294672441094,3622.6800874842297,3560.5772666527496,3565.860595703125,1841538
2024-05-28,3576.0102759178876,3587.1331694666214,3550.056857637509,3559.233154296875,1801993
2024-05-29,3567.5756380844864,3567.5756380844864,3522.2499334071467,3525.633056640625,1568095
2024-05-30,3500.9307015339277,3517.058806463482,3443.8794821472993,3463.020263671875,2919230
2024-05-31,3466.6348590080306,3475.718599887057,3386.689068476094,3402.6318359375,10956800
2024-06-03,3459.961281200074,3477.340801445973,3425.8510308716222,3432.200439453125,2156773
2024-06-04,3429.5587856451884,3471.269635740873,3328.989291525593,3443.46240234375,3395997
2024-06-05,3444.389229413079,3507.2336206771465,3429.5587052821297,3472.613525390625,2799670
2024-06-06,3504.6383361596722,3559.233114194575,3468.0254786409455,3550.427490234375,4328036
2024-06-07,3556.8232840964106,3628.8439736397468,3556.8232840964106,3609.33251953125,4552445
2024-06-10,3610.3057325626605,3620.4089366489284,3561.08683988795,3576.658935546875,1734661
2024-06-11,3563.960611925237,3596.3559953752433,3560.2529805994373,3570.541748046875,1419898
2024-06-12,3591.211490093849,3608.9155195936296,3547.693214139478,3551.586181640625,2177001
2024-06-13,3574.898153664247,3605.6714482720763,3570.4489508339425,3594.6875,1932323
2024-06-14,3604.7443844726295,3604.7443844726295,3548.2030094526167,3551.95703125,1860730
2024-06-18,3546.395689059985,3561.179823442644,3517.661546809407,3536.24609375,1774045
2024-06-19,3547.8784064893566,3553.6254156533255,3515.7147523909116,3523.8251953125,1509050
2024-06-20,3518.5418393437685,3531.4721572718627,3503.757705904956,3510.431396484375,2846526
2024-06-21,3547.275873620781,3594.3628314432963,3520.4419401652044,3532.213623046875,4642195
2024-06-24,3530.3601242080126,3575.083426076877,3514.185628169532,3537.82177734375,1702154
2024-06-25,3538.007033326123,3566.41666656242,3515.668465075754,3557.88916015625,1338808
2024-06-26,3563.496840516408,3584.3058742192884,3560.252663395376,3574.017333984375,1639845
2024-06-27,3550.983551295317,3653.870310416638,3539.0265319698215,3646.593994140625,4526556
2024-06-28,3631.4395370159273,3670.555002133022,3612.94777109011,3618.787109375,2731571
2024-07-01,3600.1098911444064,3709.206893822337,3600.1098911444064,3687.424560546875,2658723
2024-07-02,3701.699052905465,3729.320724102144,3691.4566765329196,3723.75927734375,2307449
2024-07-03,3726.169344471108,3731.8235725519535,3665.9203376575206,3675.421142578125,1821198
2024-07-04,3707.492429103772,3751.52055167907,3691.0398148782656,3727.050048828125,2518001
2024-07-05,3716.9006123476197,3732.426319394209,3696.5086389132935,3718.569091796875,1668616
2024-07-08,3728.023360391662,3736.597257975855,3687.2858057778326,3701.328369140625,1758882
2024-07-09,3693.7274640836704,3714.0730443794923,3684.551167677433,3694.19091796875,1305801
2024-07-10,3692.522405623858,3710.68988827446,3616.7940867398565,3623.42138671875,2669716
2024-07-11,3643.674675535382,3689.0931591530957,3610.8622289094983,3636.908203125,4872189
2024-07-12,3689.092963601374,3892.9665108049144,3681.0289111762886,3878.135986328125,13509164
2024-07-15,3926.103726954822,3930.089249638286,3853.20206311634,3864.46435546875,4848030
2024-07-16,3867.0595933422346,3887.961184556231,3841.9402998086507,3873.038330078125,2029521
2024-07-18,3855.936610046835,4008.8764034741735,3855.936610046835,4000.116943359375,5613364
2024-07-19,4011.1256043918597,4049.542345765076,3981.256400846525,3997.189697265625,3903354
2024-07-22,3994.9145068230564,4013.495719745839,3962.443655783337,3983.208251953125,1896386
2024-07-23,3979.1668723137213,4052.2841289170647,3963.651377579033,3997.144287109375,2365208
2024-07-24,3983.347204111484,4031.2868203752514,3965.3235197357376,4000.76708984375,1809793
2024-07-25,3990.315092493855,4034.909999231854,3970.990814364529,4015.8642578125,2810342
2024-07-26,4041.4135791114427,4108.724200524135,4029.3820629762513,4076.57861328125,3552210
2024-07-29,4101.8026818187545,4116.66765190009,4060.924014095079,4070.3076171875,1746803
2024-07-30,4079.597869696845,4086.0082967599183,4020.3235344521822,4055.674560546875,1797906
2024-07-31,4041.4139618583135,4100.87384543508,4036.7686584538783,4074.25634765625,2330091
2024-08-01,4087.3092654244533,4105.797481325745,4055.395941895072,4085.172607421875,2202244
2024-08-02,4055.348843141444,4086.0078378318603,3967.0881008508513,3979.212158203125,2811282
2024-08-05,3938.2882837877764,3938.2882837877764,3818.90398455052,3860.29345703125,2787771
2024-08-06,3875.0653422807904,3956.172148090316,3865.6350146384816,3875.297607421875,2203067
2024-08-07,3928.068585003328,3943.816345106616,3883.752208772118,3902.47314453125,1237666
2024-08-08,3884.402501608471,3931.7845938309133,3864.8922283404063,3876.5517578125,2441283
2024-08-09,3917.8481873983887,3951.8981645067097,3907.2102630563363,3928.7646484375,1302536
2024-08-12,3929.926507307199,3938.288053067427,3889.3731010986708,3898.01318359375,936912
2024-08-13,3914.1326781305343,3933.6429525764734,3886.260857493479,3899.221435546875,1495593
2024-08-14,3910.416129361195,4000.721002615426,3891.0451248057766,3990.547607421875,3226545
2024-08-16,4041.4140425715414,4112.951716428554,4018.2805218840263,4102.7783203125,3457058
2024-08-19,4107.376754658791,4175.430440991918,4078.901139092339,4171.48193359375,2055210
2024-08-20,4185.417806867609,4241.161440255413,4180.772504085293,4202.41943359375,2212298
2024-08-21,4197.495611851862,4236.516155388334,4173.8508391327405,4228.619140625,1896990
2024-08-22,4236.516374666815,4237.39916370202,4178.171549911448,4182.630859375,1829872
2024-08-23,4180.772083599913,4186.346446378046,4138.964362763913,4147.23291015625,1809253
2024-08-26,4170.5527823500615,4229.222864979793,4166.836540173764,4183.048828125,1844164
2024-08-27,4185.418705944727,4190.064009724909,4168.509618727682,4178.12548828125,930697
2024-08-28,4179.611105918801,4238.838715366386,4141.101365063979,4186.39306640625,1848058
2024-08-29,4143.61019488178,4232.8000107357375,4143.61019488178,4191.7353515625,2133641
2024-08-30,4180.772468175268,4266.47830377286,4169.437748026632,4230.70947265625,3637222
2024-09-02,4251.381655472286,4262.530383589784,4191.921772178967,4200.32958984375,1216500
2024-09-03,4200.329626081671,4232.707481664155,4176.963840595747,4192.2470703125,1717263
2024-09-04,4159.357971016076,4168.694848446134,4121.9632824379705,4161.49462890625,1265505
2024-09-05,4163.120774045665,4179.843865751271,4138.1754048562225,4158.42919921875,1688793
2024-09-06,4156.570353890225,4198.378075871805,4125.028568849218,4140.59033203125,1649179
2024-09-09,4138.96443998131,4171.713821913821,4116.202458212613,4133.90087890625,1184938
2024-09-10,4127.305445435125,4217.88885396822,4125.447324234446,4188.06591796875,1385591
2024-09-11,4200.701434505407,4226.622135770557,4154.062408672436,4161.587890625,1325919
2024-09-12,4190.295602177849,4211.0601974701785,4116.94608580757,4197.21728515625,2742216
2024-09-13,4208.643999833735,4224.438028089181,4185.417487693372,4201.76904296875,1458786
2024-09-16,4205.857591838961,4223.556015887551,4175.616848928026,4193.0830078125,1155120
2024-09-17,4193.083413338136,4214.033551710522,4149.185293074418,4186.0224609375,1699364
2024-09-18,4178.0323301469725,4178.0323301469725,4014.471371819639,4037.837158203125,2961779
2024-09-19,4078.621993722427,4108.491652642897,3978.0511914620456,3991.38330078125,2927551
2024-09-20,4010.661579574174,4023.4828879317256,3927.6036533634933,3980.931640625,5447908
2024-09-23,3994.959984616595,4003.693062226499,3951.2941429242746,3965.694580078125,1702319
2024-09-24,3950.0404365312907,3986.5990621222545,3939.216971195143,3968.29638671875,3012026
2024-09-25,3950.6913284717216,3985.2988392847856,3939.2173381849816,3971.502197265625,2713073
2024-09-26,3957.7984481927056,4010.568912711446,3957.7984481927056,3987.992919921875,3964251
2024-09-27,4027.47756855055,4067.4271730367495,3995.006720191253,4003.04345703125,3012477
2024-09-30,3982.789201841877,3993.7986590396717,3957.8438377210014,3965.694580078125,2503416
2024-10-01,3953.66354966123,3991.011966244493,3941.9577493270317,3983.71875,1823365
2024-10-03,3960.2139962956594,3975.4505001458124,3911.3453156377354,3932.4814453125,3350119
2024-10-04,3925.2817269993093,3993.1031627557472,3924.3989378165315,3950.5986328125,2965463
2024-10-07,3970.7116602125193,3992.405314053108,3929.368467129649,3969.736328125,1472619
2024-10-08,3969.5047586663354,3975.8221898436273,3905.724833607358,3951.52734375,1541867
2024-10-09,3957.7979865079874,3990.315106115447,3945.441662514293,3951.248291015625,1082504
2024-10-10,3951.526804113441,3989.246753361262,3900.7537355297673,3927.510498046875,2378875
2024-10-11,3849.0977975212186,3941.028518940875,3820.7151796266107,3854.858154296875,5759183
2024-10-14,3846.311174442351,3869.909224735711,3829.7740759707513,3843.19873046875,2137590
2024-10-15,3837.995705676313,3874.1365268299264,3804.5032516700458,3824.756591796875,2759474
2024-10-16,3795.212679191423,3823.0844981328532,3778.675354588552,3804.456787109375,2359151
2024-10-17,3821.0402585925135,3836.974010815032,3802.5985417542856,3817.510009765625,2522659
2024-10-18,3809.128022883925,3861.4219511234783,3799.814751434331,3839.908203125,2361000
2024-10-21,3848.8025545031073,3855.647899798256,3790.501385728475,3799.675048828125,1595450
2024-10-22,3786.7759141091938,3808.941544128123,3731.222344636917,3739.743896484375,1928049
2024-10-23,3724.9364095884875,3831.0608725895195,3720.7918215935465,3787.00927734375,1966476
2024-10-24,3729.0342588188632,3798.883801628907,3729.0342588188632,3769.91943359375,2676744
2024-10-25,3778.440830569176,3810.990668738502,3755.762923689694,3778.906494140625,1759676
2024-10-28,3789.523720012066,3850.1065991283663,3772.8064424453346,3809.919921875,1532534
2024-10-29,3814.576544255364,3821.701106275593,3781.2815973687175,3795.39111328125,1445885
2024-10-30,3795.158291397516,3824.960761415852,3781.234995410785,3804.1455078125,1935002
2024-10-31,3790.5016133417075,3798.231674391787,3688.0556237919313,3695.92529296875,3740372
2024-11-01,3715.855396081881,3724.330335982368,3703.003037058592,3710.59326171875,154895
2024-11-04,3693.922655669424,3717.764492575113,3644.5157084293937,3691.920166015625,2269192
2024-11-05,3670.45333173397,3712.2698276535116,3670.45333173397,3698.6259765625,967590
2024-11-06,3728.6617654032125,3864.821532718559,3702.258547649724,3855.36865234375,3792017
2024-11-07,3883.3549260647524,3916.975471746434,3804.5179478782275,3865.845703125,3724349
2024-11-08,3869.663995504092,3883.401069856363,3834.878838313008,3862.21337890625,1648039
2024-11-11,3844.7047206230945,3943.5181622491855,3834.8789468568493,3910.36328125,1406487
2024-11-12,3926.4751190486577,3928.3377732797053,3878.3721644817633,3909.15234375,1587640
2024-11-13,3891.178314501988,3908.547476051825,3847.359096337812,3865.333984375,1098813
2024-11-14,3851.0375903197846,3874.3207680121654,3833.7616543718636,3861.18896484375,1825432
2024-11-18,3923.6812860911455,3923.6812860911455,3716.181551430071,3743.469482421875,3313944
2024-11-19,3743.8416205226595,3848.3830847662466,3738.4401053836123,3762.142333984375,1776233
2024-11-21,3767.124986745769,3811.409636894372,3747.660340835974,3793.15576171875,2384347
2024-11-22,3791.4326091135326,3962.7504103811857,3775.6000484761144,3953.111083984375,3096553
2024-11-25,3986.0801022933974,4030.8770280377776,3960.1893900708537,4018.769775390625,4052167
2024-11-26,4024.310489157352,4066.7327083086975,4014.0195073550117,4053.787353515625,2060669
2024-11-27,4059.6086406624336,4076.7913536382084,4027.1049595017485,4035.021240234375,1558993
2024-11-28,4022.401811054281,4041.9132960200004,3942.307679137016,3953.390380859375,2558544
2024-11-29,3930.200035419068,4003.495653998375,3907.5221314685823,3977.55810546875,2017425
2024-12-02,3976.766970418375,3993.7173066183545,3939.560268502564,3982.960205078125,1670944
2024-12-03,4018.071307960362,4027.9898509787527,3972.529502098055,4007.267822265625,2010905
2024-12-04,4017.3260445950987,4085.6858211811555,3994.5085294279797,4055.370849609375,3302642
2024-12-05,4098.583799897478,4180.727025606259,4060.585839082934,4157.490234375,3746747
2024-12-06,4147.199308267314,4158.375232745017,4109.713394915021,4140.21435546875,1842087
2024-12-09,4126.19916212064,4162.474087112963,4112.322021739467,4146.40869140625,2066639
2024-12-10,4122.193893602826,4185.198089234919,4109.108928030726,4128.154296875,2087828
2024-12-11,4127.502045111503,4143.148158287083,4104.358476029229,4123.404296875,1635256
2024-12-12,4125.826188749979,4177.00280411384,4122.054495207995,4149.0166015625,1914642
2024-12-13,4130.389146191078,4186.221930852545,4092.6235608796533,4166.6640625,1967048
2024-12-16,4152.787550664486,4167.6887843067,4095.045270300907,4111.99560546875,1646224
2024-12-17,4107.152424631981,4128.526563027335,4021.470333233763,4031.249267578125,3225027
2024-12-18,4015.6031250525107,4062.44869495374,3995.0207057764947,4049.2705078125,1575404
2024-12-19,3987.9426274375915,4064.3114493548924,3969.3160855065425,3978.5361328125,3015763
2024-12-20,4031.71487338267,4081.0752079378285,3867.335646043321,3883.9130859375,4116989
2024-12-23,3911.6202111793405,3927.4063874513017,3832.31779942793,3872.7373046875,2195338
2024-12-24,3872.7376155550933,3928.338029883583,3872.7376155550933,3892.48193359375,1181886
2024-12-26,3892.4818540644487,3911.5276763317006,3858.628020945553,3882.796142578125,1208464
2024-12-27,3877.114844483566,3893.8323483767854,3862.4464421773887,3878.837890625,858100
2024-12-30,3865.939198896072,3910.922120659606,3829.6174381740902,3873.203369140625,1527169
2024-12-31,3851.0376939335874,3855.6479451405453,3755.1576110916253,3813.598388671875,1555429
2025-01-01,3813.22564967337,3850.1062943866386,3804.890317466962,3830.036376953125,763161
2025-01-02,3837.0677703855595,3895.741379495824,3815.6008619680624,3888.9892578125,1720835
2025-01-03,3892.9011567771527,3892.9011567771527,3811.270194517517,3818.34814453125,1791953
2025-01-06,3823.5633582481973,3864.6813582169702,3787.148378172113,3813.784423828125,2085593
2025-01-07,3832.3649188830605,3856.0205380436832,3736.0655531105435,3751.665283203125,2669054
2025-01-08,3757.811618423141,3842.6556080381715,3741.839449635328,3826.26416015625,2181277
2025-01-09,3819.3726136468736,3853.5988861539504,3748.8711943929684,3761.49072265625,2392472
2025-01-10,3911.5740395746316,4001.9127733457603,3883.6342250062416,3972.715576171875,7894300
2025-01-13,3953.483455264251,4026.080583062269,3937.092007703587,3996.417724609375,4003771
2025-01-14,4006.5691894349775,4017.6518909895462,3929.315424489214,3942.35400390625,3441709
2025-01-15,3928.338278958004,3964.1479930593564,3918.5129585242826,3957.768310546875,1653474
2025-01-16,3967.4533641062476,3999.1184848526354,3903.9835145012657,3917.44091796875,2637705
2025-01-17,3945.5156582213353,3946.179768328342,3888.7499900580783,3911.750244140625,1761466
2025-01-20,3932.1425484323627,3932.1425484323627,3858.447160711793,3867.647216796875,1287799
2025-01-21,3884.2452782424407,3899.136119079718,3822.3105229606576,3827.859130859375,1971591
2025-01-22,3841.2798581228535,3948.598485486215,3835.77871966863,3942.38623046875,2409223
2025-01-23,3953.1984717808796,3975.3452017162494,3926.6887142484056,3931.810791015625,1822998
2025-01-24,3892.4966488174464,3962.682991900412,3892.4966488174464,3938.35498046875,1910099
2025-01-27,3890.599675788401,3942.148791419916,3832.7908361324735,3855.648681640625,1551782
2025-01-28,3861.007745197988,3890.599779117484,3820.69802052405,3832.07958984375,2468272
2025-01-29,3845.0734688360117,3896.148353343233,3845.0734688360117,3888.512939453125,1217089
2025-01-30,3888.6080671418995,3917.0619915773636,3849.3417440444105,3888.750244140625,1531251
2025-01-31,3898.187645857167,3915.6869946237944,3874.713158208757,3900.4638671875,1492943
2025-02-01,3901.032960408717,3922.7526963272944,3846.970505085766,3863.236572265625,437172
2025-02-03,3823.1639848038094,3866.8882740010763,3792.6234860032378,3858.968505859375,1265713
2025-02-04,3873.242905885086,3906.5815588564824,3856.5026066809596,3895.389404296875,2547132
2025-02-05,3936.1259160718655,3936.1259160718655,3865.9395744358853,3880.261474609375,1693912
2025-02-06,3893.824170580454,3926.166886912974,3842.7495210483457,3872.341552734375,2284536
2025-02-07,3879.218228908592,3879.218228908592,3801.444171507491,3821.7412109375,1548940
2025-02-10,3831.7949614241543,3843.176530616503,3807.4669498989556,3828.902099609375,1339511
2025-02-11,3811.308028813468,3831.7949459001434,3751.1754977809574,3759.284912109375,1810908
2025-02-12,3766.445947952812,3814.4855628593755,3737.090798282343,3746.575439453125,1678002
2025-02-13,3763.5054582381317,3779.10764599597,3701.143945163747,3708.63671875,2277310
2025-02-14,3722.721744594235,3744.536419785488,3699.010141125482,3732.064208984375,1681975
2025-02-17,3657.7520405391615,3731.2580130898646,3657.4674549788515,3703.2783203125,1799806
2025-02-18,3697.492804650458,3722.1528742505816,3665.339960372217,3673.591552734375,2149879
2025-02-19,3672.6428039185434,3675.251080308744,3573.955063643061,3589.083251953125,4366672
2025-02-20,3567.647585834546,3592.781883594646,3557.973298668796,3584.625,2888572
2025-02-21,3581.495307989525,3620.2873962692524,3580.451904877241,3590.885009765625,1833931
2025-02-24,3550.2433706104594,3569.260122487774,3480.8633130033377,3486.1748046875,2508516
2025-02-25,3438.1827325843765,3469.4820512534207,3434.6259918265305,3442.498291015625,4101954
2025-02-27,3425.5674922476032,3450.5121425585785,3415.1343879133137,3426.373779296875,3823856
2025-02-28,3400.196049414815,3414.470479257877,3278.840124109578,3303.7373046875,7085018
2025-03-03,3305.397532195103,3341.6762855972443,3297.0035319217445,3313.03271484375,4990439
2025-03-04,3294.9643171966636,3367.996053645755,3285.7642616440216,3350.022705078125,2797737
2025-03-05,3339.399557163217,3414.8024449405757,3339.399557163217,3364.249267578125,2501894
2025-03-06,3373.6869322947687,3423.4338299242468,3353.8641244726305,3415.988525390625,2786513
2025-03-07,3414.4707542689284,3438.1823567291294,3390.1899807262357,3425.093505859375,2051315
2025-03-10,3420.636010676855,3435.4321442725973,3397.9678097594306,3404.654296875,1004626
2025-03-11,3374.6349831734647,3403.800251788581,3355.3336477429484,3391.04345703125,1995450
2025-03-12,3381.2746199098347,3385.305592458114,3307.15224085139,3325.5048828125,3174167
2025-03-13,3321.8059194545594,3342.672130004524,3304.5439188567675,3330.10498046875,1693004
2025-03-17,3309.1910361154605,3348.504824268339,3298.1415226710474,3317.442626953125,2690906
2025-03-18,3317.442626953125,3317.442626953125,3317.442626953125,3317.442626953125,0
2025-03-19,3364.2022912119846,3364.2022912119846,3284.294187734508,3316.8740234375,3051244
2025-03-20,3331.0059291540974,3394.505554527131,3331.0059291540974,3379.519775390625,2845192
2025-03-21,3295.912959410607,3429.8835221492395,3286.4283178007922,3393.69970703125,4161925
2025-03-24,3414.4709640539177,3461.6570558488297,3382.7923538442037,3441.928955078125,1834751
2025-03-25,3457.1517113972473,3518.8018790902024,3450.5124625687754,3469.24462890625,3135390
2025-03-26,3459.7598808023267,3490.8220797184467,3438.988609875757,3448.42578125,1734499
2025-03-27,3428.555452249772,3474.2239048124366,3424.4295409023484,3463.031982421875,2528474
2025-03-28,3462.8421711364117,3472.2793419166683,3406.787854378717,3420.303466796875,2051919
2025-04-01,3388.577422151902,3399.2951120927096,3343.335733852344,3367.80615234375,2618493
2025-04-02,3361.3567956889556,3380.4210168658315,3348.1257677061367,3361.309326171875,1764313
2025-04-03,3311.088041352429,3321.521146037298,3221.1261324235493,3227.765380859375,4537821
2025-04-04,3189.3051711984813,3224.4455775061174,3125.6631435329964,3129.362060546875,5317367
2025-04-07,2940.238860434007,3121.7748058386424,2898.5539074179674,3105.319091796875,6623955
2025-04-08,3131.875989149625,3176.4063332063806,3087.535291604866,3123.244873046875,5557558
2025-04-09,3092.5147195117684,3101.4776590955953,3046.5142098890965,3079.28369140625,2990265
2025-04-11,3120.020553047639,3128.936024183148,3040.7763203463464,3064.962158203125,7108961
2025-04-15,3143.5893021337306,3143.5893021337306,3071.69590901875,3080.801025390625,3512160
2025-04-16,3080.8012559903377,3109.1604734732773,3062.590790324908,3105.08203125,2384391
2025-04-17,3078.2405325476193,3133.346394679939,3052.157767289551,3128.888427734375,2932346
2025-04-21,3120.5418377878595,3181.148601343861,3114.851053170071,3150.41845703125,2432946
2025-04-22,3151.367191167024,3162.084651201983,3125.189487058646,3143.589599609375,2710498
2025-04-23,3191.5816342442954,3244.6006837766467,3165.3092254984945,3237.10791015625,3543923
2025-04-24,3225.821178130507,3236.6335756939984,3213.111620905439,3226.29541015625,2252175
2025-04-25,3243.747204561521,3298.568475558524,3229.5202431380058,3270.30419921875,2742991
2025-04-28,3257.9741879514845,3279.5992157727555,3229.520264912607,3266.0361328125,1593296
2025-04-29,3276.9436254865236,3314.8821913387555,3253.6113148639492,3293.541748046875,1578332
2025-04-30,3293.0671433029925,3329.013837756505,3192.5299551721982,3275.710205078125,2809332
2025-05-02,3293.067202073011,3311.562251162995,3243.7470711663877,3254.18017578125,1721761
2025-05-05,3272.201099131072,3323.892391856476,3268.7865357954893,3276.279541015625,1284443
2025-05-06,3281.68603515625,3294.0160693923863,3259.871359200009,3281.68603515625,1324763
2025-05-07,3244.316583265945,3281.2117462953,3244.316583265945,3267.553955078125,1477128
2025-05-08,3270.304189784248,3297.809648457028,3251.9987864937443,3271.15771484375,2543591
2025-05-09,3223.8296054868374,3268.5970664946117,3222.976080385976,3263.001220703125,2531757
2025-05-12,3324.3666713915923,3443.3989159735165,3321.7109255991563,3433.8193359375,2228678
2025-05-13,3433.819090620247,3436.285189728174,3329.582986072524,3333.85107421875,3062887
2025-05-14,3339.542044274439,3377.4806076856794,3327.7811822404,3365.814453125,2119499
2025-05-15,3380.326007773164,3414.4707149223877,3332.9977424314357,3395.406494140625,3548330
2025-05-16,3408.6849264465072,3408.6849264465072,3363.348529175367,3377.76513671875,1666727
2025-05-19,3367.0476004136544,3367.0476004136544,3323.133665679634,3337.45556640625,2537377
2025-05-20,3349.786002772028,3374.6357192042983,3313.934008684603,3318.012451171875,2038374
2025-05-21,3327.212019490534,3354.7174780325026,3318.0119641520128,3344.0947265625,1440153
2025-05-22,3314.881923566922,3317.5376692737764,3273.4340900331863,3297.8095703125,2034383
2025-05-23,3297.8098235860703,3352.820743852965,3286.9974249846496,3333.47216796875,1274331
2025-05-26,3339.5419426934536,3362.3050800477968,3329.203777101799,3355.001953125,967470
2025-05-27,3349.9752588067204,3357.5629717372003,3303.5954561426133,3318.391357421875,2467680
2025-05-28,3338.593421360396,3347.1295977218288,3312.9848922760975,3317.442626953125,1222933
2025-05-29,3324.0822341714443,3350.4495836467595,3306.820233088302,3317.822509765625,3188072
2025-05-30,3310.139637529337,3325.97894134562,3275.1414056184462,3284.910400390625,3404365
2025-06-02,3272.2008769614918,3281.6855171845687,3242.4191992844703,3272.01123046875,1877585
2025-06-03,3268.407343175387,3294.490106360913,3225.252225904789,3229.7099609375,2848125
2025-06-04,3242.9150002967904,3248.465034332547,3224.7340073768614,3235.1640625,2544807
2025-06-05,3262.0528233362247,3262.0528233362247,3218.7054627680072,3225.78662109375,3584683
2025-06-06,3225.7868448606714,3244.7331673196672,3213.9212139850256,3238.322021484375,2070390
2025-06-09,3253.4410779830223,3285.975488762853,3244.7332451805223,3274.39697265625,1718678
2025-06-10,3291.7166070762078,3335.54241560308,3275.640735062478,3313.62939453125,2419874
2025-06-11,3320.423693236899,3338.604687522634,3300.424692969312,3322.24169921875,2847013
2025-06-12,3322.2416207116808,3324.9209717927824,3275.640909498604,3286.166748046875,4060134
2025-06-13,3246.933943792306,3301.76403815699,3246.933943792306,3297.1708984375,2178493
2025-06-16,3291.7166438153617,3357.742355566309,3278.511454741814,3345.58984375,1934088
2025-06-17,3358.6991651797816,3368.268108670322,3337.743272382211,3363.770751953125,2111940
2025-06-18,3367.4071820205213,3385.4923927635227,3294.683207501011,3302.625244140625,2696327
2025-06-19,3301.2855030665887,3302.242397415304,3265.8804121641356,3276.40625,2672768
2025-06-20,3277.3635707817734,3297.745469784743,3263.8712652626323,3287.602294921875,2351248
2025-06-23,3267.7943410253647,3277.3632849229502,3224.7340934862314,3247.31689453125,3123421
2025-06-24,3286.549557502439,3293.726265410323,3236.2168192617623,3244.254638671875,3403048
2025-06-25,3260.4262751214173,3301.2856185170967,3253.440899408153,3296.309814453125,1757699
2025-06-26,3296.3098921986184,3302.625255099875,3268.081507258558,3293.439208984375,2879106
2025-06-27,3306.0700253129785,3316.978527608251,3283.104560593004,3292.769287109375,1778433
2025-06-30,3291.6206089307775,3315.5429664293783,3282.1474488080407,3312.76806640625,1468351
2025-07-01,3306.0700701470973,3334.776901436363,3266.35895353028,3281.860595703125,2375183
2025-07-02,3336.8820295980254,3339.4655976963195,3272.57877409358,3275.736572265625,3090585
2025-07-03,3282.1480591402083,3287.2196465963534,3251.144771503511,3254.206787109375,2531870
2025-07-04,3261.096050751665,3279.2770439923584,3243.967734776887,3272.387451171875,1109320
2025-07-07,3270.952315509477,3278.416138875185,3261.4789203702617,3264.63671875,1639174
2025-07-08,3258.2253086430815,3277.363195918518,3247.125240576613,3259.37353515625,2325242
2025-07-09,3263.0097947012437,3266.837372173034,3221.8633368794976,3237.939208984375,2034938
2025-07-10,3234.3032521090518,3252.484246721499,3211.3377852301705,3236.217041015625,3035012
2025-07-11,3157.6554203340047,3191.2425038512324,3120.528108232093,3125.216796875,7635550
2025-07-14,3125.217267735536,3130.9586344245786,3062.062234156067,3083.78369140625,3924009
2025-07-15,3067.8034091107847,3118.9014760029677,3067.8034091107847,3112.107666015625,2590889
2025-07-16,3098.377660261314,3115.5641051149655,3092.23284636304,3104.234619140625,2540733
2025-07-17,3095.5933632665156,3112.779808234124,3076.390526695053,3081.287109375,2947640
2025-07-18,3096.4571730230687,3100.105758589483,3059.9717861781455,3062.756103515625,3432645
2025-07-21,3062.8523807267275,3070.1495522628406,3026.3669918654064,3032.31982421875,3844346
2025-07-22,3033.663818359375,3053.346723269556,3028.8631098446967,3033.663818359375,3198036
2025-07-23,3033.6641973444102,3055.1712804131353,3031.7439136986445,3052.386962890625,1922875
2025-07-24,3038.944885626984,3047.2019644087272,3014.8452328363246,3022.5263671875,2934778
2025-07-25,3014.845292873372,3031.0715957495104,3001.019344529776,3010.812744140625,2568917
2025-07-28,2986.0412502746217,2993.7223853235596,2947.5394670779647,2956.56494140625,3374473
2025-07-29,2938.033682139132,2951.475666305782,2919.9829708048537,2934.193115234375,4785312
2025-07-30,2938.033974050545,2946.6752504448114,2925.7441118523307,2931.88916015625,2880121
2025-07-31,2920.4631457840833,2937.841805411508,2894.827407662822,2915.758544921875,2968371
2025-08-01,2909.133629601001,2915.7587488570334,2880.4254827204045,2883.305908203125,2053847
2025-08-04,2889.1627911176092,2956.6605722928375,2872.360309577052,2951.85986328125,2519252
2025-08-05,2951.859809051624,2954.836342347973,2920.751308991888,2941.7783203125,1927996
2025-08-06,2940.9142942671037,2944.562879940478,2905.3890481398157,2911.43798828125,1487081
2025-08-07,2895.7876067904904,2929.9687479023937,2890.890789951502,2925.552001953125,2543076
2025-08-08,2926.6081133944717,2937.8417248012156,2904.428745573524,2915.374267578125,2762140
2025-08-11,2915.3743566889298,2928.3362704951187,2900.8763567070323,2919.59912109375,1884215
2025-08-12,2919.791194448837,2972.9829560524563,2906.253101394714,2914.414306640625,3358232
2025-08-13,2915.0864995163706,2923.0554886191444,2907.8854362960733,2915.182373046875,2148166
2025-08-14,2913.0700372499637,2934.0970475783347,2898.7640190971856,2901.83642578125,3342174
2025-08-18,2925.07176065916,2927.472114967924,2883.689558612238,2891.1787109375,2945609
2025-08-19,2891.178783449569,2904.42878644818,2891.0829099205744,2895.9794921875,2650784
2025-08-20,2890.890836056874,2979.7039520714934,2890.890836056874,2975.095458984375,4952358
2025-08-21,3005.2440729447403,3005.2440729447403,2960.2135127082415,2978.936279296875,3230726
2025-08-22,2962.997732386061,2972.3110613965996,2928.432625981039,2932.273193359375,1593791
2025-08-25,2964.246022642929,3026.3671543415535,2954.4526225152476,3015.421630859375,3448370
2025-08-26,3004.283667485289,3035.968346624635,2995.6423913563763,3031.359619140625,5522097
2025-08-28,3019.645945976872,3021.086158669707,2963.4776509563167,2970.390625,3116051
2025-08-29,2969.7187359392783,2990.8418565958136,2954.548447858567,2961.74951171875,2271789
2025-09-01,2966.8380558481663,3006.2999761800884,2966.8380558481663,2988.537353515625,1246862
2025-09-02,2996.6989010802117,3029.2476168924754,2979.4163473229805,2987.4814453125,2185229
2025-09-03,3005.1478080455095,3016.669509959856,2964.9179592917676,2974.039306640625,1799774
2025-09-04,2991.8017155695825,2993.7219990840686,2967.6061901689773,2972.310791015625,1481391
2025-09-05,2973.655259644998,2979.703965451406,2907.885546409113,2926.80029296875,2802055
2025-09-08,2928.4323632618416,2942.7383816988513,2895.7875434746607,2898.66796875,2626187
2025-09-09,2911.246178939102,2938.034042622692,2909.997947659983,2927.8564453125,2489301
2025-09-10,2934.5773210773896,2998.2347696750494,2931.696895660388,2986.041015625,2079428
2025-09-11,3013.885194748687,3013.885194748687,2986.137189714118,2999.675048828125,2263446
2025-09-12,3018.685652923867,3023.198272253378,2996.602392740264,3008.508056640625,1447167
2025-09-15,3009.0844623500607,3009.0844623500607,2972.5990732086116,2987.865234375,1732539
2025-09-16,3003.323408916267,3024.4465275211764,2985.176823514983,3020.31787109375,2573429
2025-09-17,3026.367137231914,3055.55535595913,3017.149681628776,3046.338134765625,2418271
2025-09-18,3058.0517436415034,3075.334296666793,3035.392302577828,3050.08251953125,2633138
2025-09-19,3043.6492637764163,3053.730751874098,3018.685578963108,3042.881103515625,4901694
2025-09-22,2971.6391408137306,2983.0647355072842,2942.834884198412,2951.2841796875,3634901
2025-09-23,2947.6353061603577,2957.9087764692863,2930.352753876681,2940.338134765625,3177741
2025-09-24,2928.432470591566,2935.153463147022,2912.1100600997443,2914.414306640625,1625714
2025-09-25,2901.5486952997107,2908.8458671854296,2833.378623371756,2839.5234375,4974361
2025-09-26,2823.7769658283983,2837.0269692313786,2776.057966398974,2783.547119140625,3934636
2025-09-29,2799.773476015783,2812.5434087793974,2778.6503565122343,2780.666748046875,3110035
2025-09-30,2794.9724895498107,2799.101145742985,2770.1049132760872,2773.273193359375,2253458
2025-10-01,2775.7701654990638,2808.223007812976,2752.342797471782,2798.04541015625,1952902
2025-10-03,2807.454578770542,2807.454578770542,2775.8660078142957,2786.2353515625,2899519
2025-10-06,2786.3312046596843,2874.2802778676387,2780.186391562798,2869.287353515625,2112774
2025-10-07,2875.624650921264,2884.745997894136,2837.699050349848,2855.173583984375,3062943
2025-10-08,2856.421663900003,2921.711301932003,2849.70067174965,2906.541015625,4121889
2025-10-09,2913.0703773618156,2943.794916608875,2899.6283914412274,2939.666259765625,3211304
2025-10-10,2928.4324419455565,2947.635277630445,2887.0502372807746,2907.597412109375,8817365
2025-10-13,2906.349233459963,2914.5104387736105,2878.6971026918,2887.33837890625,2866865
2025-10-14,2900.5884226064827,2906.5412549765147,2837.699133735008,2842.307861328125,3611416
2025-10-15,2863.220385125294,2871.6047262713414,2843.9459294866183,2862.06396484375,4282226
2025-10-16,2862.160371154854,2867.0754517571395,2836.332787245134,2862.931396484375,3251495
2025-10-17,2862.256586509825,2880.3746213869317,2848.1861401528254,2854.739501953125,4374683
2025-10-20,2877.1943748710046,2913.333979311689,2870.4483153754104,2905.81689453125,3133039
2025-10-21,2921.1404673344027,2921.815026282457,2887.3137006926995,2897.62548828125,310644
2025-10-23,2944.1731825516827,2985.613263353556,2925.958915568601,2961.712890625,5564758
2025-10-24,2968.2662739630537,2977.9035021252716,2947.3535359078196,2952.07568359375,2684318
2025-10-27,2955.2558763824863,2981.9509500743798,2949.184375870237,2972.98828125,1946312
2025-10-28,2964.4114953280427,2978.096312781555,2929.9101701396817,2946.968017578125,3470737
2025-10-29,2946.96788369373,2964.4113606511696,2935.596142774,2946.678955078125,2895420
2025-10-30,2938.487165302022,2952.653842834952,2922.778437237614,2925.187744140625,2241536
2025-10-31,2924.898585437403,2956.1231088421955,2915.357824198127,2947.064208984375,1868085
2025-11-03,2936.3668007969727,2947.0642176101555,2900.805524854993,2907.35888671875,2194877
2025-11-04,2910.0577150577624,2919.405779977123,2868.039303195767,2881.72412109375,2670720
2025-11-06,2881.627848230561,2914.2979594160083,2881.531381829982,2901.673095703125,2542721
2025-11-07,2892.1323165785257,2895.0234851722394,2853.101540563387,2883.26611328125,1830520
2025-11-10,2884.422275161144,2937.3305615709287,2883.4585523829414,2915.4541015625,1556656
2025-11-11,2934.5359333014544,2944.847720230334,2908.5154176367123,2936.46337890625,2806868
2025-11-12,2948.991669923252,3022.619995280987,2946.1969680097523,3018.18701171875,4460315
2025-11-13,3018.1871954349617,3018.2834265472866,2989.4682081451956,2993.033935546875,1740435
2025-11-14,2977.9034333434784,3000.1655239975616,2965.6642009169345,2993.322998046875,2210794
2025-11-17,2993.323082448971,3010.188231818854,2974.626953832486,2989.660888671875,2232853
2025-11-18,2989.4682629851,2992.3594315179676,2966.338914722159,2975.10888671875,2548350
2025-11-19,2984.6495543039355,3040.5454775036865,2971.639296317787,3033.51025390625,3151053
2025-11-20,3033.799686533007,3049.701114369028,3024.2589239449585,3030.7158203125,2700767
2025-11-21,3030.715292741771,3055.001058516103,3021.463460406849,3036.304931640625,4177037
2025-11-24,3043.4366842823783,3063.578397230728,3017.4161679823073,3027.24609375,6703764
2025-11-25,3031.1974493056246,3035.534202019235,3001.996600643867,3006.044189453125,2737920
2025-11-26,3005.658657913636,3062.71099952004,3003.923909850209,3048.15869140625,2508527
2025-11-27,3064.6384631299097,3064.6384631299097,3011.6337098367826,3022.81298828125,2836233
2025-11-28,3026.089482694223,3033.12470593688,3011.6336412163846,3023.68017578125,1616690
2025-12-01,3024.0655121248697,3039.5815424570487,3008.935112061614,3019.728759765625,1747647
2025-12-02,3017.4161065078188,3029.9445029896465,3007.200550647543,3021.945556640625,2512003
2025-12-03,3026.089516693691,3095.3810901757683,3025.125793917674,3064.638427734375,3952112
2025-12-04,3078.13047294951,3132.0989471151875,3071.769808666434,3112.053466796875,5025905
2025-12-05,3112.824571063191,3152.915532717371,3105.5001838412545,3120.72705078125,5244013
2025-12-08,3125.353065437683,3141.6398867746047,3092.2010949656524,3119.0888671875,2544725
2025-12-09,3112.824602659864,3116.390329915732,3065.794883587669,3091.911865234375,2734893
2025-12-10,3108.0062080861744,3108.0062080861744,3062.807700289892,3073.5048828125,1386849
2025-12-11,3088.7315521574005,3092.0081155406747,3038.7144333046613,3076.106689453125,1914362
2025-12-12,3081.696263178982,3106.078496384854,3070.131589906683,3103.669189453125,1146554
2025-12-15,3094.610369719165,3120.727116365754,3081.31094805451,3113.017333984375,1562190
2025-12-16,3103.187500999765,3103.187500999765,3075.3360054304358,3088.828125,1734623
2025-12-17,3084.3949307247763,3119.4743477745933,3084.3949307247763,3101.0673828125,1376350
2025-12-18,3110.897368738883,3168.5280423912595,3104.151308769499,3161.781982421875,2307422
2025-12-19,3179.3215200364916,3197.5357868591873,3159.854366515901,3162.938232421875,3902511
2025-12-22,3189.9226061933546,3207.8479451634685,3171.6118722000997,3204.281982421875,2632816
2025-12-23,3199.4631245744913,3199.4631245744913,3174.0209376032617,3189.92236328125,2365420
2025-12-24,3184.236571775606,3206.4021959958864,3176.5267894381177,3198.595947265625,1367708
2025-12-26,3192.9103071634727,3199.559900795541,3153.108505919085,3161.010986328125,1176664
2025-12-29,3161.0105311971397,3168.7203129805475,3125.2563240630398,3133.54443359375,2079473
2025-12-30,3132.099002526,3148.9641510011397,3121.9799134409154,3129.01513671875,2807593
2025-12-31,3122.461816571668,3128.2441532690227,3082.4673210816295,3089.887939453125,3362634
2026-01-01,3098.368779137981,3116.775978595714,3082.1781891606697,3110.31884765625,1255735
2026-01-02,3116.6795578205924,3136.243177859361,3102.7055771191704,3132.773681640625,1184324
2026-01-05,3122.94369701057,3129.207895137578,3075.2394189664337,3099.428955078125,2341703
2026-01-06,3093.550169667909,3144.8201752673103,3088.7315556964636,3137.688720703125,2912325
2026-01-07,3125.2565425983025,3180.8635358265738,3106.271250685878,3176.044921875,1989442
2026-01-08,3167.66037916829,3167.66037916829,3066.565951499233,3087.67138671875,4159336
2026-01-09,3075.2393421369984,3112.5353660738615,3075.2393421369984,3091.429931640625,1938673
2026-01-12,3086.8043094933746,3134.0267294637697,3059.1455105674945,3122.07666015625,2228342
2026-01-13,3127.2804209827063,3161.0107182814413,3094.0319850739534,3149.446044921875,5645341
2026-01-14,3141.7363480080267,3141.7363480080267,3067.529691935444,3076.68505859375,3539511
2026-01-15,3076.68505859375,3076.68505859375,3076.68505859375,3076.68505859375,0
2026-01-16,3159.0110444402844,3161.464149941515,3111.519017760894,3146.54931640625,4293470
2026-01-19,3128.2002715520307,3159.600023336744,3092.973770842994,3104.258056640625,3387562
2026-01-20,3092.4832014713097,3100.7255406282875,3033.118044759914,3044.10791015625,4499273
2026-01-21,3041.8509292683366,3079.6287553253787,3024.188569033875,3064.027099609375,2015150
2026-01-22,3090.9130188550284,3100.7254411371077,3063.7326570458863,3091.305419921875,2269827
2026-01-23,3130.457047950816,3134.578217290946,3092.875423666008,3103.178466796875,2068857
2026-01-27,3115.4440572399217,3115.4440572399217,3071.2881572160486,3098.762939453125,4279874
2026-01-28,3116.425451779539,3145.0776781720924,3111.1268393421374,3140.073486328125,2751234
2026-01-29,3140.07335254898,3140.07335254898,3066.9708064954257,3085.41796875,2457641
2026-01-30,3082.081828102924,3082.081828102924,3034.000959087629,3065.302490234375,3022068
2026-02-02,3138.0126916764966,3138.0126916764966,3075.2131881532646,3110.1455078125,2636272
2026-02-03,3287.1613923698505,3287.1613923698505,3126.53209104895,3164.800537109375,4366060
2026-02-04,3061.475843095512,3061.475843095512,2929.9893806035893,2942.84375,10852595
2026-02-05,2933.9143670738968,2972.869637012123,2916.5464269268496,2935.38623046875,3521545
2026-02-06,2920.765595757455,2929.0079343210614,2861.302223276454,2886.422119140625,4687389
2026-02-09,2903.5941220720847,2921.15826303242,2882.3991930324937,2892.8984375,2380318
2026-02-10,2894.468444356794,2955.109263473934,2888.2865702537815,2928.61572265625,3547763
2026-02-11,2924.1019081110685,2941.76426862986,2849.723697569715,2855.21875,3363513
2026-02-12,2815.9687988010764,2825.977420921291,2688.603518515395,2698.51416015625,10612156
2026-02-13,2536.5110796879476,2662.110080925881,2536.5110796879476,2641.7001953125,11168735
2026-02-16,2649.3540277067937,2668.7826718221954,2620.898002964758,2655.830322265625,2918730
2026-02-17,2665.0538469624375,2708.228504276998,2644.6439610469733,2666.427490234375,4209118
2026-02-18,2678.7913077273606,2678.7913077273606,2607.4550449905755,2644.349609375,2950820
2026-02-19,2657.2039438116426,2697.140454434555,2616.5806115438327,2627.66845703125,3238849
2026-02-20,2616.972941852777,2651.905259923164,2597.838718993336,2635.812744140625,2293482
2026-02-23,2635.616634548502,2653.2789947204583,2610.3005370564806,2626.0986328125,4699596
2026-02-24,2591.460746119642,2597.8388206557183,2513.255787797201,2525.423095703125,7798833
2026-02-25,2547.3048106742554,2604.4130601353972,2546.3235684513456,2579.980224609375,3621285
2026-02-26,2600.2918170703697,2620.897903167908,2585.5731841435563,2598.034912109375,3464267
2026-02-27,2631.299321894741,2638.168017666852,2576.8403768444346,2587.92822265625,5083717
2026-03-02,2543.37985460111,2574.5834053591284,2531.8993684474203,2564.4765625,3374385
2026-03-04,2575.7609535201655,2585.5733762002424,2531.997452542583,2539.2587890625,3446434
2026-03-05,2551.229777430436,2560.551578540278,2498.6350985020495,2530.427490234375,2960636
2026-03-06,2523.7550365456814,2570.069622274581,2505.7002751879877,2509.625244140625,3998643
2026-03-09,2482.542780637602,2511.9800468111703,2458.0117254929614,2479.991455078125,3653428
2026-03-10,2493.3365235176843,2497.45769299971,2443.39138949283,2465.9599609375,4323710
2026-03-11,2461.0536733182116,2473.711601954393,2413.9540474182472,2418.663818359375,2720664
2026-03-12,2413.6596961153996,2426.513825649523,2390.3060830242093,2396.5859375,2752075
2026-03-13,2391.287343235487,2400.0203033629555,2352.0376535639975,2365.284423828125,2466488
2026-03-16,2364.793830777467,2379.5124645789865,2321.7173916761253,2364.0087890625,3807907
2026-03-17,2374.6061161428333,2374.6061161428333,2315.731584337639,2346.8369140625,2993367
2026-03-18,2364.793804301608,2436.326267951688,2364.793804301608,2395.01611328125,3082388
2026-03-19,2371.6624152761565,2378.5311107279285,2306.115387909886,2311.806640625,2757060
2026-03-20,2341.2440023374425,2362.6351312433567,2319.8528734315287,2345.7578125,4206320
2026-03-23,2320.6378037995523,2361.6537756859007,2303.956686393805,2339.085205078125,3860515
2026-03-24,2359.0045869106293,2389.7172776589064,2334.47353068287,2353.803955078125,3420182
2026-03-25,2355.864368126978,2376.1762738846405,2325.3478785890734,2332.80517578125,5843778
2026-03-27,2358.8080275261386,2376.6668272056972,2340.262645780238,2344.97265625,4979411
2026-03-30,2330.5484146912077,2353.0187649541185,2302.1903717438945,2314.652099609375,6804756
2026-04-01,2383.4374750291136,2425.630892660341,2352.9207445923203,2363.027587890625,4132661
2026-04-02,2341.24390183887,2423.570027038862,2331.1370592120925,2404.730224609375,5378361
2026-04-06,2427.593337237373,2435.4432752720936,2402.2772391631793,2427.4951171875,2572417
2026-04-07,2414.837240451596,2496.182129281132,2402.0810908677395,2492.1591796875,4516550
2026-04-08,2523.755016821873,2531.899375247164,2492.453485493659,2511.195068359375,4769337
2026-04-09,2506.092558435327,2556.135910228672,2483.6222080623565,2540.43603515625,5628261
2026-04-10,2517.671257898199,2517.671257898199,2454.1849361455575,2476.94970703125,10480239
2026-04-13,2443.195026142192,2457.9136601554055,2423.6684008424363,2426.2197265625,3739587
2026-04-15,2454.9697496490417,2510.9987747578325,2446.629190999006,2506.9755859375,5261384
2026-04-16,2523.754997213638,2545.3423261167095,2510.0176060935014,2528.56298828125,3905403
2026-04-17,2521.792618261851,2540.4362212762385,2507.957006516208,2533.076904296875,2718206
2026-04-20,2538.571963483115,2545.3424392975157,2513.15764504414,2531.212646484375,2288558
2026-04-21,2511.9802240950007,2564.9673069470045,2511.9802240950007,2561.532958984375,2719959
2026-04-22,2531.6048516902206,2531.6048516902206,2456.6380441545243,2490.88330078125,5232045
2026-04-23,2481.5614778281533,2511.489364373728,2469.0997500312283,2474.49658203125,2509050
2026-04-24,2441.3307179215667,2458.0118361710306,2343.991534636913,2351.939453125,5107719
2026-04-27,2351.9393059532576,2412.874541687738,2351.9393059532576,2401.6884765625,5853425
2026-04-28,2398.155951805419,2440.349366669426,2381.867235359066,2398.8427734375,4508363
2026-04-29,2405.024637022461,2441.2323784506298,2401.688509360205,2428.280029296875,2835961
2026-04-30,2432.4995485090735,2444.2744555611544,2392.26861608113,2427.4951171875,3970446
2026-05-01,2427.4951171875,2427.4951171875,2427.4951171875,2427.4951171875,0
2026-05-04,2447.2181772447047,2451.4375668418284,2379.512461835769,2385.6943359375,2632358
2026-05-05,2384.4185931895904,2414.24826083551,2366.952433771704,2381.769287109375,3385720
2026-05-06,2396.0951150032492,2424.6493574491965,2361.359238648924,2389.717041015625,3147628
2026-05-07,2392.4647422177254,2393.9366055534624,2353.018852732181,2356.35498046875,5829594
2026-05-08,2353.0188960201936,2361.8500761970836,2330.548544505656,2349.486328125,3792199
2026-05-11,2326.5252955775945,2369.699953108347,2326.5252955775945,2348.014404296875,1975188
2026-05-12,2330.450360002076,2330.450360002076,2240.176072372522,2257.151611328125,6347884
2026-05-13,2262.7446759395275,2265.8846032931383,2226.4387119283556,2230.16748046875,3171843
2026-05-14,2222.513720137884,2222.513720137884,2165.012827845418,2203.8701171875,5633313
2026-05-15,2209.7573207679993,2261.6649346543286,2209.7573207679993,2221.5322265625,3410637
2026-05-18,2221.5322685970373,2249.8900714309348,2209.953563101145,2240.3720703125,3773336
2026-05-19,2256.857213357978,2333.0017090765828,2254.0117066090534,2283.448974609375,10394707
2026-05-20,2280.3085723429836,2298.06915136111,2274.3231388707036,2283.742919921875,2537422
2026-05-21,2287.275643394801,2292.0836345084317,2270.594525446405,2283.546875,3299087
2026-05-22,2287.373954930871,2296.106915322829,2264.805382686245,2273.832763671875,2617262
2026-05-25,2312.3217190072714,2313.415817804508,2280.496215777924,2295.61328125,3298364
2026-05-26,2295.613098349941,2315.205623652634,2260.008270887014,2263.78759765625,3587597
2026-05-27,2262.5943570616037,2283.0821217701528,2248.571147658945,2271.744140625,2653950
2026-05-28,2271.744140625,2271.744140625,2271.744140625,2271.744140625,0
2026-05-29,2278.507085795833,2321.2726050840133,2222.81245602518,2246.58203125,16331582
2026-06-01,2271.5452382799426,2322.267132829976,2267.5670504720965,2284.8720703125,7505095
2026-06-02,2307.34897134468,2443.9996279549005,2303.569644295269,2433.556884765625,11306127
2026-06-03,2379.9508308808004,2379.9508308808004,2212.6680838914085,2229.475830078125,15660062
2026-06-04,2229.4759194813155,2240.8139007540485,2204.5129359355733,2228.77978515625,4867263
2026-06-05,2250.560184151513,2259.4117976453776,2180.0469028924485,2186.9091796875,5019717
2026-06-08,2158.1668832997775,2165.128711955583,2131.6125282744956,2139.668212890625,6536734
2026-06-09,2162.145087858845,2162.145087858845,2121.169801728995,2139.2705078125,4148655
2026-06-10,2139.568864676436,2168.907999188303,2133.1043096144995,2142.154541015625,2848650
2026-06-11,2115.4013888441136,2142.8509821277357,2098.494090484758,2123.95458984375,3079815
2026-06-12,2138.276030955957,2156.177876796519,2126.3414670622496,2149.61376953125,2124656
2026-06-15,2180.046856932239,2180.046856932239,2147.525221086398,2150.21044921875,3337083
2026-06-16,2155.183285992923,2196.954258771743,2148.818282502735,2187.0087890625,3079898
2026-06-17,2196.9542720106556,2218.8343055028395,2188.6994835403766,2210.8779296875,2865010
2026-06-18,2196.9542695909468,2201.927004470057,2170.101501243751,2191.285400390625,3735188
2026-06-19,2093.521413717831,2126.341464384191,2048.6672473500757,2113.412353515625,13286502
2026-06-22,2120.5729308842238,2145.237743488044,2109.434053749718,2116.197021484375,4566101
2026-06-23,2099.4885101234904,2102.4721508294924,2043.7938836114508,2048.368896484375,6392736
2026-06-24,2049.7612582514666,2109.1356624395376,2049.7612582514666,2097.49951171875,4747277
2026-06-25,2121.965363861958,2136.78401555451,2076.61392807904,2083.27734375,4738903
2026-06-26,2083.27734375,2083.27734375,2083.27734375,2083.27734375,0
2026-06-29,2078.6031371123327,2093.521341445675,2059.706744956766,2086.4599609375,3412470
2026-06-30,2078.60311543387,2092.8251853118586,2007.791421498655,2020.422119140625,6848411
2026-07-01,2028.776408877907,2040.8104030555382,1966.0205187179013,1971.788818359375,4658295
2026-07-02,1997.0503819057583,2065.5745732846704,1991.580373389582,2056.82275390625,6040621
2026-07-03,2088.5485393778363,2105.0581154318793,2073.6303355251375,2082.083984375,4028819
2026-07-06,2078.6031065753987,2081.5867473982344,2039.4180542258837,2046.3798828125,2567386
2026-07-07,2038.8212111731864,2111.124724588052,2037.8266642409067,2084.669921875,4769048
2026-07-08,2082.5813599967723,2098.1956989000228,2037.6278854106638,2046.2803955078125,3666985
2026-07-09,2046.280350211656,2053.7394523387943,2005.006651774823,2038.323974609375,3791498
2026-07-10,2093.7200783959847,2121.666943317309,2053.341620075063,2057.717529296875,6714551
2026-07-13,2063.684994131224,2192.8765503750355,2053.8390761022306,2169.604248046875,12382622
2026-07-14,2170.996422535663,2215.850586742918,2167.1177865856457,2188.60009765625,9546290
2026-07-15,2174.10009765625,2202.89990234375,2145.39990234375,2189.199951171875,5426489
2026-07-16,2206.0,2231.39990234375,2187.800048828125,2201.0,5197595
2026-07-17,2224.800048828125,2275.0,2215.10009765625,2269.0,5615138
2026-07-20,2280.10009765625,2283.39990234375,2245.10009765625,2251.10009765625,2202693
2026-07-21,2245.10009765625,2259.89990234375,2218.5,2221.10009765625,2382160
2026-07-22,2216.0,2226.800048828125,2201.0,2208.300048828125,1599665
2026-07-23,2204.0,2250.0,2193.60009765625,2242.89990234375,2503539
2026-07-24,2205.10009765625,2264.300048828125,2205.10009765625,2254.300048828125,3211699
2026-07-27,2286.0,2315.0,2272.39990234375,2295.60009765625,4007292
2026-07-28,2325.0,2417.39990234375,2323.0,2398.0,8248513
2026-07-29,2440.0,2475.5,2415.10009765625,2446.60009765625,7169419
2026-07-30,2440.0,2495.0,2423.0,2431.800048828125,4901582
2026-07-31,2385.0,2391.0,2326.10009765625,2365.60009765625,4343039
